TagID,Date,Time,X,Ydyn,Z,ODBA,VDBA,Pressure,Body Temp,Behavior,Posture,Description,Video
RT-ACT1,7/15/16,20:13:37,-0.203,-0.812,-0.875,-1.89,1.210858373,886.4,35.1,Moving,,Fast serpentine movement,No
RT-ACT1,7/15/16,20:13:38,-0.234,-0.969,-0.938,-2.141,1.368780844,886.4,35.1,Moving,,,
RT-ACT1,7/15/16,20:13:39,-0.359,-0.547,-0.047,-0.953,0.655971798,886.4,35.1,Moving,,,
RT-ACT1,7/15/16,20:13:40,-0.406,-0.344,0.031,-0.719,0.533041274,886.1,35.1,Moving,,,
RT-ACT1,7/15/16,20:13:41,-0.453,-0.234,-0.219,-0.906,0.554910804,886.1,35.1,Moving,,,
RT-ACT1,7/15/16,20:13:42,-0.453,-0.188,-0.156,-0.797,0.514673683,886.1,35.1,Moving,,,
RT-ACT1,7/15/16,20:13:43,-0.438,-0.188,-0.094,-0.72,0.485823013,886.1,35.1,Moving,,,
RT-ACT1,7/15/16,20:13:44,-0.453,-0.109,-0.156,-0.718,0.491351198,886.1,35.1,Moving,,,
RT-ACT1,7/15/16,20:13:45,-0.5,-0.203,-0.234,-0.937,0.588187895,886.1,35.1,Moving,,,
RT-ACT1,7/15/16,20:13:46,-0.625,-0.266,-0.172,-1.063,0.700688947,886.1,35.1,Moving,,,
RT-ACT1,7/15/16,20:13:47,-0.625,-0.25,0.047,-0.828,0.67478441,886.1,35.1,Moving,,,
RT-ACT1,7/15/16,20:13:48,-0.641,-0.297,-0.094,-1.032,0.712689273,886.1,35.1,Moving,,,
RT-ACT1,7/15/16,20:13:49,-1.062,0.016,0.328,-0.718,1.111613242,886.1,35.1,Moving,,,
RT-ACT1,7/15/16,20:13:50,-0.609,-0.047,0.062,-0.594,0.613949509,886.2,35.1,Moving,,,
RT-ACT1,7/15/16,20:13:51,-0.312,0.234,0.141,0.063,0.41470592,886.2,35.1,Moving,,,
RT-ACT1,7/15/16,20:13:52,-0.281,0.094,0.328,0.141,0.44201923,886.2,35.1,Moving,,,
RT-ACT1,7/15/16,20:13:53,-0.156,0.031,0.094,-0.031,0.184751184,886.2,35.1,Moving,,,
RT-ACT1,7/15/16,20:13:54,-0.141,0,0.281,0.14,0.314391476,886.2,35.1,Moving,,,
RT-ACT1,7/15/16,20:13:55,-0.141,-0.031,0.328,0.156,0.358365735,886.2,35.1,Moving,,,
RT-ACT1,7/15/16,20:13:56,-0.188,-0.062,0.391,0.141,0.438256774,886.2,35.1,Moving,,,
RT-ACT1,7/15/16,20:13:57,-0.203,-0.062,0.219,-0.046,0.304981967,886.2,35.1,Moving,,,
RT-ACT1,7/15/16,20:13:58,-0.281,-0.078,0.297,-0.062,0.416237913,886.2,35.1,Moving,,,
RT-ACT1,7/15/16,20:13:59,-0.359,-0.125,0.391,-0.093,0.545332009,886.2,35.1,Moving,,,
RT-ACT1,7/15/16,20:14:00,-0.219,-0.078,0.422,0.125,0.481797675,886.1,35.1,Moving,,,
RT-ACT1,7/15/16,20:14:01,-0.391,-0.109,0.25,-0.25,0.476720044,886.1,35.1,Moving,,,
RT-ACT1,7/15/16,20:14:02,-0.297,-0.109,0.484,0.078,0.578226599,886.1,35.1,Moving,,,
RT-ACT1,7/15/16,20:14:03,-0.297,-0.125,0.422,0,0.530959509,886.1,35.1,Moving,,,
RT-ACT1,7/15/16,20:14:04,-0.297,-0.125,0.453,0.031,0.555916361,886.1,35.1,Moving,,,
RT-ACT1,7/15/16,20:14:05,-0.266,-0.125,0.406,0.015,0.501215523,886.1,35.1,Moving,,,
RT-ACT1,7/15/16,20:14:06,-0.188,-0.109,0.438,0.141,0.488946827,886.1,35.1,Moving,,,
RT-ACT1,7/15/16,20:14:07,-0.141,-0.094,0.391,0.156,0.426143168,886.1,35.1,Moving,,,
RT-ACT1,7/15/16,20:14:08,-0.094,-0.078,0.391,0.219,0.409635204,886.1,35.1,Moving,,,
RT-ACT1,7/15/16,20:14:09,-0.062,-0.062,0.359,0.235,0.369552432,886.1,35.1,Moving,,,
RT-ACT1,7/15/16,20:14:10,-0.031,-0.062,0.344,0.251,0.35091452,886.2,35.1,Moving,,,
RT-ACT1,7/15/16,20:14:11,-0.031,-0.047,0.344,0.266,0.348577108,886.2,35.1,Moving,,,
RT-ACT1,7/15/16,20:14:12,-0.016,-0.047,0.344,0.281,0.347564383,886.2,35.1,Moving,,,
RT-ACT1,7/15/16,20:14:13,0,-0.047,0.375,0.328,0.377933857,886.2,35.1,Moving,,,
RT-ACT1,7/15/16,20:14:14,0.016,-0.047,0.312,0.281,0.315925624,886.2,35.1,Moving,,,
RT-ACT1,7/15/16,20:14:15,-0.062,-0.016,0.203,0.125,0.212859108,886.2,35.1,Moving,,,
RT-ACT1,7/15/16,20:14:16,-0.109,-0.031,0.219,0.079,0.246582643,886.2,35.1,Moving,,,
RT-ACT1,7/15/16,20:14:17,-0.141,-0.016,0.219,0.062,0.260955935,886.2,35.1,Moving,,,
RT-ACT1,7/15/16,20:14:18,-0.234,-0.047,0.203,-0.078,0.313327305,886.2,35.1,Moving,,,
RT-ACT1,7/15/16,20:14:19,-0.281,-0.062,0.266,-0.077,0.3918686,886.2,35.1,Moving,,,
RT-ACT1,7/15/16,20:14:20,-0.312,-0.078,0.297,-0.093,0.437763635,886.4,35.1,Moving,,,
RT-ACT1,7/15/16,20:14:21,-0.344,-0.094,0.297,-0.141,0.464091586,886.4,35.1,Moving,,,
RT-ACT1,7/15/16,20:14:22,-0.359,-0.094,0.297,-0.156,0.475316737,886.4,35.1,Moving,,,
RT-ACT1,7/15/16,20:14:23,-0.375,-0.109,0.297,-0.187,0.49062715,886.4,35.1,Moving,,,
RT-ACT1,7/15/16,20:14:24,-0.391,-0.109,0.328,-0.172,0.521867799,886.4,35.1,Moving,,,
RT-ACT1,7/15/16,20:15:54,-0.297,-0.078,0.281,-0.094,0.416237913,885.2,35,Moving,,3,No
RT-ACT1,7/15/16,20:15:55,-0.266,-0.062,0.328,0,0.426830177,885.2,35,Moving,,,
RT-ACT1,7/15/16,20:15:56,-0.297,-0.094,0.359,-0.032,0.475316737,885.2,35,Moving,,,
RT-ACT1,7/15/16,20:15:57,-0.375,-0.109,0.25,-0.234,0.463687395,885.2,35,Moving,,,
RT-ACT1,7/15/16,20:15:58,-0.359,-0.094,0.188,-0.265,0.41600601,885.2,35,Moving,,,
RT-ACT1,7/15/16,20:15:59,-0.297,-0.047,0.172,-0.172,0.346413048,885.2,35,Moving,,,
RT-ACT1,7/15/16,20:16:00,-0.203,-0.062,0.344,0.079,0.404214052,885.2,34.9,Moving,,,
RT-ACT1,7/15/16,20:16:01,-0.172,-0.078,0.359,0.109,0.405646398,885.2,34.9,Moving,,,
RT-ACT1,7/15/16,20:16:02,-0.219,-0.062,0.328,0.047,0.399235519,885.2,34.9,Moving,,,
RT-ACT1,7/15/16,20:16:03,-0.266,-0.078,0.25,-0.094,0.373282735,885.2,34.9,Moving,,,
RT-ACT1,7/15/16,20:16:04,-0.297,-0.078,0.219,-0.156,0.377165746,885.2,34.9,Moving,,,
RT-ACT1,7/15/16,20:16:05,-0.281,-0.047,0.203,-0.125,0.3498271,885.2,34.9,Moving,,,
RT-ACT1,7/15/16,20:16:06,-0.219,-0.031,0.125,-0.125,0.254061016,885.2,34.9,Moving,,,
RT-ACT1,7/15/16,20:16:07,-0.188,-0.031,0.125,-0.094,0.227881548,885.2,34.9,Moving,,,
RT-ACT1,7/15/16,20:16:08,-0.141,-0.031,0.156,-0.016,0.21255117,885.2,34.9,Moving,,,
RT-ACT1,7/15/16,20:16:09,-0.203,-0.031,0.094,-0.14,0.22584508,885.2,34.9,Moving,,,
RT-ACT1,7/15/16,20:16:10,-0.297,-0.078,0.172,-0.203,0.351961646,885.1,34.9,Moving,,,
RT-ACT1,7/15/16,20:16:11,-0.375,-0.109,0.266,-0.218,0.472506085,885.1,34.9,Moving,,,
RT-ACT1,7/15/16,20:16:12,-0.438,-0.141,0.266,-0.313,0.531489417,885.1,34.9,Moving,,,
RT-ACT1,7/15/16,20:16:13,-0.453,-0.141,0.25,-0.344,0.536274184,885.1,34.9,Moving,,,
RT-ACT1,7/15/16,20:16:14,-0.438,-0.125,0.188,-0.375,0.492760591,885.1,34.9,Moving,,,
RT-ACT1,7/15/16,20:16:15,-0.359,-0.094,0.25,-0.203,0.447456143,885.1,34.9,Moving,,,
RT-ACT1,7/15/16,20:16:16,-0.297,-0.094,0.297,-0.094,0.430411431,885.1,34.9,Moving,,,
RT-ACT1,7/15/16,20:16:17,-0.25,-0.078,0.25,-0.078,0.362055244,885.1,34.9,Moving,,,
RT-ACT1,7/15/16,20:16:18,-0.281,-0.078,0.234,-0.125,0.373899719,885.1,34.9,Moving,,,
RT-ACT1,7/15/16,20:16:19,-0.312,-0.078,0.266,-0.124,0.417353567,885.1,34.9,Moving,,,
RT-ACT1,7/15/16,20:16:20,-0.234,-0.062,0.25,-0.046,0.347994253,885.6,34.9,Moving,,,
RT-ACT1,7/15/16,20:16:21,-0.109,-0.047,0.25,0.094,0.276748984,885.6,34.9,Moving,,,
RT-ACT1,7/15/16,20:16:22,-0.078,-0.031,0.094,-0.015,0.12601984,885.6,34.9,Moving,,,
RT-ACT1,7/15/16,20:16:23,-0.141,-0.031,0.203,0.031,0.249100381,885.6,34.9,Moving,,,
RT-ACT1,7/15/16,20:16:24,-0.188,-0.031,0.172,-0.047,0.256688527,885.6,34.9,Moving,,,
RT-ACT1,7/15/16,20:16:25,-0.25,-0.031,0.125,-0.156,0.281222332,885.6,34.9,Moving,,,
RT-ACT1,7/15/16,20:16:26,-0.188,-0.031,0.156,-0.063,0.246253934,885.6,34.9,Moving,,,
RT-ACT1,7/15/16,20:16:27,-0.125,-0.047,0.344,0.172,0.369012195,885.6,34.9,Moving,,,
RT-ACT1,7/15/16,20:16:28,-0.062,-0.047,0.406,0.297,0.413387228,885.6,34.9,Moving,,,
RT-ACT1,7/15/16,20:16:29,-0.016,-0.062,0.406,0.328,0.411018248,885.6,34.9,Moving,,,
RT-ACT1,7/15/16,20:16:30,-0.031,-0.047,0.297,0.219,0.302289596,885.1,34.9,Moving,,,
RT-ACT1,7/15/16,20:16:31,-0.125,-0.047,0.25,0.078,0.283432532,885.1,34.9,Moving,,,
RT-ACT1,7/15/16,20:16:32,-0.203,-0.062,0.297,0.032,0.365050681,885.1,34.9,Moving,,,
RT-ACT1,7/15/16,20:16:33,-0.234,-0.062,0.25,-0.046,0.347994253,885.1,34.9,Moving,,,
RT-ACT1,7/15/16,20:16:34,-0.219,-0.047,0.281,0.015,0.359348021,885.1,34.9,Moving,,,
RT-ACT1,7/15/16,20:16:35,-0.203,-0.031,0.234,0,0.311329408,885.1,34.9,Moving,,,
RT-ACT1,7/15/16,20:16:36,-0.266,-0.062,0.266,-0.062,0.38125582,885.1,34.9,Moving,,,
RT-ACT1,7/15/16,20:16:37,-0.312,-0.062,0.266,-0.108,0.414661308,885.1,34.9,Moving,,,
RT-ACT1,7/15/16,20:16:38,-0.266,-0.062,0.234,-0.094,0.359660951,885.1,34.9,Moving,,,
RT-ACT1,7/15/16,20:16:39,-0.203,-0.047,0.25,0,0.325450457,885.1,34.9,Moving,,,
RT-ACT1,7/15/16,20:16:40,-0.219,-0.047,0.281,0.015,0.359348021,884.8,34.9,Moving,,,
RT-ACT1,7/15/16,20:16:41,-0.234,-0.062,0.297,0.001,0.383156626,884.8,34.9,Moving,,,
RT-ACT1,7/15/16,20:16:42,-0.281,-0.078,0.266,-0.093,0.394716354,884.8,34.9,Moving,,,
RT-ACT1,7/15/16,20:16:43,-0.266,-0.062,0.281,-0.047,0.3918686,884.8,34.9,Moving,,,
RT-ACT1,7/15/16,20:16:44,-0.312,-0.078,0.312,-0.078,0.448075886,884.8,34.9,Moving,,,
RT-ACT1,7/15/16,20:16:45,-0.328,-0.109,0.375,-0.062,0.509990196,884.8,34.9,Moving,,,
RT-ACT1,7/15/16,20:16:46,-0.188,-0.109,0.406,0.109,0.460500814,884.8,34.9,Moving,,,
RT-ACT1,7/15/16,20:16:47,-0.109,-0.109,0.453,0.235,0.478509143,884.8,34.9,Moving,,,
RT-ACT1,7/15/16,20:16:48,-0.125,-0.094,0.438,0.219,0.465086014,884.8,34.9,Moving,,,
RT-ACT1,7/15/16,20:16:49,-0.109,-0.094,0.422,0.219,0.445871058,884.8,34.9,Moving,,,
RT-ACT1,7/15/16,20:16:50,-0.016,-0.094,0.406,0.296,0.41704676,884.9,34.8,Moving,,,
RT-ACT1,7/15/16,20:16:51,0.078,-0.078,0.297,0.297,0.316823295,884.9,34.8,Moving,,,
RT-ACT1,7/15/16,20:16:52,0.062,-0.078,0.469,0.453,0.479467413,884.9,34.8,Moving,,,
RT-ACT1,7/15/16,20:16:53,-0.016,-0.078,0.391,0.297,0.399025062,884.9,34.8,Moving,,,
RT-ACT1,7/15/16,20:16:54,0,-0.062,0.219,0.157,0.227607118,884.9,34.8,Moving,,,
RT-ACT1,7/15/16,20:16:55,0.016,-0.047,0.234,0.203,0.239209114,884.9,34.8,Moving,,,
RT-ACT1,7/15/16,20:16:56,-0.109,-0.031,0.188,0.048,0.219513098,884.9,34.8,Moving,,,
RT-ACT1,7/15/16,20:16:57,-0.172,-0.047,0.266,0.047,0.320232728,884.9,34.8,Moving,,,
RT-ACT1,7/15/16,20:16:58,-0.188,-0.062,0.312,0.062,0.369502368,884.9,34.8,Moving,,,
RT-ACT1,7/15/16,20:16:59,-0.25,-0.078,0.297,-0.031,0.395970959,884.9,34.8,Moving,,,
RT-ACT1,7/15/16,20:17:00,-0.359,-0.109,0.25,-0.218,0.450845872,884.9,34.8,Moving,,,
RT-ACT1,7/15/16,20:17:01,-0.234,-0.078,0.25,-0.062,0.35119795,884.9,34.8,Moving,,,
RT-ACT1,7/15/16,20:17:02,-0.078,-0.062,0.312,0.172,0.327524045,884.9,34.8,Moving,,,
RT-ACT1,7/15/16,20:17:03,-0.031,-0.047,0.344,0.266,0.348577108,884.9,34.8,Moving,,,
RT-ACT1,7/15/16,20:17:04,-0.125,-0.062,0.359,0.172,0.385162303,884.9,34.8,Moving,,,
RT-ACT1,7/15/16,20:17:05,-0.188,-0.047,0.234,-0.001,0.303823962,884.9,34.8,Moving,,,
RT-ACT1,7/15/16,20:17:06,-0.172,-0.047,0.312,0.093,0.359356369,884.9,34.8,Moving,,,
RT-ACT1,7/15/16,20:17:07,-0.109,-0.047,0.25,0.094,0.276748984,884.9,34.8,Moving,,,
RT-ACT1,7/15/16,20:17:08,-0.172,-0.047,0.25,0.031,0.307071653,884.9,34.8,Moving,,,
RT-ACT1,7/15/16,20:17:09,-0.234,-0.062,0.219,-0.077,0.326436824,884.9,34.8,Moving,,,
RT-ACT1,7/15/16,20:17:10,-0.203,-0.047,0.266,0.016,0.337896434,885,34.8,Moving,,,
RT-ACT1,7/15/16,20:17:11,-0.094,-0.031,0.219,0.094,0.240328941,885,34.8,Moving,,,
RT-ACT1,7/15/16,20:17:12,-0.109,-0.016,0.219,0.094,0.245148934,885,34.8,Moving,,,
RT-ACT1,7/15/16,20:17:13,-0.203,-0.031,0.234,0,0.311329408,885,34.8,Moving,,,
RT-ACT1,7/15/16,20:17:14,-0.219,-0.031,0.156,-0.094,0.270662151,885,34.8,Moving,,,
RT-ACT1,7/15/16,20:17:15,-0.172,-0.031,0.188,-0.015,0.256688527,885,34.8,Moving,,,
RT-ACT1,7/15/16,20:17:16,-0.172,-0.031,0.281,0.078,0.330916908,885,34.8,Moving,,,
RT-ACT1,7/15/16,20:17:17,-0.203,-0.031,0.25,0.016,0.323527433,885,34.8,Moving,,,
RT-ACT1,7/15/16,20:17:18,-0.203,-0.016,0.281,0.062,0.347024495,885,34.8,Moving,,,
RT-ACT1,7/15/16,20:17:19,-0.219,-0.047,0.281,0.015,0.359348021,885,34.8,Moving,,,
RT-ACT1,7/15/16,20:17:20,-0.25,-0.062,0.281,-0.031,0.38118893,884.5,34.8,Moving,,,
RT-ACT1,7/15/16,20:17:21,-0.219,-0.062,0.297,0.016,0.374184446,884.5,34.8,Moving,,,
RT-ACT1,7/15/16,20:17:22,-0.141,-0.047,0.266,0.078,0.304706416,884.5,34.8,Moving,,,
RT-ACT1,7/15/16,20:17:23,-0.125,-0.047,0.297,0.125,0.325642442,884.5,34.8,Moving,,,
RT-ACT1,7/15/16,20:17:24,-0.188,-0.047,0.328,0.093,0.380968503,884.5,34.8,Moving,,,
RT-ACT1,7/15/16,20:17:25,-0.266,-0.062,0.281,-0.047,0.3918686,884.5,34.8,Moving,,,
RT-ACT1,7/15/16,20:17:26,-0.219,-0.062,0.359,0.078,0.425071759,884.5,34.8,Moving,,,
RT-ACT1,7/15/16,20:17:27,-0.219,-0.078,0.359,0.062,0.427698492,884.5,34.8,Moving,,,
RT-ACT1,7/15/16,20:17:28,-0.203,-0.062,0.297,0.032,0.365050681,884.5,34.8,Moving,,,
RT-ACT1,7/15/16,20:17:29,-0.188,-0.062,0.266,0.016,0.331578045,884.5,34.8,Moving,,,
RT-ACT1,7/15/16,20:17:30,-0.188,-0.047,0.297,0.062,0.354629384,884.5,34.8,Moving,,,
RT-ACT1,7/15/16,20:17:31,-0.219,-0.062,0.359,0.078,0.425071759,884.5,34.8,Moving,,,
RT-ACT1,7/15/16,20:17:32,-0.203,-0.062,0.312,0.047,0.37735527,884.5,34.8,Moving,,,
RT-ACT1,7/15/16,20:17:33,-0.172,-0.062,0.328,0.094,0.375515645,884.5,34.8,Moving,,,
RT-ACT1,7/15/16,20:17:34,-0.172,-0.062,0.344,0.11,0.389568993,884.5,34.8,Moving,,,
RT-ACT1,7/15/16,20:17:35,-0.188,-0.094,0.328,0.046,0.389568993,884.5,34.8,Moving,,,
RT-ACT1,7/15/16,20:17:36,-0.172,-0.078,0.344,0.094,0.392433434,884.5,34.8,Moving,,,
RT-ACT1,7/15/16,20:17:37,-0.234,-0.078,0.328,0.016,0.410394932,884.5,34.8,Moving,,,
RT-ACT1,7/15/16,20:17:38,-0.25,-0.078,0.281,-0.047,0.384115868,884.5,34.8,Moving,,,
RT-ACT1,7/15/16,20:17:39,-0.203,-0.062,0.234,-0.031,0.315925624,884.5,34.8,Moving,,,
RT-ACT1,7/15/16,20:17:40,-0.219,-0.062,0.172,-0.109,0.285287574,884,34.8,Moving,,,
RT-ACT1,7/15/16,20:17:41,-0.219,-0.047,0.156,-0.11,0.272957872,884,34.8,Moving,,,
RT-ACT1,7/15/16,20:17:42,-0.125,-0.031,0.203,0.047,0.240405907,884,34.8,Moving,,,
RT-ACT1,7/15/16,20:17:43,-0.125,-0.031,0.125,-0.031,0.179474232,884,34.8,Moving,,,
RT-ACT1,7/15/16,20:17:44,-0.094,-0.047,0.297,0.156,0.315046028,884,34.8,Moving,,,
RT-ACT1,7/15/16,20:17:45,-0.078,-0.047,0.344,0.219,0.355849687,884,34.8,Moving,,,
RT-ACT1,7/15/16,20:17:46,-0.109,-0.031,0.219,0.079,0.246582643,884,34.8,Moving,,,
RT-ACT1,7/15/16,20:17:47,-0.156,-0.047,0.266,0.063,0.311931082,884,34.8,Moving,,,
RT-ACT1,7/15/16,20:17:48,-0.203,-0.047,0.266,0.016,0.337896434,884,34.8,Moving,,,
RT-ACT1,7/15/16,20:17:49,-0.219,-0.062,0.266,-0.015,0.350087132,884,34.8,Moving,,,
RT-ACT1,7/15/16,20:17:50,-0.219,-0.062,0.266,-0.015,0.350087132,884.9,34.7,Moving,,,
RT-ACT1,7/15/16,20:17:51,-0.281,-0.094,0.375,0,0.477935142,884.9,34.7,Moving,,,
RT-ACT1,7/15/16,20:17:52,-0.406,-0.125,0.234,-0.297,0.484991753,884.9,34.7,Moving,,,
RT-ACT1,7/15/16,20:17:53,-0.453,-0.141,0.219,-0.375,0.522542821,884.9,34.7,Moving,,,
RT-ACT1,7/15/16,20:17:54,-0.344,-0.109,0.312,-0.141,0.477033542,884.9,34.7,Moving,,,
RT-ACT1,7/15/16,20:17:55,-0.109,-0.109,0.328,0.11,0.362416887,884.9,34.7,Moving,,,
RT-ACT1,7/15/16,20:17:56,0.016,-0.078,0.391,0.329,0.399025062,884.9,34.7,Moving,,,
RT-ACT1,7/15/16,20:17:57,-0.109,-0.078,0.344,0.157,0.369189653,884.9,34.7,Moving,,,
RT-ACT1,7/15/16,20:17:58,-0.156,-0.109,0.406,0.141,0.44838934,884.9,34.7,Moving,,,
RT-ACT1,7/15/16,20:17:59,-0.109,-0.062,0.281,0.11,0.307710903,884.9,34.7,Moving,,,
RT-ACT1,7/15/16,20:18:00,-0.078,-0.031,0.234,0.125,0.248598069,884.2,34.7,Moving,,,
RT-ACT1,7/15/16,20:18:01,-0.094,-0.016,0.234,0.124,0.252681618,884.2,34.7,Moving,,,
RT-ACT1,7/15/16,20:18:02,-0.125,-0.047,0.219,0.047,0.256505361,884.2,34.7,Moving,,,
RT-ACT1,7/15/16,20:18:03,-0.141,-0.047,0.281,0.093,0.317885199,884.2,34.7,Moving,,,
RT-ACT1,7/15/16,20:18:04,-0.141,-0.062,0.297,0.094,0.33456539,884.2,34.7,Moving,,,
RT-ACT1,7/15/16,20:18:05,-0.234,-0.062,0.297,0.001,0.383156626,884.2,34.7,Moving,,,
RT-ACT1,7/15/16,20:18:06,-0.25,-0.094,0.312,-0.032,0.410706708,884.2,34.7,Moving,,,
RT-ACT1,7/15/16,20:18:07,-0.188,-0.078,0.281,0.015,0.34697118,884.2,34.7,Moving,,,
RT-ACT1,7/15/16,20:18:08,-0.141,-0.047,0.156,-0.032,0.215466935,884.2,34.7,Moving,,,
RT-ACT1,7/15/16,20:18:09,-0.125,-0.031,0.234,0.078,0.267099232,884.2,34.7,Moving,,,
RT-ACT1,7/15/16,20:18:10,-0.156,-0.031,0.172,-0.015,0.234266942,884.7,34.7,Moving,,,
RT-ACT1,7/15/16,20:18:11,-0.188,-0.031,0.25,0.031,0.314332626,884.7,34.7,Moving,,,
RT-ACT1,7/15/16,20:18:12,-0.172,-0.062,0.344,0.11,0.389568993,884.7,34.7,Moving,,,
RT-ACT1,7/15/16,20:18:13,-0.156,-0.062,0.281,0.063,0.327323999,884.7,34.7,Moving,,,
RT-ACT1,7/15/16,20:18:14,-0.125,-0.062,0.328,0.141,0.356444947,884.7,34.7,Moving,,,
RT-ACT1,7/15/16,20:18:15,-0.125,-0.047,0.344,0.172,0.369012195,884.7,34.7,Moving,,,
RT-ACT1,7/15/16,20:18:16,-0.125,-0.047,0.297,0.125,0.325642442,884.7,34.7,Moving,,,
RT-ACT1,7/15/16,20:18:17,-0.156,-0.047,0.297,0.094,0.338753598,884.7,34.7,Moving,,,
RT-ACT1,7/15/16,20:18:18,-0.172,-0.062,0.281,0.047,0.335244687,884.7,34.7,Moving,,,
RT-ACT1,7/15/16,20:18:19,-0.203,-0.047,0.281,0.031,0.3498271,884.7,34.7,Moving,,,
RT-ACT1,7/15/16,20:18:20,-0.25,-0.047,0.234,-0.063,0.345637093,884.3,34.7,Moving,,,
RT-ACT1,7/15/16,20:18:21,-0.234,-0.062,0.203,-0.093,0.315925624,884.3,34.7,Moving,,,
RT-ACT1,7/15/16,20:18:22,-0.203,-0.047,0.188,-0.062,0.280645684,884.3,34.7,Moving,,,
RT-ACT1,7/15/16,20:18:23,-0.188,-0.031,0.203,-0.016,0.278413362,884.3,34.7,Moving,,,
RT-ACT1,7/15/16,20:18:24,-0.172,-0.031,0.25,0.047,0.305032785,884.3,34.7,Moving,,,
RT-ACT1,7/15/16,20:18:25,-0.141,-0.016,0.203,0.046,0.247681247,884.3,34.7,Moving,,,
RT-ACT1,7/15/16,20:18:26,-0.125,-0.031,0.156,0,0.202291868,884.3,34.7,Moving,,,
RT-ACT1,7/15/16,20:18:27,-0.141,-0.031,0.094,-0.078,0.172273039,884.3,34.7,Moving,,,
RT-ACT1,7/15/16,20:18:28,-0.156,-0.016,0.109,-0.063,0.190979056,884.3,34.7,Moving,,,
RT-ACT1,7/15/16,20:18:29,-0.172,-0.031,0.188,-0.015,0.256688527,884.3,34.7,Moving,,,
RT-ACT1,7/15/16,20:18:30,-0.172,-0.031,0.156,-0.047,0.234266942,884.4,34.7,Moving,,,
RT-ACT1,7/15/16,20:18:31,-0.219,-0.031,0.156,-0.094,0.270662151,884.4,34.7,Moving,,,
RT-ACT1,7/15/16,20:18:32,-0.297,-0.062,0.094,-0.265,0.317630288,884.4,34.7,Moving,,,
RT-ACT1,7/15/16,20:18:33,-0.391,-0.078,0.125,-0.344,0.417839682,884.4,34.7,Moving,,,
RT-ACT1,7/15/16,20:18:34,-0.453,-0.109,0.078,-0.484,0.472412955,884.4,34.7,Moving,,,
RT-ACT1,7/15/16,20:18:35,-0.469,-0.109,0.094,-0.484,0.490589441,884.4,34.7,Moving,,,
RT-ACT1,7/15/16,20:18:36,-0.484,-0.109,0.094,-0.499,0.504948512,884.4,34.7,Moving,,,
RT-ACT1,7/15/16,20:18:37,-0.469,-0.094,0.047,-0.516,0.480630835,884.4,34.7,Moving,,,
RT-ACT1,7/15/16,20:18:38,-0.469,-0.094,0.078,-0.485,0.484645231,884.4,34.7,Moving,,,
RT-ACT1,7/15/16,20:18:39,-0.516,-0.125,0.125,-0.516,0.545441106,884.4,34.7,Moving,,,
RT-ACT1,7/15/16,20:18:40,-0.594,-0.203,0.203,-0.594,0.659737827,885,34.7,Moving,,,
RT-ACT1,7/15/16,20:18:41,-0.641,-0.266,0.281,-0.626,0.748730926,885,34.7,Moving,,,
RT-ACT1,7/15/16,20:18:42,-0.578,-0.266,0.406,-0.438,0.754768839,885,34.7,Moving,,,
RT-ACT1,7/15/16,20:18:43,-0.438,-0.219,0.469,-0.188,0.678060469,885,34.7,Moving,,,
RT-ACT1,7/15/16,20:18:44,-0.234,-0.188,0.531,0.109,0.609968032,885,34.7,Moving,,,
RT-ACT1,7/15/16,20:18:45,-0.109,-0.188,0.531,0.234,0.573747331,885,34.7,Moving,,,
RT-ACT1,7/15/16,20:18:46,-0.109,-0.188,0.578,0.281,0.617502227,885,34.7,Moving,,,
RT-ACT1,7/15/16,20:18:47,-0.047,-0.141,0.453,0.265,0.476758849,885,34.7,Moving,,,
RT-ACT1,7/15/16,20:18:48,0.078,-0.141,0.469,0.406,0.495909266,885,34.7,Moving,,,
RT-ACT1,7/15/16,20:18:49,0.172,-0.141,0.469,0.5,0.519062617,885,34.7,Moving,,,
RT-ACT1,7/15/16,20:18:50,0.234,-0.094,0.281,0.421,0.377561915,884.2,34.7,Moving,,,
RT-ACT1,7/15/16,20:18:51,0.234,-0.078,0.266,0.422,0.36276163,884.2,34.7,Moving,,,
RT-ACT1,7/15/16,20:18:52,0.109,-0.047,0.109,0.171,0.161155205,884.2,34.7,Moving,,,
RT-ACT1,7/15/16,20:18:53,-0.062,-0.047,0.203,0.094,0.217398252,884.2,34.7,Moving,,,
RT-ACT1,7/15/16,20:18:54,-0.188,-0.047,0.203,-0.032,0.280645684,884.2,34.7,Moving,,,
RT-ACT1,7/15/16,20:18:55,-0.25,-0.062,0.203,-0.109,0.32795274,884.2,34.7,Moving,,,
RT-ACT1,7/15/16,20:18:56,-0.25,-0.031,0.188,-0.093,0.314332626,884.2,34.7,Moving,,,
RT-ACT1,7/15/16,20:18:57,-0.203,-0.031,0.172,-0.062,0.267869371,884.2,34.7,Moving,,,
RT-ACT1,7/15/16,20:18:58,-0.125,-0.031,0.234,0.078,0.267099232,884.2,34.7,Moving,,,
RT-ACT1,7/15/16,20:18:59,-0.062,-0.031,0.234,0.141,0.244051224,884.2,34.7,Moving,,,
RT-ACT1,7/15/16,20:19:00,-0.078,-0.031,0.219,0.11,0.23453358,883.7,34.7,Moving,,,
RT-ACT1,7/15/16,20:19:01,-0.094,-0.031,0.297,0.172,0.3130591,883.7,34.7,Moving,,,
RT-ACT1,7/15/16,20:19:02,-0.094,-0.031,0.266,0.141,0.283818604,883.7,34.7,Moving,,,
RT-ACT1,7/15/16,20:19:03,-0.078,-0.031,0.266,0.157,0.278928306,883.7,34.7,Moving,,,
RT-ACT1,7/15/16,20:19:04,-0.125,-0.031,0.281,0.125,0.309106778,883.7,34.7,Moving,,,
RT-ACT1,7/15/16,20:19:05,-0.172,-0.047,0.312,0.093,0.359356369,883.7,34.7,Moving,,,
RT-ACT1,7/15/16,20:19:06,-0.219,-0.062,0.328,0.047,0.399235519,883.7,34.7,Moving,,,
RT-ACT1,7/15/16,20:19:07,-0.25,-0.078,0.344,0.016,0.432342457,883.7,34.7,Moving,,,
RT-ACT1,7/15/16,20:19:08,-0.234,-0.078,0.281,-0.031,0.373899719,883.7,34.7,Moving,,,
RT-ACT1,7/15/16,20:19:09,-0.234,-0.062,0.266,-0.03,0.359660951,883.7,34.7,Moving,,,
RT-ACT1,7/15/16,20:19:10,-0.25,-0.078,0.281,-0.047,0.384115868,884.6,34.6,Moving,,,
RT-ACT1,7/15/16,20:19:11,-0.344,-0.109,0.312,-0.141,0.477033542,884.6,34.6,Moving,,,
RT-ACT1,7/15/16,20:19:12,-0.375,-0.125,0.297,-0.203,0.494427952,884.6,34.6,Moving,,,
RT-ACT1,7/15/16,20:19:13,-0.297,-0.109,0.406,0,0.514709627,884.6,34.6,Moving,,,
RT-ACT1,7/15/16,20:19:14,-0.25,-0.141,0.5,0.109,0.576524934,884.6,34.6,Moving,,,
RT-ACT1,7/15/16,20:19:15,-0.203,-0.141,0.5,0.156,0.557754426,884.6,34.6,Moving,,,
RT-ACT1,7/15/16,20:19:16,-0.141,-0.125,0.406,0.14,0.4475958,884.6,34.6,Moving,,,
RT-ACT1,7/15/16,20:19:17,-0.109,-0.078,0.281,0.094,0.311329408,884.6,34.6,Moving,,,
RT-ACT1,7/15/16,20:19:18,-0.125,-0.062,0.281,0.094,0.313735557,884.6,34.6,Moving,,,
RT-ACT1,7/15/16,20:19:19,-0.141,-0.062,0.297,0.094,0.33456539,884.6,34.6,Moving,,,
RT-ACT1,7/15/16,20:19:20,-0.125,-0.031,0.281,0.125,0.309106778,884.4,34.6,Moving,,,
RT-ACT1,7/15/16,20:19:21,-0.125,-0.016,0.109,-0.032,0.166619327,884.4,34.6,Moving,,,
RT-ACT1,7/15/16,20:19:22,-0.188,-0.016,0.109,-0.095,0.217901354,884.4,34.6,Moving,,,
RT-ACT1,7/15/16,20:19:23,-0.312,-0.047,0.062,-0.297,0.321554039,884.4,34.6,Moving,,,
RT-ACT1,7/15/16,20:19:24,-0.406,-0.078,0.031,-0.453,0.414585335,884.4,34.6,Moving,,,
RT-ACT1,7/15/16,20:19:25,-0.328,-0.047,0.047,-0.328,0.334666999,884.4,34.6,Moving,,,
RT-ACT1,7/15/16,20:19:26,-0.156,-0.031,0.141,-0.046,0.21255117,884.4,34.6,Moving,,,
RT-ACT1,7/15/16,20:19:27,0,-0.047,0.234,0.187,0.238673417,884.4,34.6,Moving,,,
RT-ACT1,7/15/16,20:19:28,0.047,-0.047,0.328,0.328,0.334666999,884.4,34.6,Moving,,,
RT-ACT1,7/15/16,20:19:29,0.016,-0.062,0.391,0.345,0.396208279,884.4,34.6,Moving,,,
RT-ACT1,7/15/16,20:19:30,0.016,-0.031,0.25,0.235,0.252422265,884.2,34.6,Moving,,,
RT-ACT1,7/15/16,20:19:31,0,-0.062,0.438,0.376,0.442366364,884.2,34.6,Moving,,,
RT-ACT1,7/15/16,20:19:32,-0.031,-0.078,0.438,0.329,0.44596973,884.2,34.6,Moving,,,
RT-ACT1,7/15/16,20:19:33,-0.094,-0.078,0.422,0.25,0.439322205,884.2,34.6,Moving,,,
RT-ACT1,7/15/16,20:19:34,-0.172,-0.094,0.359,0.093,0.409024449,884.2,34.6,Moving,,,
RT-ACT1,7/15/16,20:19:35,-0.156,-0.078,0.359,0.125,0.399125294,884.2,34.6,Moving,,,
RT-ACT1,7/15/16,20:19:36,-0.141,-0.062,0.297,0.094,0.33456539,884.2,34.6,Moving,,,
RT-ACT1,7/15/16,20:19:37,-0.156,-0.062,0.359,0.141,0.396309223,884.2,34.6,Moving,,,
RT-ACT1,7/15/16,20:19:38,-0.266,-0.078,0.266,-0.078,0.384182248,884.2,34.6,Moving,,,
RT-ACT1,7/15/16,20:19:39,-0.266,-0.062,0.141,-0.187,0.307377618,884.2,34.6,Moving,,,
RT-ACT1,7/15/16,20:19:40,-0.172,-0.078,0.344,0.094,0.392433434,884.5,34.6,Moving,,,
RT-ACT1,7/15/16,20:19:41,-0.078,-0.062,0.391,0.251,0.403495973,884.5,34.6,Moving,,,
RT-ACT1,7/15/16,20:19:42,-0.031,-0.062,0.344,0.251,0.35091452,884.5,34.6,Moving,,,
RT-ACT1,7/15/16,20:19:43,-0.047,-0.047,0.344,0.25,0.350362669,884.5,34.6,Moving,,,
RT-ACT1,7/15/16,20:19:44,-0.141,-0.062,0.281,0.078,0.320446563,884.5,34.6,Moving,,,
RT-ACT1,7/15/16,20:19:45,-0.266,-0.094,0.312,-0.048,0.420637611,884.5,34.6,Moving,,,
RT-ACT1,7/15/16,20:19:46,-0.359,-0.125,0.375,-0.109,0.533976591,884.5,34.6,Moving,,,
RT-ACT1,7/15/16,20:19:47,-0.344,-0.141,0.422,-0.063,0.562406437,884.5,34.6,Moving,,,
RT-ACT1,7/15/16,20:19:48,-0.266,-0.109,0.328,-0.047,0.436143325,884.5,34.6,Moving,,,
RT-ACT1,7/15/16,20:19:49,-0.156,-0.078,0.359,0.125,0.399125294,884.5,34.6,Moving,,,
RT-ACT1,7/15/16,20:19:50,-0.094,-0.062,0.312,0.156,0.331698658,883.8,34.6,Moving,,,
RT-ACT1,7/15/16,20:19:51,-0.078,-0.047,0.25,0.125,0.26606954,883.8,34.6,Moving,,,
RT-ACT1,7/15/16,20:19:52,-0.062,-0.062,0.328,0.204,0.339517304,883.8,34.6,Moving,,,
RT-ACT1,7/15/16,20:19:53,-0.141,-0.047,0.266,0.078,0.304706416,883.8,34.6,Moving,,,
RT-ACT1,7/15/16,20:19:54,-0.219,-0.062,0.344,0.063,0.412481515,883.8,34.6,Moving,,,
RT-ACT1,7/15/16,20:19:55,-0.266,-0.078,0.328,-0.016,0.429446155,883.8,34.6,Moving,,,
RT-ACT1,7/15/16,20:19:56,-0.203,-0.078,0.344,0.063,0.406975429,883.8,34.6,Moving,,,
RT-ACT1,7/15/16,20:19:57,-0.094,-0.062,0.344,0.188,0.361961324,883.8,34.6,Moving,,,
RT-ACT1,7/15/16,20:19:58,-0.016,-0.062,0.375,0.297,0.380427391,883.8,34.6,Moving,,,
RT-ACT1,7/15/16,20:19:59,-0.031,-0.078,0.453,0.344,0.460710321,883.8,34.6,Moving,,,
RT-ACT1,7/15/16,20:20:00,-0.094,-0.078,0.406,0.234,0.423976414,884.4,34.6,Moving,,,
RT-ACT1,7/15/16,20:20:01,-0.125,-0.078,0.375,0.172,0.402906937,884.4,34.6,Moving,,,
RT-ACT1,7/15/16,20:20:02,-0.156,-0.078,0.422,0.188,0.456622382,884.4,34.6,Moving,,,
RT-ACT1,7/15/16,20:20:03,-0.234,-0.094,0.359,0.031,0.438717449,884.4,34.6,Moving,,,
RT-ACT1,7/15/16,20:20:04,-0.359,-0.125,0.219,-0.265,0.438710611,884.4,34.6,Moving,,,
RT-ACT1,7/15/16,20:20:05,-0.484,-0.156,0.188,-0.452,0.542158648,884.4,34.6,Moving,,,
RT-ACT1,7/15/16,20:20:06,-0.516,-0.172,0.25,-0.438,0.598615068,884.4,34.6,Moving,,,
RT-ACT1,7/15/16,20:20:07,-0.469,-0.156,0.328,-0.297,0.593195583,884.4,34.6,Moving,,,
RT-ACT1,7/15/16,20:20:08,-0.344,-0.141,0.438,-0.047,0.574509356,884.4,34.6,Moving,,,
RT-ACT1,7/15/16,20:20:09,-0.219,-0.125,0.438,0.094,0.505400831,884.4,34.6,Moving,,,
RT-ACT1,7/15/16,20:20:10,-0.203,-0.094,0.328,0.031,0.397025188,884.3,34.6,Moving,,,
RT-ACT1,7/15/16,20:20:11,-0.266,-0.094,0.344,-0.016,0.444890998,884.3,34.6,Moving,,,
RT-ACT1,7/15/16,20:20:12,-0.297,-0.094,0.391,0,0.499925995,884.3,34.6,Moving,,,
RT-ACT1,7/15/16,20:20:13,-0.203,-0.109,0.516,0.204,0.56510707,884.3,34.6,Moving,,,
RT-ACT1,7/15/16,20:20:14,-0.031,-0.094,0.406,0.281,0.417891134,884.3,34.6,Moving,,,
RT-ACT1,7/15/16,20:20:15,0.172,-0.094,0.375,0.453,0.423137094,884.3,34.6,Moving,,,
RT-ACT1,7/15/16,20:20:16,0.281,-0.109,0.297,0.469,0.423144183,884.3,34.6,Moving,,,
RT-ACT1,7/15/16,20:20:17,0.297,-0.109,0.328,0.516,0.455712629,884.3,34.6,Moving,,,
RT-ACT1,7/15/16,20:20:18,0.266,-0.109,0.375,0.532,0.472506085,884.3,34.6,Moving,,,
RT-ACT1,7/15/16,20:20:19,0.141,-0.109,0.406,0.438,0.44339373,884.3,34.6,Moving,,,
RT-ACT1,7/15/16,20:20:20,-0.062,-0.078,0.297,0.157,0.313268256,883.8,34.6,Moving,,,
RT-ACT1,7/15/16,20:20:21,-0.203,-0.094,0.219,-0.078,0.3130591,883.8,34.6,Moving,,,
RT-ACT1,7/15/16,20:20:22,-0.203,-0.062,0.266,0.001,0.340307214,883.8,34.6,Moving,,,
RT-ACT1,7/15/16,20:20:23,-0.125,-0.047,0.312,0.14,0.339378844,883.8,34.6,Moving,,,
RT-ACT1,7/15/16,20:20:24,-0.062,-0.047,0.312,0.203,0.321554039,883.8,34.6,Moving,,,
RT-ACT1,7/15/16,20:20:25,-0.031,-0.047,0.328,0.25,0.332797236,883.8,34.6,Moving,,,
RT-ACT1,7/15/16,20:20:38,0.047,-0.031,0.266,0.282,0.271893361,884.3,34.6,Moving,,,
RT-ACT1,7/15/16,20:20:39,0.062,-0.031,0.25,0.281,0.259432072,884.3,34.6,Moving,,,
RT-ACT1,7/15/16,20:20:40,0.078,-0.031,0.266,0.313,0.278928306,884.3,34.6,Moving,,,
RT-ACT1,7/15/16,20:20:41,0.078,-0.031,0.281,0.328,0.293267796,884.3,34.6,Moving,,,
RT-ACT1,7/15/16,20:20:42,0.047,-0.031,0.312,0.328,0.31703943,884.3,34.6,Moving,,,
RT-ACT1,7/15/16,20:20:43,-0.016,-0.031,0.312,0.265,0.313944263,884.3,34.6,Moving,,,
RT-ACT1,7/15/16,20:20:44,-0.125,-0.047,0.344,0.172,0.369012195,884.3,34.6,Moving,,,
RT-ACT1,7/15/16,20:20:45,-0.25,-0.078,0.312,-0.016,0.407342608,884.3,34.6,Moving,,,
RT-ACT1,7/15/16,20:20:46,-0.312,-0.078,0.156,-0.234,0.357440904,884.3,34.6,Moving,,,
RT-ACT1,7/15/16,20:20:47,-0.359,-0.094,0.188,-0.265,0.41600601,884.3,34.6,Moving,,,
RT-ACT1,7/15/16,20:20:48,-0.406,-0.109,0.188,-0.327,0.460500814,884.3,34.6,Moving,,,
RT-ACT1,7/15/16,20:20:49,-0.391,-0.078,0.109,-0.36,0.413335215,884.3,34.6,Moving,,,
RT-ACT1,7/15/16,20:20:50,-0.297,-0.047,0.266,-0.078,0.401464818,884.8,34.6,Moving,,,
RT-ACT1,7/15/16,20:20:51,-0.203,-0.062,0.344,0.079,0.404214052,884.8,34.6,Moving,,,
RT-ACT1,7/15/16,20:20:52,-0.156,-0.047,0.266,0.063,0.311931082,884.8,34.6,Moving,,,
RT-ACT1,7/15/16,20:20:53,-0.141,-0.031,0.234,0.062,0.274950905,884.8,34.6,Moving,,,
RT-ACT1,7/15/16,20:20:54,-0.141,-0.031,0.172,0,0.224557342,884.8,34.6,Moving,,,
RT-ACT1,7/15/16,20:20:55,-0.203,-0.047,0.25,0,0.325450457,884.8,34.6,Moving,,,
RT-ACT1,7/15/16,20:20:56,-0.281,-0.078,0.312,-0.047,0.427070252,884.8,34.6,Moving,,,
RT-ACT1,7/15/16,20:20:57,-0.297,-0.078,0.312,-0.063,0.437763635,884.8,34.6,Moving,,,
RT-ACT1,7/15/16,20:20:58,-0.188,-0.062,0.297,0.047,0.356927163,884.8,34.6,Moving,,,
RT-ACT1,7/15/16,20:20:59,-0.109,-0.047,0.25,0.094,0.276748984,884.8,34.6,Moving,,,
RT-ACT1,7/15/16,20:21:00,-0.109,-0.047,0.312,0.156,0.333817315,884.3,34.6,Moving,,,
RT-ACT1,7/15/16,20:21:01,-0.172,-0.047,0.219,0,0.282407507,884.3,34.6,Moving,,,
RT-ACT1,7/15/16,20:21:02,-0.219,-0.047,0.25,-0.016,0.335663522,884.3,34.6,Moving,,,
RT-ACT1,7/15/16,20:21:03,-0.234,-0.047,0.188,-0.093,0.303823962,884.3,34.6,Moving,,,
RT-ACT1,7/15/16,20:21:04,-0.203,-0.031,0.188,-0.046,0.278413362,884.3,34.6,Moving,,,
RT-ACT1,7/15/16,20:21:05,-0.156,-0.031,0.188,0.001,0.246253934,884.3,34.6,Moving,,,
RT-ACT1,7/15/16,20:21:06,-0.109,-0.031,0.25,0.11,0.274484972,884.3,34.6,Moving,,,
RT-ACT1,7/15/16,20:21:07,-0.078,-0.031,0.219,0.11,0.23453358,884.3,34.6,Moving,,,
RT-ACT1,7/15/16,20:21:08,-0.141,-0.047,0.25,0.062,0.290843601,884.3,34.6,Moving,,,
RT-ACT1,7/15/16,20:21:09,-0.297,-0.078,0.172,-0.203,0.351961646,884.3,34.6,Moving,,,
RT-ACT1,7/15/16,20:21:10,-0.406,-0.109,0.141,-0.374,0.44339373,884.1,34.6,Moving,,,
RT-ACT1,7/15/16,20:21:11,-0.328,-0.109,0.375,-0.062,0.509990196,884.1,34.6,Moving,,,
RT-ACT1,7/15/16,20:21:12,-0.234,-0.062,0.344,0.048,0.420637611,884.1,34.6,Moving,,,
RT-ACT1,7/15/16,20:21:13,-0.078,-0.078,0.406,0.25,0.420718433,884.1,34.6,Moving,,,
RT-ACT1,7/15/16,20:21:14,0.062,-0.078,0.328,0.312,0.342800233,884.1,34.6,Moving,,,
RT-ACT1,7/15/16,20:21:15,0.094,-0.062,0.422,0.454,0.436765383,884.1,34.6,Moving,,,
RT-ACT1,7/15/16,20:21:16,0.078,-0.094,0.5,0.484,0.514703798,884.1,34.6,Moving,,,
RT-ACT1,7/15/16,20:21:17,0.047,-0.094,0.469,0.422,0.480630835,884.1,34.6,Moving,,,
RT-ACT1,7/15/16,20:21:18,0,-0.078,0.422,0.344,0.429147993,884.1,34.6,Moving,,,
RT-ACT1,7/15/16,20:21:19,-0.062,-0.062,0.328,0.204,0.339517304,884.1,34.6,Moving,,,
RT-ACT1,7/15/16,20:21:20,-0.109,-0.078,0.438,0.251,0.458049124,884.3,34.5,Moving,,,
RT-ACT1,7/15/16,20:21:21,-0.125,-0.062,0.297,0.11,0.328143261,884.3,34.5,Moving,,,
RT-ACT1,7/15/16,20:21:22,-0.125,-0.062,0.297,0.11,0.328143261,884.3,34.5,Moving,,,
RT-ACT1,7/15/16,20:21:23,-0.094,-0.047,0.266,0.125,0.286008741,884.3,34.5,Moving,,,
RT-ACT1,7/15/16,20:21:24,-0.141,-0.047,0.234,0.046,0.277211111,884.3,34.5,Moving,,,
RT-ACT1,7/15/16,20:21:25,-0.156,-0.062,0.359,0.141,0.396309223,884.3,34.5,Moving,,,
RT-ACT1,7/15/16,20:21:26,-0.156,-0.062,0.391,0.173,0.425512632,884.3,34.5,Moving,,,
RT-ACT1,7/15/16,20:21:27,-0.156,-0.062,0.328,0.11,0.368461667,884.3,34.5,Moving,,,
RT-ACT1,7/15/16,20:21:28,-0.188,-0.047,0.297,0.062,0.354629384,884.3,34.5,Moving,,,
RT-ACT1,7/15/16,20:21:29,-0.219,-0.062,0.25,-0.031,0.338090225,884.3,34.5,Moving,,,
RT-ACT1,7/15/16,20:21:30,-0.25,-0.078,0.281,-0.047,0.384115868,884.1,34.5,Moving,,,
RT-ACT1,7/15/16,20:21:31,-0.266,-0.078,0.266,-0.078,0.384182248,884.1,34.5,Moving,,,
RT-ACT1,7/15/16,20:21:32,-0.25,-0.047,0.203,-0.094,0.325450457,884.1,34.5,Moving,,,
RT-ACT1,7/15/16,20:21:33,-0.266,-0.062,0.266,-0.062,0.38125582,884.1,34.5,Moving,,,
RT-ACT1,7/15/16,20:21:34,-0.297,-0.078,0.266,-0.109,0.406262231,884.1,34.5,Moving,,,
RT-ACT1,7/15/16,20:21:35,-0.344,-0.094,0.266,-0.172,0.444890998,884.1,34.5,Moving,,,
RT-ACT1,7/15/16,20:21:36,-0.344,-0.094,0.266,-0.172,0.444890998,884.1,34.5,Moving,,,
RT-ACT1,7/15/16,20:21:37,-0.344,-0.109,0.312,-0.141,0.477033542,884.1,34.5,Moving,,,
RT-ACT1,7/15/16,20:21:38,-0.344,-0.094,0.328,-0.11,0.484516254,884.1,34.5,Moving,,,
RT-ACT1,7/15/16,20:21:39,-0.297,-0.094,0.266,-0.125,0.409635204,884.1,34.5,Moving,,,
RT-ACT1,7/15/16,20:21:40,-0.188,-0.047,0.219,-0.016,0.292427769,884.4,34.5,Moving,,,
RT-ACT1,7/15/16,20:21:41,-0.125,-0.047,0.266,0.094,0.297640723,884.4,34.5,Moving,,,
RT-ACT1,7/15/16,20:21:42,-0.109,-0.047,0.25,0.094,0.276748984,884.4,34.5,Moving,,,
RT-ACT1,7/15/16,20:21:43,-0.172,-0.047,0.234,0.015,0.294192114,884.4,34.5,Moving,,,
RT-ACT1,7/15/16,20:21:44,-0.188,-0.047,0.219,-0.016,0.292427769,884.4,34.5,Moving,,,
RT-ACT1,7/15/16,20:21:45,-0.203,-0.031,0.219,-0.015,0.300218254,884.4,34.5,Moving,,,
RT-ACT1,7/15/16,20:21:46,-0.203,-0.031,0.156,-0.078,0.257887572,884.4,34.5,Moving,,,
RT-ACT1,7/15/16,20:21:47,-0.156,-0.031,0.203,0.016,0.257887572,884.4,34.5,Moving,,,
RT-ACT1,7/15/16,20:21:48,-0.203,-0.031,0.219,-0.015,0.300218254,884.4,34.5,Moving,,,
RT-ACT1,7/15/16,20:21:49,-0.359,-0.094,0.188,-0.265,0.41600601,884.4,34.5,Moving,,,
RT-ACT1,7/15/16,20:21:50,-0.469,-0.156,0.203,-0.422,0.534327615,884.6,34.5,Moving,,,
RT-ACT1,7/15/16,20:21:51,-0.391,-0.109,0.266,-0.234,0.485301968,884.6,34.5,Moving,,,
RT-ACT1,7/15/16,20:21:52,-0.172,-0.078,0.344,0.094,0.392433434,884.6,34.5,Moving,,,
RT-ACT1,7/15/16,20:21:53,0.031,-0.094,0.406,0.343,0.417891134,884.6,34.5,Moving,,,
RT-ACT1,7/15/16,20:21:54,0.125,-0.078,0.328,0.375,0.359573358,884.6,34.5,Moving,,,
RT-ACT1,7/15/16,20:21:55,0.125,-0.062,0.234,0.297,0.272442655,884.6,34.5,Moving,,,
RT-ACT1,7/15/16,20:21:56,0.047,-0.047,0.281,0.281,0.288754221,884.6,34.5,Moving,,,
RT-ACT1,7/15/16,20:21:57,-0.109,-0.062,0.281,0.11,0.307710903,884.6,34.5,Moving,,,
RT-ACT1,7/15/16,20:21:58,-0.266,-0.094,0.234,-0.126,0.366535128,884.6,34.5,Moving,,,
RT-ACT1,7/15/16,20:21:59,-0.391,-0.125,0.312,-0.204,0.515606439,884.6,34.5,Moving,,,
RT-ACT1,7/15/16,20:22:00,-0.25,-0.109,0.422,0.063,0.502458954,884.6,34.5,Moving,,,
RT-ACT1,7/15/16,20:22:01,-0.047,-0.125,0.484,0.312,0.50208565,884.6,34.5,Moving,,,
RT-ACT1,7/15/16,20:22:02,0.078,-0.125,0.469,0.422,0.49159943,884.6,34.5,Moving,,,
RT-ACT1,7/15/16,20:22:03,0.094,-0.125,0.438,0.407,0.465086014,884.6,34.5,Moving,,,
RT-ACT1,7/15/16,20:22:04,0.078,-0.094,0.406,0.39,0.423976414,884.6,34.5,Moving,,,
RT-ACT1,7/15/16,20:22:05,0.031,-0.078,0.375,0.328,0.384278545,884.6,34.5,Moving,,,
RT-ACT1,7/15/16,20:22:06,-0.047,-0.062,0.328,0.219,0.337100875,884.6,34.5,Moving,,,
RT-ACT1,7/15/16,20:22:07,-0.094,-0.062,0.297,0.141,0.317630288,884.6,34.5,Moving,,,
RT-ACT1,7/15/16,20:22:08,-0.156,-0.062,0.297,0.079,0.341158321,884.6,34.5,Moving,,,
RT-ACT1,7/15/16,20:22:09,-0.234,-0.078,0.266,-0.046,0.36276163,884.6,34.5,Moving,,,
RT-ACT1,7/15/16,20:22:10,-0.234,-0.062,0.203,-0.093,0.315925624,884.2,34.5,Moving,,,
RT-ACT1,7/15/16,20:22:11,-0.141,-0.062,0.266,0.063,0.307377618,884.2,34.5,Moving,,,
RT-ACT1,7/15/16,20:22:12,-0.141,-0.047,0.25,0.062,0.290843601,884.2,34.5,Moving,,,
RT-ACT1,7/15/16,20:22:13,-0.203,-0.062,0.281,0.016,0.352156215,884.2,34.5,Moving,,,
RT-ACT1,7/15/16,20:22:14,-0.266,-0.078,0.25,-0.094,0.373282735,884.2,34.5,Moving,,,
RT-ACT1,7/15/16,20:22:15,-0.219,-0.047,0.234,-0.032,0.32392283,884.2,34.5,Moving,,,
RT-ACT1,7/15/16,20:22:16,-0.125,-0.047,0.281,0.109,0.311118948,884.2,34.5,Moving,,,
RT-ACT1,7/15/16,20:22:17,-0.094,-0.047,0.297,0.156,0.315046028,884.2,34.5,Moving,,,
RT-ACT1,7/15/16,20:22:18,-0.125,-0.047,0.281,0.109,0.311118948,884.2,34.5,Moving,,,
RT-ACT1,7/15/16,20:22:19,-0.141,-0.031,0.234,0.062,0.274950905,884.2,34.5,Moving,,,
RT-ACT1,7/15/16,20:22:20,-0.156,-0.031,0.234,0.047,0.282936389,883.9,34.5,Moving,,,
RT-ACT1,7/15/16,20:22:21,-0.172,-0.031,0.234,0.031,0.292063349,883.9,34.5,Moving,,,
RT-ACT1,7/15/16,20:22:22,-0.125,-0.031,0.297,0.141,0.323720559,883.9,34.5,Moving,,,
RT-ACT1,7/15/16,20:22:23,-0.156,-0.047,0.359,0.156,0.394241043,883.9,34.5,Moving,,,
RT-ACT1,7/15/16,20:22:24,-0.203,-0.078,0.344,0.063,0.406975429,883.9,34.5,Moving,,,
RT-ACT1,7/15/16,20:22:25,-0.25,-0.094,0.359,0.015,0.447456143,883.9,34.5,Moving,,,
RT-ACT1,7/15/16,20:22:26,-0.25,-0.094,0.375,0.031,0.460392224,883.9,34.5,Moving,,,
RT-ACT1,7/15/16,20:22:27,-0.203,-0.094,0.375,0.078,0.436657761,883.9,34.5,Moving,,,
RT-ACT1,7/15/16,20:22:28,-0.219,-0.094,0.406,0.093,0.470779141,883.9,34.5,Moving,,,
RT-ACT1,7/15/16,20:22:29,-0.266,-0.109,0.328,-0.047,0.436143325,883.9,34.5,Moving,,,
RT-ACT1,7/15/16,20:22:30,-0.297,-0.109,0.312,-0.094,0.444335459,884.2,34.5,Moving,,,
RT-ACT1,7/15/16,20:22:31,-0.359,-0.094,0.25,-0.203,0.447456143,884.2,34.5,Moving,,,
RT-ACT1,7/15/16,20:22:32,-0.359,-0.094,0.188,-0.265,0.41600601,884.2,34.5,Moving,,,
RT-ACT1,7/15/16,20:22:33,-0.375,-0.094,0.172,-0.297,0.423137094,884.2,34.5,Moving,,,
RT-ACT1,7/15/16,20:22:34,-0.344,-0.094,0.203,-0.235,0.41034254,884.2,34.5,Moving,,,
RT-ACT1,7/15/16,20:22:35,-0.281,-0.078,0.125,-0.234,0.317285361,884.2,34.5,Moving,,,
RT-ACT1,7/15/16,20:22:36,-0.25,-0.047,0.109,-0.188,0.276748984,884.2,34.5,Moving,,,
RT-ACT1,7/15/16,20:22:37,-0.25,-0.031,0.078,-0.203,0.26371386,884.2,34.5,Moving,,,
RT-ACT1,7/15/16,20:22:38,-0.219,-0.016,0.031,-0.204,0.221761133,884.2,34.5,Moving,,,
RT-ACT1,7/15/16,20:22:39,-0.188,-0.016,0.047,-0.157,0.194445365,884.2,34.5,Moving,,,
RT-ACT1,7/15/16,20:22:40,-0.141,-0.016,0.109,-0.048,0.178935743,884.3,34.5,Moving,,,
RT-ACT1,7/15/16,20:22:41,-0.094,-0.016,0.172,0.062,0.196662147,884.3,34.5,Moving,,,
RT-ACT1,7/15/16,20:22:42,-0.094,-0.016,0.125,0.015,0.157216411,884.3,34.5,Moving,,,
RT-ACT1,7/15/16,20:22:43,-0.125,-0.031,0,-0.156,0.128786645,884.3,34.5,Moving,,,
RT-ACT1,7/15/16,20:22:44,-0.203,-0.031,0.109,-0.125,0.232488709,884.3,34.5,Moving,,,
RT-ACT1,7/15/16,20:22:45,-0.281,-0.047,0.125,-0.203,0.311118948,884.3,34.5,Moving,,,
RT-ACT1,7/15/16,20:22:46,-0.297,-0.047,0.141,-0.203,0.332112933,884.3,34.5,Moving,,,
RT-ACT1,7/15/16,20:22:47,-0.281,-0.062,0.25,-0.093,0.38118893,884.3,34.5,Moving,,,
RT-ACT1,7/15/16,20:22:48,-0.234,-0.047,0.266,-0.015,0.357380749,884.3,34.5,Moving,,,
RT-ACT1,7/15/16,20:22:49,-0.172,-0.047,0.25,0.031,0.307071653,884.3,34.5,Moving,,,
RT-ACT1,7/15/16,20:22:50,-0.141,-0.062,0.344,0.141,0.376909804,884.3,34.5,Moving,,,
RT-ACT1,7/15/16,20:22:51,-0.109,-0.062,0.391,0.22,0.41061661,884.3,34.5,Moving,,,
RT-ACT1,7/15/16,20:22:52,-0.094,-0.062,0.375,0.219,0.391541824,884.3,34.5,Moving,,,
RT-ACT1,7/15/16,20:22:53,-0.078,-0.062,0.391,0.251,0.403495973,884.3,34.5,Moving,,,
RT-ACT1,7/15/16,20:22:54,-0.141,-0.062,0.375,0.172,0.405401036,884.3,34.5,Moving,,,
RT-ACT1,7/15/16,20:22:55,-0.25,-0.094,0.266,-0.078,0.376950925,884.3,34.5,Moving,,,
RT-ACT1,7/15/16,20:22:56,-0.344,-0.109,0.281,-0.172,0.457359815,884.3,34.5,Moving,,,
RT-ACT1,7/15/16,20:22:57,-0.375,-0.109,0.266,-0.218,0.472506085,884.3,34.5,Moving,,,
RT-ACT1,7/15/16,20:22:58,-0.406,-0.109,0.281,-0.234,0.505646121,884.3,34.5,Moving,,,
RT-ACT1,7/15/16,20:22:59,-0.359,-0.109,0.312,-0.156,0.487961064,884.3,34.5,Moving,,,
RT-ACT1,7/15/16,20:23:00,-0.297,-0.094,0.281,-0.11,0.41953069,883.7,34.5,Moving,,,
RT-ACT1,7/15/16,20:23:01,-0.172,-0.078,0.375,0.125,0.4198726,883.7,34.5,Moving,,,
RT-ACT1,7/15/16,20:23:02,-0.094,-0.078,0.391,0.219,0.409635204,883.7,34.5,Moving,,,
RT-ACT1,7/15/16,20:23:03,-0.062,-0.078,0.344,0.204,0.358139638,883.7,34.5,Moving,,,
RT-ACT1,7/15/16,20:23:04,-0.047,-0.062,0.328,0.219,0.337100875,883.7,34.5,Moving,,,
RT-ACT1,7/15/16,20:23:05,-0.062,-0.062,0.266,0.142,0.28007856,883.7,34.5,Moving,,,
RT-ACT1,7/15/16,20:23:06,-0.094,-0.031,0.219,0.094,0.240328941,883.7,34.5,Moving,,,
RT-ACT1,7/15/16,20:23:07,-0.125,-0.031,0.25,0.094,0.281222332,883.7,34.5,Moving,,,
RT-ACT1,7/15/16,20:23:08,-0.141,-0.031,0.203,0.031,0.249100381,883.7,34.5,Moving,,,
RT-ACT1,7/15/16,20:23:09,-0.172,-0.031,0.172,-0.031,0.245212153,883.7,34.5,Moving,,,
RT-ACT1,7/15/16,20:23:10,-0.25,-0.047,0.219,-0.078,0.335663522,883.8,34.5,Moving,,,
RT-ACT1,7/15/16,20:23:11,-0.312,-0.062,0.234,-0.14,0.394897455,883.8,34.5,Moving,,,
RT-ACT1,7/15/16,20:23:12,-0.312,-0.062,0.219,-0.155,0.386198136,883.8,34.5,Moving,,,
RT-ACT1,7/15/16,20:23:13,-0.25,-0.062,0.234,-0.078,0.347994253,883.8,34.5,Moving,,,
RT-ACT1,7/15/16,20:23:14,-0.203,-0.047,0.234,-0.016,0.313327305,883.8,34.5,Moving,,,
RT-ACT1,7/15/16,20:23:15,-0.172,-0.031,0.203,0,0.267869371,883.8,34.5,Moving,,,
RT-ACT1,7/15/16,20:23:16,-0.172,-0.031,0.234,0.031,0.292063349,883.8,34.5,Moving,,,
RT-ACT1,7/15/16,20:23:17,-0.219,-0.016,0.203,-0.032,0.299041803,883.8,34.5,Moving,,,
RT-ACT1,7/15/16,20:23:18,-0.281,-0.031,0.109,-0.203,0.302990099,883.8,34.5,Moving,,,
RT-ACT1,7/15/16,20:23:19,-0.297,-0.047,0.047,-0.297,0.304346842,883.8,34.5,Moving,,,
RT-ACT1,7/15/16,20:23:20,-0.266,-0.047,0.047,-0.266,0.274178774,884,34.5,Moving,,,
RT-ACT1,7/15/16,20:23:21,-0.219,-0.031,0,-0.25,0.221183182,884,34.5,Moving,,,
RT-ACT1,7/15/16,20:23:22,-0.25,-0.047,0.047,-0.25,0.258685137,884,34.5,Moving,,,
RT-ACT1,7/15/16,20:23:23,-0.359,-0.078,0.047,-0.39,0.370370085,884,34.5,Moving,,,
RT-ACT1,7/15/16,20:23:24,-0.406,-0.109,0.047,-0.468,0.422996454,884,34.5,Moving,,,
RT-ACT1,7/15/16,20:23:25,-0.234,-0.031,0.109,-0.156,0.259996154,884,34.5,Moving,,,
RT-ACT1,7/15/16,20:23:26,-0.156,-0.031,0.219,0.032,0.270662151,884,34.5,Moving,,,
RT-ACT1,7/15/16,20:23:27,-0.156,-0.031,0.297,0.11,0.336906515,884,34.5,Moving,,,
RT-ACT1,7/15/16,20:23:28,-0.172,-0.016,0.141,-0.047,0.222982062,884,34.5,Moving,,,
RT-ACT1,7/15/16,20:23:29,-0.25,-0.031,0.172,-0.109,0.305032785,884,34.5,Moving,,,
RT-ACT1,7/15/16,20:23:30,-0.359,-0.062,0.094,-0.327,0.37624593,884.3,34.5,Moving,,,
RT-ACT1,7/15/16,20:23:31,-0.453,-0.125,0.203,-0.375,0.511901358,884.3,34.5,Moving,,,
RT-ACT1,7/15/16,20:23:32,-0.469,-0.141,0.328,-0.282,0.589428537,884.3,34.5,Moving,,,
RT-ACT1,7/15/16,20:23:33,-0.328,-0.094,0.266,-0.156,0.432638417,884.3,34.5,Moving,,,
RT-ACT1,7/15/16,20:23:34,-0.203,-0.078,0.266,-0.015,0.343582596,884.3,34.5,Moving,,,
RT-ACT1,7/15/16,20:23:35,-0.203,-0.047,0.25,0,0.325450457,884.3,34.5,Moving,,,
RT-ACT1,7/15/16,20:23:36,-0.109,-0.031,0.219,0.079,0.246582643,884.3,34.5,Moving,,,
RT-ACT1,7/15/16,20:23:37,-0.047,-0.047,0.297,0.203,0.304346842,884.3,34.5,Moving,,,
RT-ACT1,7/15/16,20:23:38,-0.047,-0.047,0.312,0.218,0.319001567,884.3,34.5,Moving,,,
RT-ACT1,7/15/16,20:23:39,-0.078,-0.062,0.359,0.219,0.372570799,884.3,34.5,Moving,,,
RT-ACT1,7/15/16,20:23:40,-0.156,-0.078,0.375,0.141,0.41357587,884.3,34.5,Moving,,,
RT-ACT1,7/15/16,20:23:41,-0.219,-0.078,0.25,-0.047,0.341386877,884.3,34.5,Moving,,,
RT-ACT1,7/15/16,20:23:42,-0.219,-0.016,0.25,0.015,0.332741642,884.3,34.5,Moving,,,
RT-ACT1,7/15/16,20:23:43,-0.156,-0.047,0.453,0.25,0.481408351,884.3,34.5,Moving,,,
RT-ACT1,7/15/16,20:23:44,-0.078,-0.031,0.219,0.11,0.23453358,884.3,34.5,Moving,,,
RT-ACT1,7/15/16,20:23:45,-0.094,-0.031,0.234,0.109,0.254072824,884.3,34.5,Moving,,,
RT-ACT1,7/15/16,20:23:46,-0.156,-0.047,0.25,0.047,0.298404088,884.3,34.5,Moving,,,
RT-ACT1,7/15/16,20:23:47,-0.109,-0.031,0.266,0.126,0.289133187,884.3,34.5,Moving,,,
RT-ACT1,7/15/16,20:23:48,-0.094,-0.031,0.281,0.156,0.297922809,884.3,34.5,Moving,,,
RT-ACT1,7/15/16,20:23:49,-0.125,-0.031,0.266,0.11,0.2955368,884.3,34.5,Moving,,,
RT-ACT1,7/15/16,20:23:50,-0.156,-0.031,0.266,0.079,0.309924184,884.6,34.5,Moving,,,
RT-ACT1,7/15/16,20:23:51,-0.172,-0.031,0.219,0.016,0.280189222,884.6,34.5,Moving,,,
RT-ACT1,7/15/16,20:23:52,-0.156,-0.016,0.125,-0.047,0.200541766,884.6,34.5,Moving,,,
RT-ACT1,7/15/16,20:23:53,-0.203,-0.031,0.141,-0.093,0.249100381,884.6,34.5,Moving,,,
RT-ACT1,7/15/16,20:23:54,-0.203,-0.031,0.234,0,0.311329408,884.6,34.5,Moving,,,
RT-ACT1,7/15/16,20:23:55,-0.094,-0.016,0.234,0.124,0.252681618,884.6,34.5,Moving,,,
RT-ACT1,7/15/16,20:23:56,-0.078,-0.047,0.312,0.187,0.325018461,884.6,34.5,Moving,,,
RT-ACT1,7/15/16,20:23:57,-0.094,-0.031,0.172,0.047,0.198446466,884.6,34.5,Moving,,,
RT-ACT1,7/15/16,20:23:58,-0.156,-0.031,0.234,0.047,0.282936389,884.6,34.5,Moving,,,
RT-ACT1,7/15/16,20:23:59,-0.219,-0.031,0.25,0,0.333799341,884.6,34.5,Moving,,,
RT-ACT1,7/15/16,20:24:00,-0.266,-0.078,0.312,-0.032,0.417353567,884,34.5,Moving,,,
RT-ACT1,7/15/16,20:24:01,-0.297,-0.094,0.281,-0.11,0.41953069,884,34.5,Moving,,,
RT-ACT1,7/15/16,20:24:02,-0.281,-0.062,0.219,-0.124,0.361615818,884,34.5,Moving,,,
RT-ACT1,7/15/16,20:24:03,-0.297,-0.062,0.203,-0.156,0.365050681,884,34.5,Moving,,,
RT-ACT1,7/15/16,20:24:08,-0.375,-0.078,0.203,-0.25,0.433495098,884,34.5,Moving,,,
RT-ACT1,7/15/16,20:24:09,-0.406,-0.094,0.188,-0.312,0.457182677,884,34.5,Moving,,,
RT-ACT1,7/15/16,20:24:10,-0.375,-0.078,0.156,-0.297,0.41357587,884.1,34.5,Moving,,,
RT-ACT1,7/15/16,20:24:11,-0.344,-0.062,0.188,-0.218,0.396892933,884.1,34.5,Moving,,,
RT-ACT1,7/15/16,20:24:17,-0.344,-0.078,0.297,-0.125,0.461117122,884.1,34.5,Moving,,,
RT-ACT1,7/15/16,20:24:18,-0.375,-0.109,0.328,-0.156,0.509990196,884.1,34.5,Moving,,,
RT-ACT1,7/15/16,20:24:19,-0.391,-0.109,0.172,-0.328,0.440846912,884.1,34.5,Moving,,,
RT-ACT1,7/15/16,20:24:20,-0.391,-0.094,0.141,-0.344,0.426143168,884,34.4,Moving,,,
RT-ACT1,7/15/16,20:24:21,-0.391,-0.094,0.094,-0.391,0.412980629,884,34.4,Moving,,,
RT-ACT1,7/15/16,20:24:22,-0.406,-0.094,0.141,-0.359,0.439946588,884,34.4,Moving,,,
RT-ACT1,7/15/16,20:24:23,-0.422,-0.078,0.062,-0.438,0.433603506,884,34.4,Moving,,,
RT-ACT1,7/15/16,20:24:24,-0.375,-0.062,0.141,-0.296,0.405401036,884,34.4,Moving,,,
RT-ACT1,7/15/16,20:24:25,-0.359,-0.062,0,-0.421,0.364314425,884,34.4,Moving,,,
RT-ACT1,7/15/16,20:24:26,-0.281,-0.031,0.016,-0.296,0.2831572,884,34.4,Moving,,,
RT-ACT1,7/15/16,20:24:27,-0.266,-0.031,0.031,-0.266,0.269588575,884,34.4,Moving,,,
RT-ACT1,7/15/16,20:24:28,-0.281,-0.031,0.078,-0.234,0.293267796,884,34.4,Moving,,,
RT-ACT1,7/15/16,20:24:29,-0.328,-0.047,0.031,-0.344,0.332797236,884,34.4,Moving,,,
RT-ACT1,7/15/16,20:24:30,-0.391,-0.078,0.062,-0.407,0.403495973,884.4,34.4,Moving,,,
RT-ACT1,7/15/16,20:24:31,-0.359,-0.062,0.094,-0.327,0.37624593,884.4,34.4,Moving,,,
RT-ACT1,7/15/16,20:24:32,-0.297,-0.047,0.172,-0.172,0.346413048,884.4,34.4,Moving,,,
RT-ACT1,7/15/16,20:24:33,-0.25,-0.062,0.328,0.016,0.41704676,884.4,34.4,Moving,,,
RT-ACT1,7/15/16,20:24:34,-0.219,-0.062,0.266,-0.015,0.350087132,884.4,34.4,Moving,,,
RT-ACT1,7/15/16,20:24:35,-0.141,-0.047,0.234,0.046,0.277211111,884.4,34.4,Moving,,,
RT-ACT1,7/15/16,20:24:36,-0.188,-0.031,0.188,-0.031,0.267673308,884.4,34.4,Moving,,,
RT-ACT1,7/15/16,20:24:37,-0.281,-0.047,0.156,-0.172,0.324816871,884.4,34.4,Moving,,,
RT-ACT1,7/15/16,20:24:38,-0.359,-0.062,0.172,-0.249,0.402875911,884.4,34.4,Moving,,,
RT-ACT1,7/15/16,20:24:39,-0.359,-0.078,0.188,-0.249,0.41268511,884.4,34.4,Moving,,,
RT-ACT1,7/15/16,20:24:40,-0.375,-0.078,0.172,-0.281,0.4198726,883.6,34.4,Moving,,,
RT-ACT1,7/15/16,20:24:41,-0.406,-0.109,0.172,-0.343,0.454203699,883.6,34.4,Moving,,,
RT-ACT1,7/15/16,20:24:42,-0.406,-0.094,0.172,-0.328,0.450839217,883.6,34.4,Moving,,,
RT-ACT1,7/15/16,20:24:43,-0.391,-0.078,0.141,-0.328,0.42290188,883.6,34.4,Moving,,,
RT-ACT1,7/15/16,20:24:44,-0.328,-0.062,0.141,-0.249,0.362365837,883.6,34.4,Moving,,,
RT-ACT1,7/15/16,20:24:45,-0.25,-0.047,0.203,-0.094,0.325450457,883.6,34.4,Moving,,,
RT-ACT1,7/15/16,20:24:46,-0.156,-0.047,0.203,0,0.260295985,883.6,34.4,Moving,,,
RT-ACT1,7/15/16,20:24:47,-0.094,-0.016,0.234,0.124,0.252681618,883.6,34.4,Moving,,,
RT-ACT1,7/15/16,20:24:48,-0.094,-0.031,0.219,0.094,0.240328941,883.6,34.4,Moving,,,
RT-ACT1,7/15/16,20:24:49,-0.125,-0.016,0.125,-0.016,0.177499296,883.6,34.4,Moving,,,
RT-ACT1,7/15/16,20:24:50,-0.219,-0.047,0.141,-0.125,0.264671494,884.6,34.4,Moving,,,
RT-ACT1,7/15/16,20:24:51,-0.297,-0.062,0.156,-0.203,0.341158321,884.6,34.4,Moving,,,
RT-ACT1,7/15/16,20:24:52,-0.344,-0.078,0.203,-0.219,0.406975429,884.6,34.4,Moving,,,
RT-ACT1,7/15/16,20:24:53,-0.328,-0.078,0.188,-0.218,0.386020725,884.6,34.4,Moving,,,
RT-ACT1,7/15/16,20:24:54,-0.328,-0.078,0.188,-0.218,0.386020725,884.6,34.4,Moving,,,
RT-ACT1,7/15/16,20:24:55,-0.344,-0.078,0.156,-0.266,0.385688994,884.6,34.4,Moving,,,
RT-ACT1,7/15/16,20:24:56,-0.312,-0.094,0.203,-0.203,0.383912751,884.6,34.4,Moving,,,
RT-ACT1,7/15/16,20:24:57,-0.266,-0.078,0.297,-0.047,0.406262231,884.6,34.4,Moving,,,
RT-ACT1,7/15/16,20:24:58,-0.203,-0.078,0.359,0.078,0.419730866,884.6,34.4,Moving,,,
RT-ACT1,7/15/16,20:24:59,-0.172,-0.062,0.266,0.032,0.322775464,884.6,34.4,Moving,,,
RT-ACT1,7/15/16,20:25:00,-0.156,-0.047,0.234,0.031,0.285133302,884.2,34.4,Moving,,,
RT-ACT1,7/15/16,20:25:01,-0.141,-0.047,0.156,-0.032,0.215466935,884.2,34.4,Moving,,,
RT-ACT1,7/15/16,20:25:02,-0.141,-0.016,0.141,-0.016,0.200044995,884.2,34.4,Moving,,,
RT-ACT1,7/15/16,20:25:03,-0.156,-0.016,0.172,0,0.232757384,884.2,34.4,Moving,,,
RT-ACT1,7/15/16,20:25:04,-0.188,-0.016,0.141,-0.063,0.235544051,884.2,34.4,Moving,,,
RT-ACT1,7/15/16,20:25:05,-0.25,-0.047,0.188,-0.109,0.316311555,884.2,34.4,Moving,,,
RT-ACT1,7/15/16,20:25:06,-0.344,-0.078,0.219,-0.203,0.415187909,884.2,34.4,Moving,,,
RT-ACT1,7/15/16,20:25:07,-0.344,-0.078,0.25,-0.172,0.432342457,884.2,34.4,Moving,,,
RT-ACT1,7/15/16,20:25:08,-0.344,-0.078,0.266,-0.156,0.441787279,884.2,34.4,Moving,,,
RT-ACT1,7/15/16,20:25:09,-0.312,-0.078,0.25,-0.14,0.407342608,884.2,34.4,Moving,,,
RT-ACT1,7/15/16,20:25:10,-0.297,-0.078,0.234,-0.141,0.386068647,885.1,34.4,Moving,,,
RT-ACT1,7/15/16,20:25:11,-0.281,-0.062,0.234,-0.109,0.370892168,885.1,34.4,Moving,,,
RT-ACT1,7/15/16,20:25:12,-0.281,-0.062,0.234,-0.109,0.370892168,885.1,34.4,Moving,,,
RT-ACT1,7/15/16,20:25:13,-0.281,-0.062,0.234,-0.109,0.370892168,885.1,34.4,Moving,,,
RT-ACT1,7/15/16,20:25:14,-0.281,-0.062,0.234,-0.109,0.370892168,885.1,34.4,Moving,,,
RT-ACT1,7/15/16,20:25:15,-0.281,-0.062,0.219,-0.124,0.361615818,885.1,34.4,Moving,,,
RT-ACT1,7/15/16,20:25:16,-0.281,-0.062,0.25,-0.093,0.38118893,885.1,34.4,Moving,,,
RT-ACT1,7/15/16,20:25:17,-0.297,-0.062,0.25,-0.109,0.393132293,885.1,34.4,Moving,,,
RT-ACT1,7/15/16,20:25:18,-0.297,-0.062,0.25,-0.109,0.393132293,885.1,34.4,Moving,,,
RT-ACT1,7/15/16,20:25:19,-0.266,-0.062,0.219,-0.109,0.350087132,885.1,34.4,Moving,,,
RT-ACT1,7/15/16,20:25:20,-0.234,-0.031,0.156,-0.109,0.282936389,884.6,34.4,Moving,,,
RT-ACT1,7/15/16,20:25:21,-0.234,-0.031,0.172,-0.093,0.292063349,884.6,34.4,Moving,,,
RT-ACT1,7/15/16,20:25:22,-0.219,-0.031,0.172,-0.078,0.280189222,884.6,34.4,Moving,,,
RT-ACT1,7/15/16,20:25:23,-0.234,-0.047,0.25,-0.031,0.345637093,884.6,34.4,Moving,,,
RT-ACT1,7/15/16,20:25:24,-0.266,-0.078,0.312,-0.032,0.417353567,884.6,34.4,Moving,,,
RT-ACT1,7/15/16,20:25:25,-0.297,-0.094,0.344,-0.047,0.464091586,884.6,34.4,Moving,,,
RT-ACT1,7/15/16,20:25:26,-0.281,-0.094,0.312,-0.063,0.430280141,884.6,34.4,Moving,,,
RT-ACT1,7/15/16,20:25:27,-0.266,-0.078,0.281,-0.063,0.394716354,884.6,34.4,Moving,,,
RT-ACT1,7/15/16,20:25:28,-0.312,-0.078,0.203,-0.187,0.380311714,884.6,34.4,Moving,,,
RT-ACT1,7/15/16,20:25:29,-0.375,-0.094,0.203,-0.266,0.436657761,884.6,34.4,Moving,,,
RT-ACT1,7/15/16,20:25:30,-0.406,-0.125,0.219,-0.312,0.477935142,884.4,34.4,Moving,,,
RT-ACT1,7/15/16,20:25:31,-0.453,-0.141,0.234,-0.36,0.529004726,884.4,34.4,Moving,,,
RT-ACT1,7/15/16,20:25:32,-0.484,-0.156,0.25,-0.39,0.566649804,884.4,34.4,Moving,,,
RT-ACT1,7/15/16,20:25:33,-0.5,-0.172,0.25,-0.422,0.584879475,884.4,34.4,Moving,,,
RT-ACT1,7/15/16,20:25:34,-0.484,-0.172,0.266,-0.39,0.578442737,884.4,34.4,Moving,,,
RT-ACT1,7/15/16,20:25:35,-0.438,-0.141,0.312,-0.267,0.555939745,884.4,34.4,Moving,,,
RT-ACT1,7/15/16,20:25:36,-0.406,-0.125,0.312,-0.219,0.527072101,884.4,34.4,Moving,,,
RT-ACT1,7/15/16,20:25:37,-0.391,-0.125,0.359,-0.157,0.545332009,884.4,34.4,Moving,,,
RT-ACT1,7/15/16,20:25:38,-0.375,-0.141,0.391,-0.125,0.559809789,884.4,34.4,Moving,,,
RT-ACT1,7/15/16,20:25:39,-0.375,-0.141,0.344,-0.172,0.528054921,884.4,34.4,Moving,,,
RT-ACT1,7/15/16,20:25:40,-0.406,-0.156,0.375,-0.187,0.574279549,884.7,34.4,Moving,,,
RT-ACT1,7/15/16,20:25:41,-0.438,-0.156,0.312,-0.282,0.559932139,884.7,34.4,Moving,,,
RT-ACT1,7/15/16,20:25:42,-0.484,-0.188,0.312,-0.36,0.605759028,884.7,34.4,Moving,,,
RT-ACT1,7/15/16,20:25:43,-0.531,-0.203,0.344,-0.39,0.664459179,884.7,34.4,Moving,,,
RT-ACT1,7/15/16,20:25:44,-0.516,-0.188,0.266,-0.438,0.6102098,884.7,34.4,Moving,,,
RT-ACT1,7/15/16,20:25:45,-0.391,-0.125,0.297,-0.219,0.506670504,884.7,34.4,Moving,,,
RT-ACT1,7/15/16,20:25:46,-0.328,-0.078,0.297,-0.109,0.449307245,884.7,34.4,Moving,,,
RT-ACT1,7/15/16,20:25:47,-0.266,-0.078,0.328,-0.016,0.429446155,884.7,34.4,Moving,,,
RT-ACT1,7/15/16,20:25:48,-0.219,-0.047,0.297,0.031,0.37199328,884.7,34.4,Moving,,,
RT-ACT1,7/15/16,20:25:49,-0.203,-0.047,0.297,0.047,0.362804355,884.7,34.4,Moving,,,
RT-ACT1,7/15/16,20:25:50,-0.188,-0.047,0.297,0.062,0.354629384,885,34.4,Moving,,,
RT-ACT1,7/15/16,20:25:51,-0.203,-0.078,0.391,0.11,0.447408091,885,34.4,Moving,,,
RT-ACT1,7/15/16,20:25:52,-0.25,-0.094,0.297,-0.047,0.399430845,885,34.4,Moving,,,
RT-ACT1,7/15/16,20:25:53,-0.297,-0.062,0.266,-0.093,0.403495973,885,34.4,Moving,,,
RT-ACT1,7/15/16,20:25:54,-0.312,-0.078,0.234,-0.156,0.397723522,885,34.4,Moving,,,
RT-ACT1,7/15/16,20:25:55,-0.328,-0.078,0.203,-0.203,0.393544153,885,34.4,Moving,,,
RT-ACT1,7/15/16,20:25:56,-0.266,-0.047,0.203,-0.11,0.337896434,885,34.4,Moving,,,
RT-ACT1,7/15/16,20:25:57,-0.219,-0.047,0.203,-0.063,0.302289596,885,34.4,Moving,,,
RT-ACT1,7/15/16,20:25:58,-0.203,-0.047,0.219,-0.031,0.302289596,885,34.4,Moving,,,
RT-ACT1,7/15/16,20:25:59,-0.172,-0.031,0.203,0,0.267869371,885,34.4,Moving,,,
RT-ACT1,7/15/16,20:26:00,-0.141,-0.047,0.281,0.093,0.317885199,884.5,34.4,Moving,,,
RT-ACT1,7/15/16,20:26:01,-0.094,-0.031,0.297,0.172,0.3130591,884.5,34.4,Moving,,,
RT-ACT1,7/15/16,20:26:02,-0.078,-0.031,0.234,0.125,0.248598069,884.5,34.4,Moving,,,
RT-ACT1,7/15/16,20:26:03,-0.094,-0.031,0.203,0.078,0.22584508,884.5,34.4,Moving,,,
RT-ACT1,7/15/16,20:26:04,-0.125,-0.031,0.203,0.047,0.240405907,884.5,34.4,Moving,,,
RT-ACT1,7/15/16,20:26:05,-0.172,-0.047,0.234,0.015,0.294192114,884.5,34.4,Moving,,,
RT-ACT1,7/15/16,20:26:06,-0.219,-0.047,0.203,-0.063,0.302289596,884.5,34.4,Moving,,,
RT-ACT1,7/15/16,20:26:07,-0.266,-0.062,0.188,-0.14,0.331578045,884.5,34.4,Moving,,,
RT-ACT1,7/15/16,20:26:08,-0.312,-0.062,0.203,-0.171,0.37735527,884.5,34.4,Moving,,,
RT-ACT1,7/15/16,20:26:09,-0.344,-0.078,0.234,-0.188,0.423291861,884.5,34.4,Moving,,,
RT-ACT1,7/15/16,20:26:10,-0.375,-0.094,0.234,-0.235,0.451903751,884.9,34.4,Moving,,,
RT-ACT1,7/15/16,20:26:11,-0.391,-0.109,0.266,-0.234,0.485301968,884.9,34.4,Moving,,,
RT-ACT1,7/15/16,20:26:12,-0.359,-0.109,0.297,-0.171,0.478509143,884.9,34.4,Moving,,,
RT-ACT1,7/15/16,20:26:13,-0.297,-0.094,0.344,-0.047,0.464091586,884.9,34.4,Moving,,,
RT-ACT1,7/15/16,20:26:14,-0.25,-0.094,0.406,0.062,0.485975308,884.9,34.4,Moving,,,
RT-ACT1,7/15/16,20:26:15,-0.219,-0.078,0.375,0.078,0.441214234,884.9,34.4,Moving,,,
RT-ACT1,7/15/16,20:26:16,-0.203,-0.062,0.297,0.032,0.365050681,884.9,34.4,Moving,,,
RT-ACT1,7/15/16,20:26:17,-0.266,-0.047,0.281,-0.032,0.389776859,884.9,34.4,Moving,,,
RT-ACT1,7/15/16,20:26:18,-0.297,-0.062,0.297,-0.062,0.424572726,884.9,34.4,Moving,,,
RT-ACT1,7/15/16,20:26:19,-0.312,-0.078,0.312,-0.078,0.448075886,884.9,34.4,Moving,,,
RT-ACT1,7/15/16,20:26:20,-0.328,-0.094,0.312,-0.11,0.462346191,884.9,34.4,Moving,,,
RT-ACT1,7/15/16,20:26:21,-0.344,-0.094,0.312,-0.126,0.473831194,884.9,34.4,Moving,,,
RT-ACT1,7/15/16,20:26:22,-0.344,-0.094,0.328,-0.11,0.484516254,884.9,34.4,Moving,,,
RT-ACT1,7/15/16,20:26:23,-0.344,-0.094,0.297,-0.141,0.464091586,884.9,34.4,Moving,,,
RT-ACT1,7/15/16,20:26:24,-0.344,-0.094,0.312,-0.126,0.473831194,884.9,34.4,Moving,,,
RT-ACT1,7/15/16,20:26:25,-0.328,-0.078,0.281,-0.125,0.438895204,884.9,34.4,Moving,,,
RT-ACT1,7/15/16,20:26:26,-0.312,-0.078,0.312,-0.078,0.448075886,884.9,34.4,Moving,,,
RT-ACT1,7/15/16,20:26:27,-0.297,-0.109,0.391,-0.015,0.502962225,884.9,34.4,Moving,,,
RT-ACT1,7/15/16,20:26:28,-0.234,-0.094,0.328,0,0.413734214,884.9,34.4,Moving,,,
RT-ACT1,7/15/16,20:26:29,-0.156,-0.047,0.203,0,0.260295985,884.9,34.4,Moving,,,
RT-ACT1,7/15/16,20:26:30,-0.141,-0.031,0.219,0.047,0.26230326,884.7,34.4,Moving,,,
RT-ACT1,7/15/16,20:26:31,-0.141,-0.031,0.219,0.047,0.26230326,884.7,34.4,Moving,,,
RT-ACT1,7/15/16,20:26:32,-0.188,0.016,0.297,0.125,0.351865031,884.7,34.4,Moving,,,
RT-ACT1,7/15/16,20:26:33,-0.203,0,0.109,-0.094,0.230412673,884.7,34.4,Moving,,,
RT-ACT1,7/15/16,20:26:34,-0.203,-0.016,0.125,-0.094,0.238935138,884.7,34.4,Moving,,,
RT-ACT1,7/15/16,20:26:35,-0.281,-0.047,0.125,-0.203,0.311118948,884.7,34.4,Moving,,,
RT-ACT1,7/15/16,20:26:36,-0.375,-0.078,0.109,-0.344,0.3982336,884.7,34.4,Moving,,,
RT-ACT1,7/15/16,20:26:37,-0.453,-0.125,0.125,-0.453,0.486270501,884.7,34.4,Moving,,,
RT-ACT1,7/15/16,20:26:38,-0.531,-0.172,0.156,-0.547,0.579552414,884.7,34.4,Moving,,,
RT-ACT1,7/15/16,20:26:39,-0.547,-0.172,0.172,-0.547,0.598645972,884.7,34.4,Moving,,,
RT-ACT1,7/15/16,20:26:40,-0.5,-0.141,0.25,-0.391,0.576524934,884.5,34.4,Moving,,,
RT-ACT1,7/15/16,20:26:41,-0.375,-0.109,0.281,-0.203,0.481110174,884.5,34.4,Moving,,,
RT-ACT1,7/15/16,20:26:42,-0.281,-0.062,0.297,-0.046,0.41353839,884.5,34.4,Moving,,,
RT-ACT1,7/15/16,20:26:43,-0.219,-0.047,0.25,-0.016,0.335663522,884.5,34.4,Moving,,,
RT-ACT1,7/15/16,20:26:44,-0.172,-0.047,0.344,0.125,0.387464837,884.5,34.4,Moving,,,
RT-ACT1,7/15/16,20:26:45,-0.156,-0.062,0.328,0.11,0.368461667,884.5,34.4,Moving,,,
RT-ACT1,7/15/16,20:26:46,-0.172,-0.062,0.297,0.063,0.348764964,884.5,34.4,Moving,,,
RT-ACT1,7/15/16,20:26:47,-0.219,-0.062,0.25,-0.031,0.338090225,884.5,34.4,Moving,,,
RT-ACT1,7/15/16,20:26:48,-0.234,-0.062,0.266,-0.03,0.359660951,884.5,34.4,Moving,,,
RT-ACT1,7/15/16,20:26:49,-0.25,-0.062,0.297,-0.015,0.393132293,884.5,34.4,Moving,,,
RT-ACT1,7/15/16,20:26:50,-0.266,-0.078,0.25,-0.094,0.373282735,884.7,34.4,Moving,,,
RT-ACT1,7/15/16,20:26:51,-0.266,-0.078,0.297,-0.047,0.406262231,884.7,34.4,Moving,,,
RT-ACT1,7/15/16,20:26:52,-0.25,-0.062,0.25,-0.062,0.358948464,884.7,34.4,Moving,,,
RT-ACT1,7/15/16,20:26:53,-0.281,-0.078,0.281,-0.078,0.404976543,884.7,34.4,Moving,,,
RT-ACT1,7/15/16,20:26:54,-0.359,-0.094,0.25,-0.203,0.447456143,884.7,34.4,Moving,,,
RT-ACT1,7/15/16,20:26:55,-0.406,-0.109,0.297,-0.218,0.514709627,884.7,34.4,Moving,,,
RT-ACT1,7/15/16,20:26:56,-0.438,-0.141,0.219,-0.36,0.509593956,884.7,34.4,Moving,,,
RT-ACT1,7/15/16,20:26:57,-0.453,-0.141,0.234,-0.36,0.529004726,884.7,34.4,Moving,,,
RT-ACT1,7/15/16,20:26:58,-0.422,-0.125,0.125,-0.422,0.457530327,884.7,34.4,Moving,,,
RT-ACT1,7/15/16,20:26:59,-0.391,-0.094,0.078,-0.407,0.409635204,884.7,34.4,Moving,,,
RT-ACT1,7/15/16,20:27:00,-0.375,-0.078,0.109,-0.344,0.3982336,884.6,34.4,Moving,,,
RT-ACT1,7/15/16,20:27:01,-0.344,-0.062,0.141,-0.265,0.376909804,884.6,34.4,Moving,,,
RT-ACT1,7/15/16,20:27:02,-0.297,-0.047,0.125,-0.219,0.325642442,884.6,34.4,Moving,,,
RT-ACT1,7/15/16,20:27:03,-0.25,-0.047,0.172,-0.125,0.307071653,884.6,34.4,Moving,,,
RT-ACT1,7/15/16,20:27:04,-0.203,-0.031,0.203,-0.031,0.288754221,884.6,34.4,Moving,,,
RT-ACT1,7/15/16,20:27:05,-0.203,-0.047,0.219,-0.031,0.302289596,884.6,34.4,Moving,,,
RT-ACT1,7/15/16,20:27:06,-0.234,-0.031,0.172,-0.093,0.292063349,884.6,34.4,Moving,,,
RT-ACT1,7/15/16,20:27:07,-0.266,-0.047,0.203,-0.11,0.337896434,884.6,34.4,Moving,,,
RT-ACT1,7/15/16,20:27:08,-0.281,-0.047,0.188,-0.14,0.341341471,884.6,34.4,Moving,,,
RT-ACT1,7/15/16,20:27:29,-0.312,-0.047,0.078,-0.281,0.325018461,884.5,34.4,Moving,,,
RT-ACT1,7/15/16,20:27:30,-0.281,-0.031,0.078,-0.234,0.293267796,884.9,34.4,Moving,,,
RT-ACT1,7/15/16,20:27:31,-0.234,-0.031,0.109,-0.156,0.259996154,884.9,34.4,Moving,,,
RT-ACT1,7/15/16,20:27:32,-0.156,-0.016,0.109,-0.063,0.190979056,884.9,34.4,Moving,,,
RT-ACT1,7/15/16,20:27:33,-0.109,-0.016,0.141,0.016,0.178935743,884.9,34.4,Moving,,,
RT-ACT1,7/15/16,20:27:34,-0.078,-0.016,0.219,0.125,0.23302575,884.9,34.4,Moving,,,
RT-ACT1,7/15/16,20:27:35,-0.062,-0.016,0.266,0.188,0.273598246,884.9,34.4,Moving,,,
RT-ACT1,7/15/16,20:27:36,-0.062,-0.016,0.25,0.172,0.258069758,884.9,34.4,Moving,,,
RT-ACT1,7/15/16,20:27:37,-0.078,-0.031,0.328,0.219,0.338569048,884.9,34.4,Moving,,,
RT-ACT1,7/15/16,20:27:38,-0.125,-0.047,0.359,0.187,0.383033941,884.9,34.4,Moving,,,
RT-ACT1,7/15/16,20:27:39,-0.156,-0.062,0.344,0.126,0.382774085,884.9,34.4,Moving,,,
RT-ACT1,7/15/16,20:27:40,-0.141,-0.062,0.312,0.109,0.347949709,884.8,34.4,Moving,,,
RT-ACT1,7/15/16,20:27:41,-0.109,-0.047,0.297,0.141,0.319842149,884.8,34.4,Moving,,,
RT-ACT1,7/15/16,20:27:42,-0.094,-0.047,0.25,0.109,0.271191814,884.8,34.4,Moving,,,
RT-ACT1,7/15/16,20:27:49,-0.141,-0.016,0.188,0.031,0.235544051,884.8,34.4,Moving,,,
RT-ACT1,7/15/16,20:27:50,-0.219,-0.031,0.125,-0.125,0.254061016,884.8,34.4,Moving,,,
RT-ACT1,7/15/16,20:27:51,-0.328,-0.062,0.172,-0.218,0.375515645,884.8,34.4,Moving,,,
RT-ACT1,7/15/16,20:27:52,-0.391,-0.094,0.172,-0.313,0.437379698,884.8,34.4,Moving,,,
RT-ACT1,7/15/16,20:27:53,-0.469,-0.125,0.188,-0.406,0.520509366,884.8,34.4,Moving,,,
RT-ACT1,7/15/16,20:27:54,-0.5,-0.156,0.25,-0.406,0.58037574,884.8,34.4,Moving,,,
RT-ACT1,7/15/16,20:27:55,-0.484,-0.156,0.281,-0.359,0.580993115,884.8,34.4,Moving,,,
RT-ACT1,7/15/16,20:27:56,-0.422,-0.125,0.297,-0.25,0.530959509,884.8,34.4,Moving,,,
RT-ACT1,7/15/16,20:27:57,-0.312,-0.109,0.312,-0.109,0.454498625,884.8,34.4,Moving,,,
RT-ACT1,7/15/16,20:27:58,-0.203,-0.078,0.359,0.078,0.419730866,884.8,34.4,Moving,,,
RT-ACT1,7/15/16,20:27:59,-0.156,-0.062,0.344,0.126,0.382774085,884.8,34.4,Moving,,,
RT-ACT1,7/15/16,20:28:00,-0.094,-0.031,0.172,0.047,0.198446466,885,34.4,Moving,,,
RT-ACT1,7/15/16,20:28:01,-0.078,-0.016,0.172,0.078,0.189536276,885,34.4,Moving,,,
RT-ACT1,7/15/16,20:28:02,-0.094,-0.016,0.188,0.078,0.210798482,885,34.4,Moving,,,
RT-ACT1,7/15/16,20:28:03,-0.109,-0.016,0.156,0.031,0.190979056,885,34.4,Moving,,,
RT-ACT1,7/15/16,20:28:04,-0.078,-0.016,0.062,-0.032,0.100915806,885,34.4,Moving,,,
RT-ACT1,7/15/16,20:28:05,-0.031,-0.016,0.047,0,0.058532043,885,34.4,Moving,,,
RT-ACT1,7/15/16,20:10:00,-0.031,0.016,0.109,0.094,0.114446494,885.2,35.1,Not Moving,,Release; Defensive Display; rattling,No
RT-ACT1,7/15/16,20:10:01,-0.016,-0.109,0.109,-0.016,0.154977418,885.2,35.1,Not Moving,,,
RT-ACT1,7/15/16,20:10:02,-0.031,-0.094,0.125,0,0.15944278,885.2,35.1,Not Moving,,,
RT-ACT1,7/15/16,20:10:03,0,-0.125,0.141,0.016,0.188430358,885.2,35.1,Not Moving,,,
RT-ACT1,7/15/16,20:10:04,-0.016,0.172,0.266,0.422,0.317168725,885.2,35.1,Not Moving,,,
RT-ACT1,7/15/16,20:10:05,0.016,0.141,0.141,0.298,0.200044995,885.2,35.1,Not Moving,,,
RT-ACT1,7/15/16,20:10:06,0.031,0.125,0.156,0.312,0.202291868,885.2,35.1,Not Moving,,,
RT-ACT1,7/15/16,20:10:07,0,-0.047,0.172,0.125,0.178305917,885.2,35.1,Not Moving,,,
RT-ACT1,7/15/16,20:10:08,-0.031,-0.016,0.219,0.172,0.221761133,885.2,35.1,Not Moving,,,
RT-ACT1,7/15/16,20:10:09,0,0.047,0.156,0.203,0.162926364,885.2,35.1,Not Moving,,,
RT-ACT1,7/15/16,20:10:10,-0.016,-0.031,0.141,0.094,0.145251506,885.4,35.1,Not Moving,,,
RT-ACT1,7/15/16,20:10:11,0.016,-0.094,0.125,0.047,0.157216411,885.4,35.1,Not Moving,,,
RT-ACT1,7/15/16,20:10:12,0.016,-0.141,0.062,-0.063,0.154857999,885.4,35.1,Not Moving,,,
RT-ACT1,7/15/16,20:10:13,-0.016,-0.234,0.109,-0.141,0.258636811,885.4,35.1,Not Moving,,,
RT-ACT1,7/15/16,20:10:14,0,-0.125,0.125,0,0.176776695,885.4,35.1,Not Moving,,,
RT-ACT1,7/15/16,20:10:15,-0.016,-0.125,0.141,0,0.189108435,885.4,35.1,Not Moving,,,
RT-ACT1,7/15/16,20:10:16,0,-0.016,0.234,0.218,0.234546371,885.4,35.1,Not Moving,,,
RT-ACT1,7/15/16,20:10:17,-0.016,-0.078,0.125,0.031,0.148205938,885.4,35.1,Not Moving,,,
RT-ACT1,7/15/16,20:10:18,0,-0.047,0.125,0.078,0.133544,885.4,35.1,Not Moving,,,
RT-ACT1,7/15/16,20:10:19,-0.016,0.156,0.203,0.343,0.256517056,885.4,35.1,Not Moving,,,
RT-ACT1,7/15/16,20:10:20,0,0.062,0.125,0.187,0.139531358,885.1,35.1,Not Moving,,,
RT-ACT1,7/15/16,20:10:21,-0.047,0.469,0.375,0.797,0.602324663,885.1,35.1,Not Moving,,,
RT-ACT1,7/15/16,20:10:22,-0.031,0.297,0.203,0.469,0.361080323,885.1,35.1,Not Moving,,,
RT-ACT1,7/15/16,20:10:23,-0.016,0.156,0.125,0.265,0.200541766,885.1,35.1,Not Moving,,,
RT-ACT1,7/15/16,20:10:24,0.016,0.016,0.078,0.11,0.081215762,885.1,35.1,Not Moving,,,
RT-ACT1,7/15/16,20:10:25,0,-0.062,0.141,0.079,0.154029218,885.1,35.1,Not Moving,,,
RT-ACT1,7/15/16,20:10:26,-0.016,-0.109,0.156,0.031,0.190979056,885.1,35.1,Not Moving,,,
RT-ACT1,7/15/16,20:10:27,0,-0.031,0.156,0.125,0.159050307,885.1,35.1,Not Moving,,,
RT-ACT1,7/15/16,20:10:28,0,-0.172,0.109,-0.063,0.203629566,885.1,35.1,Not Moving,,,
RT-ACT1,7/15/16,20:10:29,0,0.031,0.203,0.234,0.205353354,885.1,35.1,Not Moving,,,
RT-ACT1,7/15/16,20:10:30,-0.016,0.062,0.141,0.187,0.154857999,885.9,35.1,Not Moving,,,
RT-ACT1,7/15/16,20:10:31,0,-0.062,0.141,0.079,0.154029218,885.9,35.1,Not Moving,,,
RT-ACT1,7/15/16,20:10:32,0.047,0.047,0.109,0.203,0.127667537,885.9,35.1,Not Moving,,,
RT-ACT1,7/15/16,20:10:33,-0.016,0,0.141,0.125,0.141904898,885.9,35.1,Not Moving,,,
RT-ACT1,7/15/16,20:10:34,-0.031,-0.188,0.109,-0.11,0.219513098,885.9,35.1,Not Moving,,,
RT-ACT1,7/15/16,20:10:35,-0.031,-0.016,0.219,0.172,0.221761133,885.9,35.1,Not Moving,,,
RT-ACT1,7/15/16,20:10:36,-0.031,-0.078,0.172,0.063,0.191387042,885.9,35.1,Not Moving,,,
RT-ACT1,7/15/16,20:10:37,-0.031,-0.234,0.109,-0.156,0.259996154,885.9,35.1,Not Moving,,,
RT-ACT1,7/15/16,20:10:38,-0.016,-0.094,0.125,0.015,0.157216411,885.9,35.1,Not Moving,,,
RT-ACT1,7/15/16,20:10:39,-0.016,-0.062,0.125,0.047,0.140445719,885.9,35.1,Not Moving,,,
RT-ACT1,7/15/16,20:10:40,-0.031,-0.125,0.156,0,0.202291868,886.2,35.1,Not Moving,,,
RT-ACT1,7/15/16,20:10:41,-0.047,0.031,0.25,0.234,0.256261585,886.2,35.1,Not Moving,,,
RT-ACT1,7/15/16,20:10:42,-0.031,-0.078,0.172,0.063,0.191387042,886.2,35.1,Not Moving,,,
RT-ACT1,7/15/16,20:10:43,-0.047,-0.094,0.203,0.062,0.228591338,886.2,35.1,Not Moving,,,
RT-ACT1,7/15/16,20:10:44,-0.078,0.062,0.25,0.234,0.269124507,886.2,35.1,Not Moving,,,
RT-ACT1,7/15/16,20:10:45,-0.094,-0.016,0.188,0.078,0.210798482,886.2,35.1,Not Moving,,,
RT-ACT1,7/15/16,20:10:46,-0.078,0,0.172,0.094,0.188859736,886.2,35.1,Not Moving,,,
RT-ACT1,7/15/16,20:10:47,-0.047,0.016,0.219,0.188,0.224557342,886.2,35.1,Not Moving,,,
RT-ACT1,7/15/16,20:10:48,-0.062,-0.078,0.25,0.11,0.269124507,886.2,35.1,Not Moving,,,
RT-ACT1,7/15/16,20:10:49,-0.047,-0.031,0.188,0.11,0.196249841,886.2,35.1,Not Moving,,,
RT-ACT1,7/15/16,20:10:50,-0.062,0.016,0.188,0.142,0.198605136,885.9,35.1,Not Moving,,,
RT-ACT1,7/15/16,20:10:51,-0.047,0.031,0.203,0.187,0.210663238,885.9,35.1,Not Moving,,,
RT-ACT1,7/15/16,20:10:52,-0.047,-0.125,0.188,0.016,0.230603556,885.9,35.1,Not Moving,,,
RT-ACT1,7/15/16,20:10:53,-0.047,0.016,0.219,0.188,0.224557342,885.9,35.1,Not Moving,,,
RT-ACT1,7/15/16,20:10:54,-0.062,-0.062,0.172,0.048,0.193059576,885.9,35.1,Not Moving,,,
RT-ACT1,7/15/16,20:10:55,-0.062,0.016,0.234,0.188,0.242602556,885.9,35.1,Not Moving,,,
RT-ACT1,7/15/16,20:10:56,-0.047,0.016,0.219,0.188,0.224557342,885.9,35.1,Not Moving,,,
RT-ACT1,7/15/16,20:10:57,-0.062,-0.016,0.281,0.203,0.288203053,885.9,35.1,Not Moving,,,
RT-ACT1,7/15/16,20:10:58,-0.062,0.062,0.281,0.281,0.294362022,885.9,35.1,Not Moving,,,
RT-ACT1,7/15/16,20:10:59,-0.047,-0.109,0.172,0.016,0.208983253,885.9,35.1,Not Moving,,,
RT-ACT1,7/15/16,20:11:00,-0.078,-0.078,0.25,0.094,0.27325446,885.7,35.1,Not Moving,,,
RT-ACT1,7/15/16,20:11:01,-0.062,-0.141,0.203,0,0.254821506,885.7,35.1,Not Moving,,,
RT-ACT1,7/15/16,20:11:02,-0.047,-0.047,0.203,0.109,0.213604775,885.7,35.1,Not Moving,,,
RT-ACT1,7/15/16,20:11:03,-0.062,-0.062,0.156,0.032,0.178952508,885.7,35.1,Not Moving,,,
RT-ACT1,7/15/16,20:11:04,-0.031,-0.125,0.109,-0.047,0.168721664,885.7,35.1,Not Moving,,,
RT-ACT1,7/15/16,20:11:05,-0.031,-0.141,0.109,-0.063,0.180894997,885.7,35.1,Not Moving,,,
RT-ACT1,7/15/16,20:11:06,-0.016,-0.156,0.141,-0.031,0.210886225,885.7,35.1,Not Moving,,,
RT-ACT1,7/15/16,20:11:07,-0.031,-0.094,0.156,0.031,0.184751184,885.7,35.1,Not Moving,,,
RT-ACT1,7/15/16,20:11:08,-0.031,-0.031,0.203,0.141,0.207680042,885.7,35.1,Not Moving,,,
RT-ACT1,7/15/16,20:11:09,-0.031,0.016,0.188,0.173,0.191209309,885.7,35.1,Not Moving,,,
RT-ACT1,7/15/16,20:11:10,-0.047,-0.094,0.172,0.031,0.201566366,885.6,35.1,Not Moving,,,
RT-ACT1,7/15/16,20:11:11,-0.062,0.062,0.266,0.266,0.28007856,885.6,35.1,Not Moving,,,
RT-ACT1,7/15/16,20:11:12,-0.047,0.031,0.109,0.093,0.122682517,885.6,35.1,Not Moving,,,
RT-ACT1,7/15/16,20:11:13,-0.016,0.141,0.25,0.375,0.28746652,885.6,35.1,Not Moving,,,
RT-ACT1,7/15/16,20:11:14,-0.016,0.047,0.141,0.172,0.149485785,885.6,35.1,Not Moving,,,
RT-ACT1,7/15/16,20:11:15,-0.047,0,0.172,0.125,0.178305917,885.6,35.1,Not Moving,,,
RT-ACT1,7/15/16,20:11:16,-0.062,0.203,0.234,0.375,0.315925624,885.6,35.1,Not Moving,,,
RT-ACT1,7/15/16,20:11:17,-0.062,-0.016,0.141,0.063,0.154857999,885.6,35.1,Not Moving,,,
RT-ACT1,7/15/16,20:11:18,-0.031,-0.016,0.141,0.094,0.145251506,885.6,35.1,Not Moving,,,
RT-ACT1,7/15/16,20:11:19,-0.031,-0.078,0.141,0.032,0.164091438,885.6,35.1,Not Moving,,,
RT-ACT1,7/15/16,20:11:20,-0.031,-0.094,0.172,0.047,0.198446466,885.8,35.1,Not Moving,,,
RT-ACT1,7/15/16,20:11:21,-0.031,0.094,0.234,0.297,0.254072824,885.8,35.1,Not Moving,,,
RT-ACT1,7/15/16,20:11:22,-0.062,-0.109,0.172,0.001,0.212859108,885.8,35.1,Not Moving,,,
RT-ACT1,7/15/16,20:11:23,-0.062,0.031,0.281,0.25,0.289423565,885.8,35.1,Not Moving,,,
RT-ACT1,7/15/16,20:11:24,-0.047,-0.094,0.172,0.031,0.201566366,885.8,35.1,Not Moving,,,
RT-ACT1,7/15/16,20:11:25,-0.016,-0.141,0.094,-0.063,0.17021457,885.8,35.1,Not Moving,,,
RT-ACT1,7/15/16,20:11:26,-0.016,-0.109,0.125,0,0.166619327,885.8,35.1,Not Moving,,,
RT-ACT1,7/15/16,20:11:27,-0.047,0.062,0.281,0.296,0.291571604,885.8,35.1,Not Moving,,,
RT-ACT1,7/15/16,20:11:28,-0.031,0,0.156,0.125,0.159050307,885.8,35.1,Not Moving,,,
RT-ACT1,7/15/16,20:11:29,-0.062,-0.031,0.203,0.11,0.214508741,885.8,35.1,Not Moving,,,
RT-ACT1,7/15/16,20:11:30,-0.047,0.094,0.172,0.219,0.201566366,886,35.1,Not Moving,,,
RT-ACT1,7/15/16,20:11:31,-0.031,-0.047,0.109,0.031,0.122682517,886,35.1,Not Moving,,,
RT-ACT1,7/15/16,20:11:32,-0.047,0.094,0.328,0.375,0.344425609,886,35.1,Not Moving,,,
RT-ACT1,7/15/16,20:11:33,-0.031,0.016,0.188,0.173,0.191209309,886,35.1,Not Moving,,,
RT-ACT1,7/15/16,20:11:34,-0.047,0.031,0.188,0.172,0.196249841,886,35.1,Not Moving,,,
RT-ACT1,7/15/16,20:11:35,-0.016,0.047,0.094,0.125,0.106306162,886,35.1,Not Moving,,,
RT-ACT1,7/15/16,20:11:36,-0.031,0.094,0.219,0.282,0.240328941,886,35.1,Not Moving,,,
RT-ACT1,7/15/16,20:11:37,-0.016,-0.078,0.141,0.047,0.161928997,886,35.1,Not Moving,,,
RT-ACT1,7/15/16,20:11:38,-0.047,-0.047,0.234,0.14,0.243257066,886,35.1,Not Moving,,,
RT-ACT1,7/15/16,20:11:39,-0.078,0.047,0.25,0.219,0.26606954,886,35.1,Not Moving,,,
RT-ACT1,7/15/16,20:11:40,-0.062,-0.031,0.156,0.063,0.170707352,885.3,35.1,Not Moving,,,
RT-ACT1,7/15/16,20:11:41,-0.094,0.156,0.297,0.359,0.348397761,885.3,35.1,Not Moving,,,
RT-ACT1,7/15/16,20:11:42,-0.078,0.047,0.266,0.235,0.28115654,885.3,35.1,Not Moving,,,
RT-ACT1,7/15/16,20:11:43,-0.062,-0.125,0.188,0.001,0.234121763,885.3,35.1,Not Moving,,,
RT-ACT1,7/15/16,20:11:44,-0.062,0.047,0.219,0.204,0.232409122,885.3,35.1,Not Moving,,,
RT-ACT1,7/15/16,20:11:45,-0.031,-0.047,0.125,0.047,0.137094858,885.3,35.1,Not Moving,,,
RT-ACT1,7/15/16,20:11:46,-0.031,-0.031,0.188,0.126,0.193044036,885.3,35.1,Not Moving,,,
RT-ACT1,7/15/16,20:11:47,-0.047,-0.078,0.156,0.031,0.180634991,885.3,35.1,Not Moving,,,
RT-ACT1,7/15/16,20:11:48,-0.078,0.141,0.25,0.313,0.297430664,885.3,35.1,Not Moving,,,
RT-ACT1,7/15/16,20:11:49,-0.047,0.156,0.234,0.343,0.285133302,885.3,35.1,Not Moving,,,
RT-ACT1,7/15/16,20:11:50,-0.031,0.047,0.172,0.188,0.180980662,885.6,35.1,Not Moving,,,
RT-ACT1,7/15/16,20:11:51,-0.047,0,0.234,0.187,0.238673417,885.6,35.1,Not Moving,,,
RT-ACT1,7/15/16,20:11:52,-0.031,-0.016,0.141,0.094,0.145251506,885.6,35.1,Not Moving,,,
RT-ACT1,7/15/16,20:11:53,-0.047,-0.016,0.219,0.156,0.224557342,885.6,35.1,Not Moving,,,
RT-ACT1,7/15/16,20:11:54,-0.016,0,0.219,0.203,0.219583697,885.6,35.1,Not Moving,,,
RT-ACT1,7/15/16,20:11:55,-0.016,-0.156,0.172,0,0.232757384,885.6,35.1,Not Moving,,,
RT-ACT1,7/15/16,20:11:56,0,-0.094,0.172,0.078,0.196010204,885.6,35.1,Not Moving,,,
RT-ACT1,7/15/16,20:11:57,0,-0.078,0.172,0.094,0.188859736,885.6,35.1,Not Moving,,,
RT-ACT1,7/15/16,20:11:58,-0.031,0.016,0.219,0.204,0.221761133,885.6,35.1,Not Moving,,,
RT-ACT1,7/15/16,20:11:59,-0.031,-0.078,0.141,0.032,0.164091438,885.6,35.1,Not Moving,,,
RT-ACT1,7/15/16,20:12:00,0,-0.094,0.109,0.015,0.143934013,885.8,35.1,Not Moving,,,
RT-ACT1,7/15/16,20:12:01,-0.031,-0.031,0.219,0.157,0.223345025,885.8,35.1,Not Moving,,,
RT-ACT1,7/15/16,20:12:02,-0.078,-0.016,0.25,0.156,0.262373779,885.8,35.1,Not Moving,,,
RT-ACT1,7/15/16,20:12:03,-0.062,-0.156,0.125,-0.093,0.20929644,885.8,35.1,Not Moving,,,
RT-ACT1,7/15/16,20:12:04,-0.094,-0.016,0.297,0.187,0.311931082,885.8,35.1,Not Moving,,,
RT-ACT1,7/15/16,20:12:05,-0.109,-0.062,0.156,-0.015,0.200152442,885.8,35.1,Not Moving,,,
RT-ACT1,7/15/16,20:12:06,-0.109,0.031,0.188,0.11,0.219513098,885.8,35.1,Not Moving,,,
RT-ACT1,7/15/16,20:12:07,-0.062,0,0.188,0.126,0.197959592,885.8,35.1,Not Moving,,,
RT-ACT1,7/15/16,20:12:08,-0.047,-0.047,0.219,0.125,0.228864589,885.8,35.1,Not Moving,,,
RT-ACT1,7/15/16,20:12:09,-0.047,-0.031,0.219,0.141,0.226121649,885.8,35.1,Not Moving,,,
RT-ACT1,7/15/16,20:12:10,-0.047,-0.031,0.156,0.078,0.165849329,885.7,35.1,Not Moving,,,
RT-ACT1,7/15/16,20:12:11,-0.078,0,0.219,0.141,0.232475805,885.7,35.1,Not Moving,,,
RT-ACT1,7/15/16,20:12:12,-0.062,-0.078,0.188,0.048,0.212772179,885.7,35.1,Not Moving,,,
RT-ACT1,7/15/16,20:12:13,-0.078,0.031,0.25,0.203,0.26371386,885.7,35.1,Not Moving,,,
RT-ACT1,7/15/16,20:12:14,-0.109,0.016,0.281,0.188,0.301824452,885.7,35.1,Not Moving,,,
RT-ACT1,7/15/16,20:12:15,-0.094,0.047,0.25,0.203,0.271191814,885.7,35.1,Not Moving,,,
RT-ACT1,7/15/16,20:12:16,-0.047,-0.078,0.172,0.047,0.194620143,885.7,35.1,Not Moving,,,
RT-ACT1,7/15/16,20:12:17,-0.047,-0.016,0.203,0.14,0.208983253,885.7,35.1,Not Moving,,,
RT-ACT1,7/15/16,20:12:18,-0.078,0.031,0.234,0.187,0.248598069,885.7,35.1,Not Moving,,,
RT-ACT1,7/15/16,20:12:19,-0.094,-0.047,0.234,0.093,0.256517056,885.7,35.1,Not Moving,,,
RT-ACT1,7/15/16,20:12:20,-0.047,-0.062,0.203,0.094,0.217398252,886,35.1,Not Moving,,,
RT-ACT1,7/15/16,20:12:21,-0.016,-0.141,0.156,-0.001,0.210886225,886,35.1,Not Moving,,,
RT-ACT1,7/15/16,20:12:22,-0.047,-0.109,0.172,0.016,0.208983253,886,35.1,Not Moving,,,
RT-ACT1,7/15/16,20:12:23,-0.062,0.016,0.188,0.142,0.198605136,886,35.1,Not Moving,,,
RT-ACT1,7/15/16,20:12:24,-0.062,-0.047,0.203,0.094,0.217398252,886,35.1,Not Moving,,,
RT-ACT1,7/15/16,20:12:25,-0.062,0.031,0.25,0.219,0.259432072,886,35.1,Not Moving,,,
RT-ACT1,7/15/16,20:12:26,-0.062,-0.062,0.125,0.001,0.152685952,886,35.1,Not Moving,,,
RT-ACT1,7/15/16,20:12:27,-0.078,0,0.219,0.141,0.232475805,886,35.1,Not Moving,,,
RT-ACT1,7/15/16,20:12:28,-0.047,0,0.281,0.234,0.284903492,886,35.1,Not Moving,,,
RT-ACT1,7/15/16,20:12:29,-0.031,-0.047,0.172,0.094,0.180980662,886,35.1,Not Moving,,,
RT-ACT1,7/15/16,20:12:30,-0.016,-0.062,0.188,0.11,0.198605136,886,35.1,Not Moving,,,
RT-ACT1,7/15/16,20:12:31,-0.031,-0.109,0.172,0.032,0.205975727,886,35.1,Not Moving,,,
RT-ACT1,7/15/16,20:12:32,-0.047,0.078,0.234,0.265,0.251095599,886,35.1,Not Moving,,,
RT-ACT1,7/15/16,20:12:33,-0.031,0.031,0.156,0.156,0.162043204,886,35.1,Not Moving,,,
RT-ACT1,7/15/16,20:12:34,-0.031,0.125,0.172,0.266,0.214872055,886,35.1,Not Moving,,,
RT-ACT1,7/15/16,20:12:35,-0.031,-0.031,0.156,0.094,0.162043204,886,35.1,Not Moving,,,
RT-ACT1,7/15/16,20:12:36,-0.062,-0.031,0.219,0.126,0.229708511,886,35.1,Not Moving,,,
RT-ACT1,7/15/16,20:12:37,-0.047,-0.016,0.156,0.093,0.16371011,886,35.1,Not Moving,,,
RT-ACT1,7/15/16,20:12:38,-0.031,-0.078,0.141,0.032,0.164091438,886,35.1,Not Moving,,,
RT-ACT1,7/15/16,20:12:39,-0.047,-0.062,0.172,0.063,0.188777647,886,35.1,Not Moving,,,
RT-ACT1,7/15/16,20:12:40,-0.062,-0.062,0.156,0.032,0.178952508,885.6,35.1,Not Moving,,,
RT-ACT1,7/15/16,20:12:41,-0.078,-0.016,0.219,0.125,0.23302575,885.6,35.1,Not Moving,,,
RT-ACT1,7/15/16,20:12:42,-0.062,0,0.172,0.11,0.182833257,885.6,35.1,Not Moving,,,
RT-ACT1,7/15/16,20:12:43,-0.062,-0.016,0.203,0.125,0.212859108,885.6,35.1,Not Moving,,,
RT-ACT1,7/15/16,20:12:44,-0.078,0.031,0.203,0.156,0.219667931,885.6,35.1,Not Moving,,,
RT-ACT1,7/15/16,20:12:45,-0.078,0,0.172,0.094,0.188859736,885.6,35.1,Not Moving,,,
RT-ACT1,7/15/16,20:12:46,-0.062,0.078,0.203,0.219,0.226134915,885.6,35.1,Not Moving,,,
RT-ACT1,7/15/16,20:12:47,-0.062,-0.047,0.172,0.063,0.188777647,885.6,35.1,Not Moving,,,
RT-ACT1,7/15/16,20:12:48,-0.047,-0.078,0.125,0,0.154654454,885.6,35.1,Not Moving,,,
RT-ACT1,7/15/16,20:12:49,-0.078,-0.031,0.188,0.079,0.205885891,885.6,35.1,Not Moving,,,
RT-ACT1,7/15/16,20:12:50,-0.062,0.047,0.203,0.188,0.217398252,886.5,35.1,Not Moving,,,
RT-ACT1,7/15/16,20:12:51,-0.047,0.141,0.234,0.328,0.277211111,886.5,35.1,Not Moving,,,
RT-ACT1,7/15/16,20:12:52,-0.078,0.094,0.188,0.204,0.224196343,886.5,35.1,Not Moving,,,
RT-ACT1,7/15/16,20:12:53,-0.047,0.125,0.25,0.328,0.283432532,886.5,35.1,Not Moving,,,
RT-ACT1,7/15/16,20:12:54,-0.047,0.047,0.156,0.156,0.169570045,886.5,35.1,Not Moving,,,
RT-ACT1,7/15/16,20:12:55,0,0.016,0.078,0.094,0.079624117,886.5,35.1,Not Moving,,,
RT-ACT1,7/15/16,20:12:56,-0.031,0.016,0.094,0.079,0.10026465,886.5,35.1,Not Moving,,,
RT-ACT1,7/15/16,20:12:57,-0.047,0.031,0.125,0.109,0.137094858,886.5,35.1,Not Moving,,,
RT-ACT1,7/15/16,20:12:58,-0.016,0,0.141,0.125,0.141904898,886.5,35.1,Not Moving,,,
RT-ACT1,7/15/16,20:12:59,-0.047,0.031,0.266,0.25,0.271893361,886.5,35.1,Not Moving,,,
RT-ACT1,7/15/16,20:13:00,-0.047,0.031,0.203,0.187,0.210663238,885.5,35.1,Not Moving,,,
RT-ACT1,7/15/16,20:13:01,-0.078,0,0.203,0.125,0.217469538,885.5,35.1,Not Moving,,,
RT-ACT1,7/15/16,20:13:02,-0.078,0,0.172,0.094,0.188859736,885.5,35.1,Not Moving,,,
RT-ACT1,7/15/16,20:13:03,-0.078,-0.016,0.203,0.109,0.218057332,885.5,35.1,Not Moving,,,
RT-ACT1,7/15/16,20:13:04,-0.062,-0.016,-0.016,-0.094,0.066,885.5,35.1,Not Moving,,,
RT-ACT1,7/15/16,20:13:05,-0.047,0,-0.016,-0.063,0.049648766,885.5,35.1,Not Moving,,,
RT-ACT1,7/15/16,20:13:06,-0.047,0,0,-0.047,0.047,885.5,35.1,Not Moving,,,
RT-ACT1,7/15/16,20:13:07,-0.047,0,-0.016,-0.063,0.049648766,885.5,35.1,Not Moving,,,
RT-ACT1,7/15/16,20:13:08,-0.047,0,0,-0.047,0.047,885.5,35.1,Not Moving,,,
RT-ACT1,7/15/16,20:13:09,-0.062,0,0,-0.062,0.062,885.5,35.1,Not Moving,,,
RT-ACT1,7/15/16,20:13:10,-0.062,0,0,-0.062,0.062,885.7,35.1,Not Moving,,,
RT-ACT1,7/15/16,20:13:11,-0.047,0,-0.016,-0.063,0.049648766,885.7,35.1,Not Moving,,,
RT-ACT1,7/15/16,20:13:12,-0.047,0,-0.016,-0.063,0.049648766,885.7,35.1,Not Moving,,,
RT-ACT1,7/15/16,20:13:13,-0.047,0,-0.016,-0.063,0.049648766,885.7,35.1,Not Moving,,,
RT-ACT1,7/15/16,20:13:14,-0.047,0,-0.016,-0.063,0.049648766,885.7,35.1,Not Moving,,,
RT-ACT1,7/15/16,20:13:15,-0.047,0,0,-0.047,0.047,885.7,35.1,Not Moving,,,
RT-ACT1,7/15/16,20:13:16,-0.047,0,-0.016,-0.063,0.049648766,885.7,35.1,Not Moving,,,
RT-ACT1,7/15/16,20:13:17,-0.047,0,0,-0.047,0.047,885.7,35.1,Not Moving,,,
RT-ACT1,7/15/16,20:13:18,-0.047,0,0,-0.047,0.047,885.7,35.1,Not Moving,,,
RT-ACT1,7/15/16,20:13:19,-0.047,0,-0.016,-0.063,0.049648766,885.7,35.1,Not Moving,,,
RT-ACT1,7/15/16,20:13:20,-0.047,0,0,-0.047,0.047,886.2,35.1,Not Moving,,,
RT-ACT1,7/15/16,20:13:21,-0.047,0,0,-0.047,0.047,886.2,35.1,Not Moving,,,
RT-ACT1,7/15/16,20:13:22,-0.047,0,0,-0.047,0.047,886.2,35.1,Not Moving,,,
RT-ACT1,7/15/16,20:13:23,-0.047,0,-0.016,-0.063,0.049648766,886.2,35.1,Not Moving,,,
RT-ACT1,7/15/16,20:13:24,-0.047,0,0,-0.047,0.047,886.2,35.1,Not Moving,,,
RT-ACT1,7/15/16,20:13:25,-0.047,0,-0.016,-0.063,0.049648766,886.2,35.1,Not Moving,,,
RT-ACT1,7/15/16,20:13:26,-0.047,0,-0.016,-0.063,0.049648766,886.2,35.1,Not Moving,,,
RT-ACT1,7/15/16,20:13:27,-0.047,0,-0.016,-0.063,0.049648766,886.2,35.1,Not Moving,,,
RT-ACT1,7/15/16,20:13:28,-0.047,0,-0.016,-0.063,0.049648766,886.2,35.1,Not Moving,,,
RT-ACT1,7/15/16,20:13:29,-0.062,-0.047,-0.016,-0.125,0.079429214,886.2,35.1,Not Moving,,,
RT-ACT1,7/15/16,20:13:30,-0.062,-0.031,-0.016,-0.109,0.071140706,886.4,35.1,Not Moving,,,
RT-ACT1,7/15/16,20:13:31,-0.062,-0.016,-0.016,-0.094,0.066,886.4,35.1,Not Moving,,,
RT-ACT1,7/15/16,20:13:32,-0.062,0,-0.016,-0.078,0.064031242,886.4,35.1,Not Moving,,,
RT-ACT1,7/15/16,20:13:33,-0.047,0,-0.016,-0.063,0.049648766,886.4,35.1,Not Moving,,,
RT-ACT1,7/15/16,20:13:34,-0.062,0,-0.031,-0.093,0.069318107,886.4,35.1,Not Moving,,,
RT-ACT1,7/15/16,20:13:35,-0.031,-0.031,-0.25,-0.312,0.253814893,886.4,35.1,Not Moving,,,
RT-ACT1,7/15/16,20:13:36,-0.141,-0.281,-0.859,-1.281,0.914725642,886.4,35.1,Not Moving,,,
RT-ACT1,7/15/16,20:14:25,-0.391,-0.125,0.359,-0.157,0.545332009,886.4,35.1,Not Moving,,,
RT-ACT1,7/15/16,20:14:26,-0.406,-0.141,0.344,-0.203,0.550502498,886.4,35.1,Not Moving,,,
RT-ACT1,7/15/16,20:14:27,-0.406,-0.141,0.312,-0.235,0.531094154,886.4,35.1,Not Moving,,,
RT-ACT1,7/15/16,20:14:28,-0.406,-0.141,0.312,-0.235,0.531094154,886.4,35.1,Not Moving,,,
RT-ACT1,7/15/16,20:14:29,-0.422,-0.141,0.297,-0.266,0.534952334,886.4,35.1,Not Moving,,,
RT-ACT1,7/15/16,20:14:30,-0.422,-0.125,0.297,-0.25,0.530959509,885.9,35.1,Not Moving,,,
RT-ACT1,7/15/16,20:14:31,-0.422,-0.125,0.297,-0.25,0.530959509,885.9,35.1,Not Moving,,,
RT-ACT1,7/15/16,20:14:32,-0.422,-0.125,0.297,-0.25,0.530959509,885.9,35.1,Not Moving,,,
RT-ACT1,7/15/16,20:14:33,-0.422,-0.141,0.297,-0.266,0.534952334,885.9,35.1,Not Moving,,,
RT-ACT1,7/15/16,20:14:34,-0.422,-0.141,0.297,-0.266,0.534952334,885.9,35.1,Not Moving,,,
RT-ACT1,7/15/16,20:14:35,-0.422,-0.125,0.297,-0.25,0.530959509,885.9,35.1,Not Moving,,,
RT-ACT1,7/15/16,20:14:36,-0.422,-0.125,0.281,-0.266,0.522178131,885.9,35.1,Not Moving,,,
RT-ACT1,7/15/16,20:14:37,-0.422,-0.125,0.281,-0.266,0.522178131,885.9,35.1,Not Moving,,,
RT-ACT1,7/15/16,20:14:38,-0.422,-0.125,0.297,-0.25,0.530959509,885.9,35.1,Not Moving,,,
RT-ACT1,7/15/16,20:14:39,-0.422,-0.125,0.281,-0.266,0.522178131,885.9,35.1,Not Moving,,,
RT-ACT1,7/15/16,20:14:40,-0.422,-0.125,0.281,-0.266,0.522178131,886.2,35.1,Not Moving,,,
RT-ACT1,7/15/16,20:14:41,-0.422,-0.125,0.281,-0.266,0.522178131,886.2,35.1,Not Moving,,,
RT-ACT1,7/15/16,20:14:42,-0.422,-0.125,0.281,-0.266,0.522178131,886.2,35.1,Not Moving,,,
RT-ACT1,7/15/16,20:14:43,-0.422,-0.125,0.281,-0.266,0.522178131,886.2,35.1,Not Moving,,,
RT-ACT1,7/15/16,20:14:44,-0.422,-0.125,0.281,-0.266,0.522178131,886.2,35.1,Not Moving,,,
RT-ACT1,7/15/16,20:14:45,-0.422,-0.125,0.281,-0.266,0.522178131,886.2,35.1,Not Moving,,,
RT-ACT1,7/15/16,20:14:46,-0.422,-0.125,0.281,-0.266,0.522178131,886.2,35.1,Not Moving,,,
RT-ACT1,7/15/16,20:14:47,-0.422,-0.125,0.281,-0.266,0.522178131,886.2,35.1,Not Moving,,,
RT-ACT1,7/15/16,20:14:48,-0.422,-0.125,0.281,-0.266,0.522178131,886.2,35.1,Not Moving,,,
RT-ACT1,7/15/16,20:14:49,-0.422,-0.125,0.281,-0.266,0.522178131,886.2,35.1,Not Moving,,,
RT-ACT1,7/15/16,20:14:50,-0.422,-0.125,0.281,-0.266,0.522178131,885.8,35.1,Not Moving,,,
RT-ACT1,7/15/16,20:14:51,-0.422,-0.125,0.266,-0.281,0.514261607,885.8,35.1,Not Moving,,,
RT-ACT1,7/15/16,20:14:52,-0.422,-0.125,0.281,-0.266,0.522178131,885.8,35.1,Not Moving,,,
RT-ACT1,7/15/16,20:14:53,-0.422,-0.125,0.281,-0.266,0.522178131,885.8,35.1,Not Moving,,,
RT-ACT1,7/15/16,20:14:54,-0.422,-0.125,0.281,-0.266,0.522178131,885.8,35.1,Not Moving,,,
RT-ACT1,7/15/16,20:14:55,-0.422,-0.125,0.281,-0.266,0.522178131,885.8,35.1,Not Moving,,,
RT-ACT1,7/15/16,20:14:56,-0.422,-0.125,0.266,-0.281,0.514261607,885.8,35.1,Not Moving,,,
RT-ACT1,7/15/16,20:14:57,-0.422,-0.125,0.266,-0.281,0.514261607,885.8,35.1,Not Moving,,,
RT-ACT1,7/15/16,20:14:58,-0.406,-0.125,0.281,-0.25,0.50933486,885.8,35.1,Not Moving,,,
RT-ACT1,7/15/16,20:14:59,-0.422,-0.109,0.281,-0.25,0.518580756,885.8,35.1,Not Moving,,,
RT-ACT1,7/15/16,20:15:00,-0.406,-0.125,0.281,-0.25,0.50933486,885.4,35.1,Not Moving,,,
RT-ACT1,7/15/16,20:15:01,-0.406,-0.125,0.281,-0.25,0.50933486,885.4,35.1,Not Moving,,,
RT-ACT1,7/15/16,20:15:02,-0.406,-0.125,0.266,-0.265,0.501215523,885.4,35.1,Not Moving,,,
RT-ACT1,7/15/16,20:15:03,-0.406,-0.125,0.281,-0.25,0.50933486,885.4,35.1,Not Moving,,,
RT-ACT1,7/15/16,20:15:04,-0.406,-0.125,0.281,-0.25,0.50933486,885.4,35.1,Not Moving,,,
RT-ACT1,7/15/16,20:15:05,-0.406,-0.125,0.281,-0.25,0.50933486,885.4,35.1,Not Moving,,,
RT-ACT1,7/15/16,20:15:06,-0.406,-0.125,0.281,-0.25,0.50933486,885.4,35.1,Not Moving,,,
RT-ACT1,7/15/16,20:15:07,-0.406,-0.125,0.281,-0.25,0.50933486,885.4,35.1,Not Moving,,,
RT-ACT1,7/15/16,20:15:08,-0.406,-0.125,0.281,-0.25,0.50933486,885.4,35.1,Not Moving,,,
RT-ACT1,7/15/16,20:15:09,-0.406,-0.109,0.281,-0.234,0.505646121,885.4,35.1,Not Moving,,,
RT-ACT1,7/15/16,20:15:10,-0.406,-0.125,0.281,-0.25,0.50933486,885.6,35,Not Moving,,,
RT-ACT1,7/15/16,20:15:11,-0.406,-0.109,0.281,-0.234,0.505646121,885.6,35,Not Moving,,,
RT-ACT1,7/15/16,20:15:12,-0.406,-0.109,0.281,-0.234,0.505646121,885.6,35,Not Moving,,,
RT-ACT1,7/15/16,20:15:13,-0.406,-0.109,0.281,-0.234,0.505646121,885.6,35,Not Moving,,,
RT-ACT1,7/15/16,20:15:14,-0.406,-0.109,0.281,-0.234,0.505646121,885.6,35,Not Moving,,,
RT-ACT1,7/15/16,20:15:15,-0.391,-0.109,0.266,-0.234,0.485301968,885.6,35,Not Moving,,,
RT-ACT1,7/15/16,20:15:16,-0.406,-0.109,0.297,-0.218,0.514709627,885.6,35,Not Moving,,,
RT-ACT1,7/15/16,20:15:17,-0.406,-0.125,0.281,-0.25,0.50933486,885.6,35,Not Moving,,,
RT-ACT1,7/15/16,20:15:18,-0.406,-0.125,0.297,-0.234,0.518333869,885.6,35,Not Moving,,,
RT-ACT1,7/15/16,20:15:19,-0.406,-0.125,0.281,-0.25,0.50933486,885.6,35,Not Moving,,,
RT-ACT1,7/15/16,20:15:20,-0.406,-0.125,0.281,-0.25,0.50933486,885.3,35,Not Moving,,,
RT-ACT1,7/15/16,20:15:21,-0.406,-0.125,0.297,-0.234,0.518333869,885.3,35,Not Moving,,,
RT-ACT1,7/15/16,20:15:22,-0.406,-0.125,0.281,-0.25,0.50933486,885.3,35,Not Moving,,,
RT-ACT1,7/15/16,20:15:23,-0.406,-0.125,0.281,-0.25,0.50933486,885.3,35,Not Moving,,,
RT-ACT1,7/15/16,20:15:24,-0.406,-0.125,0.281,-0.25,0.50933486,885.3,35,Not Moving,,,
RT-ACT1,7/15/16,20:15:25,-0.406,-0.125,0.281,-0.25,0.50933486,885.3,35,Not Moving,,,
RT-ACT1,7/15/16,20:15:26,-0.406,-0.125,0.281,-0.25,0.50933486,885.3,35,Not Moving,,,
RT-ACT1,7/15/16,20:15:27,-0.406,-0.109,0.281,-0.234,0.505646121,885.3,35,Not Moving,,,
RT-ACT1,7/15/16,20:15:28,-0.406,-0.109,0.281,-0.234,0.505646121,885.3,35,Not Moving,,,
RT-ACT1,7/15/16,20:15:29,-0.406,-0.109,0.281,-0.234,0.505646121,885.3,35,Not Moving,,,
RT-ACT1,7/15/16,20:15:30,-0.391,-0.109,0.266,-0.234,0.485301968,885.2,35,Not Moving,,,
RT-ACT1,7/15/16,20:15:31,-0.391,-0.109,0.281,-0.219,0.493683097,885.2,35,Not Moving,,,
RT-ACT1,7/15/16,20:15:32,-0.391,-0.109,0.266,-0.234,0.485301968,885.2,35,Not Moving,,,
RT-ACT1,7/15/16,20:15:33,-0.391,-0.109,0.281,-0.219,0.493683097,885.2,35,Not Moving,,,
RT-ACT1,7/15/16,20:15:34,-0.391,-0.109,0.281,-0.219,0.493683097,885.2,35,Not Moving,,,
RT-ACT1,7/15/16,20:15:35,-0.391,-0.109,0.281,-0.219,0.493683097,885.2,35,Not Moving,,,
RT-ACT1,7/15/16,20:15:36,-0.391,-0.109,0.281,-0.219,0.493683097,885.2,35,Not Moving,,,
RT-ACT1,7/15/16,20:15:37,-0.391,-0.109,0.266,-0.234,0.485301968,885.2,35,Not Moving,,,
RT-ACT1,7/15/16,20:15:38,-0.391,-0.109,0.266,-0.234,0.485301968,885.2,35,Not Moving,,,
RT-ACT1,7/15/16,20:15:39,-0.391,-0.109,0.281,-0.219,0.493683097,885.2,35,Not Moving,,,
RT-ACT1,7/15/16,20:15:40,-0.391,-0.109,0.266,-0.234,0.485301968,885.3,35,Not Moving,,,
RT-ACT1,7/15/16,20:15:41,-0.391,-0.109,0.266,-0.234,0.485301968,885.3,35,Not Moving,,,
RT-ACT1,7/15/16,20:15:42,-0.375,-0.094,0.266,-0.203,0.469272842,885.3,35,Not Moving,,,
RT-ACT1,7/15/16,20:15:43,-0.375,-0.094,0.25,-0.219,0.460392224,885.3,35,Not Moving,,,
RT-ACT1,7/15/16,20:15:44,-0.375,-0.094,0.266,-0.203,0.469272842,885.3,35,Not Moving,,,
RT-ACT1,7/15/16,20:15:45,-0.375,-0.094,0.25,-0.219,0.460392224,885.3,35,Not Moving,,,
RT-ACT1,7/15/16,20:15:46,-0.375,-0.094,0.25,-0.219,0.460392224,885.3,35,Not Moving,,,
RT-ACT1,7/15/16,20:15:47,-0.359,-0.094,0.25,-0.203,0.447456143,885.3,35,Not Moving,,,
RT-ACT1,7/15/16,20:15:48,-0.344,-0.078,0.234,-0.188,0.423291861,885.3,35,Not Moving,,,
RT-ACT1,7/15/16,20:15:49,-0.344,-0.078,0.234,-0.188,0.423291861,885.3,35,Not Moving,,,
RT-ACT1,7/15/16,20:15:50,-0.344,-0.078,0.219,-0.203,0.415187909,885.2,35,Not Moving,,,
RT-ACT1,7/15/16,20:15:51,-0.328,-0.078,0.234,-0.172,0.410394932,885.2,35,Not Moving,,,
RT-ACT1,7/15/16,20:15:52,-0.312,-0.062,0.234,-0.14,0.394897455,885.2,35,Not Moving,,,
RT-ACT1,7/15/16,20:15:53,-0.312,-0.062,0.25,-0.124,0.404583737,885.2,35,Not Moving,,,
RT-ACT1,7/15/16,20:20:26,-0.016,-0.047,0.312,0.249,0.315925624,883.8,34.6,Not Moving,,,
RT-ACT1,7/15/16,20:20:27,-0.016,-0.047,0.312,0.249,0.315925624,883.8,34.6,Not Moving,,,
RT-ACT1,7/15/16,20:20:28,0,-0.047,0.312,0.265,0.315520205,883.8,34.6,Not Moving,,,
RT-ACT1,7/15/16,20:20:29,0,-0.047,0.328,0.281,0.331350268,883.8,34.6,Not Moving,,,
RT-ACT1,7/15/16,20:20:30,0,-0.047,0.312,0.265,0.315520205,884.3,34.6,Not Moving,,,
RT-ACT1,7/15/16,20:20:31,0,-0.047,0.312,0.265,0.315520205,884.3,34.6,Not Moving,,,
RT-ACT1,7/15/16,20:20:32,0,-0.047,0.312,0.265,0.315520205,884.3,34.6,Not Moving,,,
RT-ACT1,7/15/16,20:20:33,0,-0.047,0.312,0.265,0.315520205,884.3,34.6,Not Moving,,,
RT-ACT1,7/15/16,20:20:34,0,-0.047,0.312,0.265,0.315520205,884.3,34.6,Not Moving,,,
RT-ACT1,7/15/16,20:20:35,0,-0.047,0.312,0.265,0.315520205,884.3,34.6,Not Moving,,,
RT-ACT1,7/15/16,20:20:36,0,-0.047,0.312,0.265,0.315520205,884.3,34.6,Not Moving,,,
RT-ACT1,7/15/16,20:20:37,0.016,-0.031,0.281,0.266,0.2831572,884.3,34.6,Not Moving,,,
RT-ACT1,7/15/16,20:24:04,-0.328,-0.062,0.234,-0.156,0.407656718,884,34.5,Not Moving,,,
RT-ACT1,7/15/16,20:24:05,-0.328,-0.078,0.234,-0.172,0.410394932,884,34.5,Not Moving,,,
RT-ACT1,7/15/16,20:24:06,-0.328,-0.078,0.234,-0.172,0.410394932,884,34.5,Not Moving,,,
RT-ACT1,7/15/16,20:24:07,-0.328,-0.078,0.172,-0.234,0.378486459,884,34.5,Not Moving,,,
RT-ACT1,7/15/16,20:24:12,-0.312,-0.062,0.156,-0.218,0.354293664,884.1,34.5,Not Moving,,,
RT-ACT1,7/15/16,20:24:13,-0.328,-0.062,0.219,-0.171,0.399235519,884.1,34.5,Not Moving,,,
RT-ACT1,7/15/16,20:24:14,-0.328,-0.047,0.25,-0.125,0.41508192,884.1,34.5,Not Moving,,,
RT-ACT1,7/15/16,20:24:15,-0.328,-0.078,0.266,-0.14,0.429446155,884.1,34.5,Not Moving,,,
RT-ACT1,7/15/16,20:24:16,-0.328,-0.078,0.219,-0.187,0.402031093,884.1,34.5,Not Moving,,,
RT-ACT1,7/15/16,20:27:09,-0.297,-0.047,0.203,-0.141,0.362804355,884.6,34.4,Not Moving,,,
RT-ACT1,7/15/16,20:27:10,-0.297,-0.062,0.234,-0.125,0.383156626,884.7,34.4,Not Moving,,,
RT-ACT1,7/15/16,20:27:11,-0.297,-0.062,0.203,-0.156,0.365050681,884.7,34.4,Not Moving,,,
RT-ACT1,7/15/16,20:27:12,-0.297,-0.062,0.188,-0.171,0.356927163,884.7,34.4,Not Moving,,,
RT-ACT1,7/15/16,20:27:13,-0.297,-0.062,0.172,-0.187,0.348764964,884.7,34.4,Not Moving,,,
RT-ACT1,7/15/16,20:27:14,-0.297,-0.047,0.172,-0.172,0.346413048,884.7,34.4,Not Moving,,,
RT-ACT1,7/15/16,20:27:15,-0.297,-0.047,0.125,-0.219,0.325642442,884.7,34.4,Not Moving,,,
RT-ACT1,7/15/16,20:27:16,-0.297,-0.047,0.062,-0.282,0.307021172,884.7,34.4,Not Moving,,,
RT-ACT1,7/15/16,20:27:17,-0.281,-0.031,0.031,-0.281,0.284399367,884.7,34.4,Not Moving,,,
RT-ACT1,7/15/16,20:27:18,-0.297,-0.031,0.047,-0.281,0.302289596,884.7,34.4,Not Moving,,,
RT-ACT1,7/15/16,20:27:19,-0.297,-0.047,0.109,-0.235,0.319842149,884.7,34.4,Not Moving,,,
RT-ACT1,7/15/16,20:27:20,-0.328,-0.047,0.141,-0.234,0.360102763,884.5,34.4,Not Moving,,,
RT-ACT1,7/15/16,20:27:21,-0.344,-0.062,0.062,-0.344,0.354998592,884.5,34.4,Not Moving,,,
RT-ACT1,7/15/16,20:27:22,-0.359,-0.078,0.094,-0.343,0.379211023,884.5,34.4,Not Moving,,,
RT-ACT1,7/15/16,20:27:23,-0.359,-0.078,0.141,-0.296,0.393504765,884.5,34.4,Not Moving,,,
RT-ACT1,7/15/16,20:27:24,-0.344,-0.078,0.094,-0.328,0.365042463,884.5,34.4,Not Moving,,,
RT-ACT1,7/15/16,20:27:25,-0.344,-0.047,0.078,-0.313,0.355849687,884.5,34.4,Not Moving,,,
RT-ACT1,7/15/16,20:27:26,-0.344,-0.047,0.094,-0.297,0.359695705,884.5,34.4,Not Moving,,,
RT-ACT1,7/15/16,20:27:27,-0.328,-0.062,0.078,-0.312,0.342800233,884.5,34.4,Not Moving,,,
RT-ACT1,7/15/16,20:27:28,-0.328,-0.062,0.078,-0.312,0.342800233,884.5,34.4,Not Moving,,,
RT-ACT1,7/15/16,20:27:43,-0.078,-0.031,0.25,0.141,0.26371386,884.8,34.4,Not Moving,,,
RT-ACT1,7/15/16,20:27:44,-0.078,-0.031,0.234,0.125,0.248598069,884.8,34.4,Not Moving,,,
RT-ACT1,7/15/16,20:27:45,-0.078,-0.016,0.219,0.125,0.23302575,884.8,34.4,Not Moving,,,
RT-ACT1,7/15/16,20:27:46,-0.078,-0.016,0.219,0.125,0.23302575,884.8,34.4,Not Moving,,,
RT-ACT1,7/15/16,20:27:47,-0.062,-0.016,0.203,0.125,0.212859108,884.8,34.4,Not Moving,,,
RT-ACT1,7/15/16,20:27:48,-0.078,-0.016,0.172,0.078,0.189536276,884.8,34.4,Not Moving,,,
RT-ACT1,7/15/16,20:28:06,0.016,0,0.062,0.078,0.064031242,885,34.4,Not Moving,,,
RT-ACT1,7/15/16,20:28:07,0.031,0,0.031,0.062,0.04384062,885,34.4,Not Moving,,,
RT-ACT1,7/15/16,20:28:08,0.016,0,0.094,0.11,0.09535198,885,34.4,Not Moving,,,
RT-ACT1,7/15/16,20:28:09,0.016,0,0.109,0.125,0.110168053,885,34.4,Not Moving,,,
RT-ACT1,7/15/16,20:28:10,0.016,0,0.109,0.125,0.110168053,885.3,34.4,Not Moving,,,
RT-ACT1,7/15/16,20:28:11,0.016,0,0.109,0.125,0.110168053,885.3,34.4,Not Moving,,,
RT-ACT1,7/15/16,20:28:12,0.016,0,0.109,0.125,0.110168053,885.3,34.4,Not Moving,,,
RT-ACT1,7/15/16,20:28:13,0.016,0,0.109,0.125,0.110168053,885.3,34.4,Not Moving,,,
RT-ACT1,7/15/16,20:28:14,0.016,0,0.109,0.125,0.110168053,885.3,34.4,Not Moving,,,
RT-ACT1,7/15/16,20:28:15,0.016,0,0.109,0.125,0.110168053,885.3,34.4,Not Moving,,,
RT-ACT1,7/15/16,20:28:16,0.016,0,0.109,0.125,0.110168053,885.3,34.4,Not Moving,,,
RT-ACT1,7/15/16,20:28:17,0.016,0,0.109,0.125,0.110168053,885.3,34.4,Not Moving,,,
RT-ACT1,7/15/16,20:28:18,0.016,0,0.109,0.125,0.110168053,885.3,34.4,Not Moving,,,
RT-ACT1,7/15/16,20:28:19,0.016,0,0.109,0.125,0.110168053,885.3,34.4,Not Moving,,,
RT-ACT1,7/15/16,20:28:20,0.016,0,0.109,0.125,0.110168053,885.1,34.4,Not Moving,,,
RT-ACT1,7/15/16,20:28:21,0.016,0,0.109,0.125,0.110168053,885.1,34.4,Not Moving,,,
RT-ACT1,7/15/16,20:28:22,0.016,0,0.109,0.125,0.110168053,885.1,34.4,Not Moving,,,
RT-ACT1,7/15/16,20:28:23,0.016,0,0.109,0.125,0.110168053,885.1,34.4,Not Moving,,,
RT-ACT1,7/15/16,20:28:24,0.016,0,0.109,0.125,0.110168053,885.1,34.4,Not Moving,,,
RT-ACT1,7/15/16,20:28:25,0.016,0,0.109,0.125,0.110168053,885.1,34.4,Not Moving,,,
RT-ACT1,7/15/16,20:28:26,0.016,0,0.109,0.125,0.110168053,885.1,34.4,Not Moving,,,
RT-ACT1,7/15/16,20:28:27,0,0,0.109,0.109,0.109,885.1,34.4,Not Moving,,,
RT-ACT1,7/15/16,20:28:28,0.016,0,0.141,0.157,0.141904898,885.1,34.4,Not Moving,,,
RT-ACT1,7/15/16,20:28:29,0.016,-0.016,0.156,0.156,0.157632484,885.1,34.4,Not Moving,,,
RT-ACT1,7/16/16,11:50:00,0.062,0,-0.016,0.046,0.064031242,892.8,29.3,Not Moving,,Coiled in opening to burrow,No
RT-ACT1,7/16/16,11:50:01,0.062,0,-0.031,0.031,0.069318107,892.8,29.3,Not Moving,,,
RT-ACT1,7/16/16,11:50:02,0.062,0,-0.016,0.046,0.064031242,892.8,29.3,Not Moving,,,
RT-ACT1,7/16/16,11:50:03,0.062,0,-0.031,0.031,0.069318107,892.8,29.3,Not Moving,,,
RT-ACT1,7/16/16,11:50:04,0.062,0,-0.016,0.046,0.064031242,892.8,29.3,Not Moving,,,
RT-ACT1,7/16/16,11:50:05,0.062,0,-0.031,0.031,0.069318107,892.8,29.3,Not Moving,,,
RT-ACT1,7/16/16,11:50:06,0.062,0,-0.031,0.031,0.069318107,892.8,29.3,Not Moving,,,
RT-ACT1,7/16/16,11:50:07,0.047,0,-0.031,0.016,0.056302753,892.8,29.3,Not Moving,,,
RT-ACT1,7/16/16,11:50:08,0.062,0,-0.031,0.031,0.069318107,892.8,29.3,Not Moving,,,
RT-ACT1,7/16/16,11:50:09,0.062,0,-0.031,0.031,0.069318107,892.8,29.3,Not Moving,,,
RT-ACT1,7/16/16,11:50:10,0.062,0,-0.016,0.046,0.064031242,892.8,29.4,Not Moving,,,
RT-ACT1,7/16/16,11:50:11,0.062,0,-0.016,0.046,0.064031242,892.8,29.4,Not Moving,,,
RT-ACT1,7/16/16,11:50:12,0.062,0,-0.016,0.046,0.064031242,892.8,29.4,Not Moving,,,
RT-ACT1,7/16/16,11:50:13,0.062,0,-0.031,0.031,0.069318107,892.8,29.4,Not Moving,,,
RT-ACT1,7/16/16,11:50:14,0.062,-0.016,-0.016,0.03,0.066,892.8,29.4,Not Moving,,,
RT-ACT1,7/16/16,11:50:15,0.062,-0.016,-0.016,0.03,0.066,892.8,29.4,Not Moving,,,
RT-ACT1,7/16/16,11:50:16,0.062,0,-0.016,0.046,0.064031242,892.8,29.4,Not Moving,,,
RT-ACT1,7/16/16,11:50:17,0.062,0,-0.016,0.046,0.064031242,892.8,29.4,Not Moving,,,
RT-ACT1,7/16/16,11:50:18,0.062,0,-0.016,0.046,0.064031242,892.8,29.4,Not Moving,,,
RT-ACT1,7/16/16,11:50:19,0.062,0,-0.016,0.046,0.064031242,892.8,29.4,Not Moving,,,
RT-ACT1,7/16/16,11:50:20,0.062,0,-0.031,0.031,0.069318107,892.7,29.4,Not Moving,,,
RT-ACT1,7/16/16,11:50:21,0.062,0,-0.031,0.031,0.069318107,892.7,29.4,Not Moving,,,
RT-ACT1,7/16/16,11:50:22,0.062,0,-0.031,0.031,0.069318107,892.7,29.4,Not Moving,,,
RT-ACT1,7/16/16,11:50:23,0.062,0,-0.031,0.031,0.069318107,892.7,29.4,Not Moving,,,
RT-ACT1,7/16/16,11:50:24,0.062,0,-0.031,0.031,0.069318107,892.7,29.4,Not Moving,,,
RT-ACT1,7/16/16,11:50:25,0.062,0,-0.031,0.031,0.069318107,892.7,29.4,Not Moving,,,
RT-ACT1,7/16/16,11:50:26,0.062,0,-0.016,0.046,0.064031242,892.7,29.4,Not Moving,,,
RT-ACT1,7/16/16,11:50:27,0.062,0,-0.016,0.046,0.064031242,892.7,29.4,Not Moving,,,
RT-ACT1,7/16/16,11:50:28,0.062,0,-0.031,0.031,0.069318107,892.7,29.4,Not Moving,,,
RT-ACT1,7/16/16,11:50:29,0.062,0,-0.031,0.031,0.069318107,892.7,29.4,Not Moving,,,
RT-ACT1,7/16/16,11:50:30,0.062,0,-0.016,0.046,0.064031242,893.4,29.4,Not Moving,,,
RT-ACT1,7/16/16,11:50:31,0.062,0,-0.031,0.031,0.069318107,893.4,29.4,Not Moving,,,
RT-ACT1,7/16/16,11:50:32,0.062,0,-0.031,0.031,0.069318107,893.4,29.4,Not Moving,,,
RT-ACT1,7/16/16,11:50:33,0.062,0,-0.016,0.046,0.064031242,893.4,29.4,Not Moving,,,
RT-ACT1,7/16/16,11:50:34,0.062,0,-0.016,0.046,0.064031242,893.4,29.4,Not Moving,,,
RT-ACT1,7/16/16,11:50:35,0.062,0,-0.031,0.031,0.069318107,893.4,29.4,Not Moving,,,
RT-ACT1,7/16/16,11:50:36,0.062,0,-0.031,0.031,0.069318107,893.4,29.4,Not Moving,,,
RT-ACT1,7/16/16,11:50:37,0.062,0,-0.031,0.031,0.069318107,893.4,29.4,Not Moving,,,
RT-ACT1,7/16/16,11:50:38,0.047,0,-0.031,0.016,0.056302753,893.4,29.4,Not Moving,,,
RT-ACT1,7/16/16,11:50:39,0.062,0,-0.031,0.031,0.069318107,893.4,29.4,Not Moving,,,
RT-ACT1,7/16/16,11:50:40,0.062,0,-0.031,0.031,0.069318107,892.8,29.4,Not Moving,,,
RT-ACT1,7/16/16,11:50:41,0.062,0,-0.031,0.031,0.069318107,892.8,29.4,Not Moving,,,
RT-ACT1,7/16/16,11:50:42,0.062,0,-0.016,0.046,0.064031242,892.8,29.4,Not Moving,,,
RT-ACT1,7/16/16,11:50:43,0.062,0,-0.031,0.031,0.069318107,892.8,29.4,Not Moving,,,
RT-ACT1,7/16/16,11:50:44,0.062,0,-0.031,0.031,0.069318107,892.8,29.4,Not Moving,,,
RT-ACT1,7/16/16,11:50:45,0.062,0,-0.016,0.046,0.064031242,892.8,29.4,Not Moving,,,
RT-ACT1,7/16/16,11:50:46,0.062,0,-0.016,0.046,0.064031242,892.8,29.4,Not Moving,,,
RT-ACT1,7/16/16,11:50:47,0.062,0,-0.031,0.031,0.069318107,892.8,29.4,Not Moving,,,
RT-ACT1,7/16/16,11:50:48,0.062,0,-0.031,0.031,0.069318107,892.8,29.4,Not Moving,,,
RT-ACT1,7/16/16,11:50:49,0.062,0,-0.031,0.031,0.069318107,892.8,29.4,Not Moving,,,
RT-ACT1,7/16/16,11:50:50,0.062,0,-0.016,0.046,0.064031242,892.6,29.4,Not Moving,,,
RT-ACT1,7/16/16,11:50:51,0.062,0,-0.016,0.046,0.064031242,892.6,29.4,Not Moving,,,
RT-ACT1,7/16/16,11:50:52,0.062,0,-0.016,0.046,0.064031242,892.6,29.4,Not Moving,,,
RT-ACT1,7/16/16,11:50:53,0.062,0,-0.031,0.031,0.069318107,892.6,29.4,Not Moving,,,
RT-ACT1,7/16/16,11:50:54,0.062,0,-0.031,0.031,0.069318107,892.6,29.4,Not Moving,,,
RT-ACT1,7/16/16,11:50:55,0.062,0,-0.031,0.031,0.069318107,892.6,29.4,Not Moving,,,
RT-ACT1,7/16/16,11:50:56,0.062,0,-0.031,0.031,0.069318107,892.6,29.4,Not Moving,,,
RT-ACT1,7/16/16,11:50:57,0.062,0,-0.031,0.031,0.069318107,892.6,29.4,Not Moving,,,
RT-ACT1,7/16/16,11:50:58,0.062,0,-0.031,0.031,0.069318107,892.6,29.4,Not Moving,,,
RT-ACT1,7/16/16,11:50:59,0.062,0,-0.016,0.046,0.064031242,892.6,29.4,Not Moving,,,
RT-ACT1,7/16/16,11:51:00,0.062,0,-0.016,0.046,0.064031242,892.4,29.4,Not Moving,,,
RT-ACT1,7/16/16,11:51:01,0.062,0,-0.031,0.031,0.069318107,892.4,29.4,Not Moving,,,
RT-ACT1,7/16/16,11:51:02,0.062,0,-0.031,0.031,0.069318107,892.4,29.4,Not Moving,,,
RT-ACT1,7/16/16,11:51:03,0.062,0,-0.016,0.046,0.064031242,892.4,29.4,Not Moving,,,
RT-ACT1,7/16/16,11:51:04,0.062,0,-0.031,0.031,0.069318107,892.4,29.4,Not Moving,,,
RT-ACT1,7/16/16,11:51:05,0.062,0,-0.016,0.046,0.064031242,892.4,29.4,Not Moving,,,
RT-ACT1,7/16/16,11:51:06,0.062,0,-0.031,0.031,0.069318107,892.4,29.4,Not Moving,,,
RT-ACT1,7/16/16,11:51:07,0.062,0,-0.016,0.046,0.064031242,892.4,29.4,Not Moving,,,
RT-ACT1,7/16/16,11:51:08,0.062,0,-0.031,0.031,0.069318107,892.4,29.4,Not Moving,,,
RT-ACT1,7/16/16,11:51:09,0.062,0,-0.031,0.031,0.069318107,892.4,29.4,Not Moving,,,
RT-ACT1,7/16/16,11:51:10,0.062,0,-0.031,0.031,0.069318107,893.1,29.4,Not Moving,,,
RT-ACT1,7/16/16,11:51:11,0.062,0,-0.031,0.031,0.069318107,893.1,29.4,Not Moving,,,
RT-ACT1,7/16/16,11:51:12,0.062,0,-0.031,0.031,0.069318107,893.1,29.4,Not Moving,,,
RT-ACT1,7/16/16,11:51:13,0.062,-0.016,-0.016,0.03,0.066,893.1,29.4,Not Moving,,,
RT-ACT1,7/16/16,11:51:14,0.062,0,-0.031,0.031,0.069318107,893.1,29.4,Not Moving,,,
RT-ACT1,7/16/16,11:51:15,0.062,0,-0.031,0.031,0.069318107,893.1,29.4,Not Moving,,,
RT-ACT1,7/16/16,11:51:16,0.062,0,-0.031,0.031,0.069318107,893.1,29.4,Not Moving,,,
RT-ACT1,7/16/16,11:51:17,0.062,0,-0.031,0.031,0.069318107,893.1,29.4,Not Moving,,,
RT-ACT1,7/16/16,11:51:18,0.062,0,-0.016,0.046,0.064031242,893.1,29.4,Not Moving,,,
RT-ACT1,7/16/16,11:51:19,0.062,0,-0.031,0.031,0.069318107,893.1,29.4,Not Moving,,,
RT-ACT1,7/16/16,11:51:20,0.062,0,-0.031,0.031,0.069318107,893.2,29.4,Not Moving,,,
RT-ACT1,7/16/16,11:51:21,0.062,0,-0.031,0.031,0.069318107,893.2,29.4,Not Moving,,,
RT-ACT1,7/16/16,11:51:22,0.062,0,-0.016,0.046,0.064031242,893.2,29.4,Not Moving,,,
RT-ACT1,7/16/16,11:51:23,0.062,0,-0.031,0.031,0.069318107,893.2,29.4,Not Moving,,,
RT-ACT1,7/16/16,11:51:24,0.062,0,-0.031,0.031,0.069318107,893.2,29.4,Not Moving,,,
RT-ACT1,7/16/16,11:51:25,0.062,0,-0.031,0.031,0.069318107,893.2,29.4,Not Moving,,,
RT-ACT1,7/16/16,11:51:26,0.062,0,-0.016,0.046,0.064031242,893.2,29.4,Not Moving,,,
RT-ACT1,7/16/16,11:51:27,0.062,0,-0.031,0.031,0.069318107,893.2,29.4,Not Moving,,,
RT-ACT1,7/16/16,11:51:28,0.062,0,-0.031,0.031,0.069318107,893.2,29.4,Not Moving,,,
RT-ACT1,7/16/16,11:51:29,0.062,0,-0.031,0.031,0.069318107,893.2,29.4,Not Moving,,,
RT-ACT1,7/16/16,11:51:30,0.062,0,-0.031,0.031,0.069318107,893.3,29.4,Not Moving,,,
RT-ACT1,7/16/16,11:51:31,0.062,0,-0.031,0.031,0.069318107,893.3,29.4,Not Moving,,,
RT-ACT1,7/16/16,11:51:32,0.062,0,-0.031,0.031,0.069318107,893.3,29.4,Not Moving,,,
RT-ACT1,7/16/16,11:51:33,0.062,0,-0.031,0.031,0.069318107,893.3,29.4,Not Moving,,,
RT-ACT1,7/16/16,11:51:34,0.062,0,-0.031,0.031,0.069318107,893.3,29.4,Not Moving,,,
RT-ACT1,7/16/16,11:51:35,0.062,0,-0.031,0.031,0.069318107,893.3,29.4,Not Moving,,,
RT-ACT1,7/16/16,11:51:36,0.062,0,-0.031,0.031,0.069318107,893.3,29.4,Not Moving,,,
RT-ACT1,7/16/16,11:51:37,0.062,0,-0.031,0.031,0.069318107,893.3,29.4,Not Moving,,,
RT-ACT1,7/16/16,11:51:38,0.062,0,-0.031,0.031,0.069318107,893.3,29.4,Not Moving,,,
RT-ACT1,7/16/16,11:51:39,0.062,0,-0.016,0.046,0.064031242,893.3,29.4,Not Moving,,,
RT-ACT1,7/16/16,11:51:40,0.062,0,-0.031,0.031,0.069318107,893.2,29.4,Not Moving,,,
RT-ACT1,7/16/16,11:51:41,0.062,0,-0.031,0.031,0.069318107,893.2,29.4,Not Moving,,,
RT-ACT1,7/16/16,11:51:42,0.062,0,-0.031,0.031,0.069318107,893.2,29.4,Not Moving,,,
RT-ACT1,7/16/16,11:51:43,0.062,0,-0.031,0.031,0.069318107,893.2,29.4,Not Moving,,,
RT-ACT1,7/16/16,11:51:44,0.062,0,-0.031,0.031,0.069318107,893.2,29.4,Not Moving,,,
RT-ACT1,7/16/16,11:51:45,0.062,0,-0.031,0.031,0.069318107,893.2,29.4,Not Moving,,,
RT-ACT1,7/16/16,11:51:46,0.062,0,-0.016,0.046,0.064031242,893.2,29.4,Not Moving,,,
RT-ACT1,7/16/16,11:51:47,0.062,0,-0.031,0.031,0.069318107,893.2,29.4,Not Moving,,,
RT-ACT1,7/16/16,11:51:48,0.062,0,-0.016,0.046,0.064031242,893.2,29.4,Not Moving,,,
RT-ACT1,7/16/16,11:51:49,0.062,0,-0.031,0.031,0.069318107,893.2,29.4,Not Moving,,,
RT-ACT1,7/16/16,11:51:50,0.062,0,-0.031,0.031,0.069318107,893.2,29.4,Not Moving,,,
RT-ACT1,7/16/16,11:51:51,0.062,0,-0.031,0.031,0.069318107,893.2,29.4,Not Moving,,,
RT-ACT1,7/16/16,11:51:52,0.062,0,-0.031,0.031,0.069318107,893.2,29.4,Not Moving,,,
RT-ACT1,7/16/16,11:51:53,0.062,0,-0.031,0.031,0.069318107,893.2,29.4,Not Moving,,,
RT-ACT1,7/16/16,11:51:54,0.062,0,-0.031,0.031,0.069318107,893.2,29.4,Not Moving,,,
RT-ACT1,7/16/16,11:51:55,0.062,0,-0.031,0.031,0.069318107,893.2,29.4,Not Moving,,,
RT-ACT1,7/16/16,11:51:56,0.062,0,-0.031,0.031,0.069318107,893.2,29.4,Not Moving,,,
RT-ACT1,7/16/16,11:51:57,0.062,0,-0.031,0.031,0.069318107,893.2,29.4,Not Moving,,,
RT-ACT1,7/16/16,11:51:58,0.062,0,-0.031,0.031,0.069318107,893.2,29.4,Not Moving,,,
RT-ACT1,7/16/16,11:51:59,0.062,0,-0.031,0.031,0.069318107,893.2,29.4,Not Moving,,,
RT-ACT1,7/16/16,11:52:00,0.062,0,-0.016,0.046,0.064031242,893.1,29.4,Not Moving,,,
RT-ACT1,7/16/16,11:52:01,0.062,0,-0.016,0.046,0.064031242,893.1,29.4,Not Moving,,,
RT-ACT1,7/16/16,11:52:02,0.062,0,-0.031,0.031,0.069318107,893.1,29.4,Not Moving,,,
RT-ACT1,7/16/16,11:52:03,0.062,0,-0.016,0.046,0.064031242,893.1,29.4,Not Moving,,,
RT-ACT1,7/16/16,11:52:04,0.062,0,-0.031,0.031,0.069318107,893.1,29.4,Not Moving,,,
RT-ACT1,7/16/16,11:52:05,0.062,0,-0.016,0.046,0.064031242,893.1,29.4,Not Moving,,,
RT-ACT1,7/16/16,11:52:06,0.062,0,-0.031,0.031,0.069318107,893.1,29.4,Not Moving,,,
RT-ACT1,7/16/16,11:52:07,0.062,0,-0.016,0.046,0.064031242,893.1,29.4,Not Moving,,,
RT-ACT1,7/16/16,11:52:08,0.062,0,-0.031,0.031,0.069318107,893.1,29.4,Not Moving,,,
RT-ACT1,7/16/16,11:52:09,0.062,0,-0.016,0.046,0.064031242,893.1,29.4,Not Moving,,,
RT-ACT1,7/16/16,11:52:10,0.062,0,-0.031,0.031,0.069318107,893.5,29.4,Not Moving,,,
RT-ACT1,7/16/16,11:52:11,0.062,0,-0.031,0.031,0.069318107,893.5,29.4,Not Moving,,,
RT-ACT1,7/16/16,11:52:12,0.062,0,-0.031,0.031,0.069318107,893.5,29.4,Not Moving,,,
RT-ACT1,7/16/16,11:52:13,0.062,0,-0.031,0.031,0.069318107,893.5,29.4,Not Moving,,,
RT-ACT1,7/16/16,11:52:14,0.062,0,-0.031,0.031,0.069318107,893.5,29.4,Not Moving,,,
RT-ACT1,7/16/16,11:52:15,0.062,0,-0.031,0.031,0.069318107,893.5,29.4,Not Moving,,,
RT-ACT1,7/16/16,11:52:16,0.062,-0.016,-0.016,0.03,0.066,893.5,29.4,Not Moving,,,
RT-ACT1,7/16/16,11:52:17,0.062,-0.016,-0.031,0.015,0.071140706,893.5,29.4,Not Moving,,,
RT-ACT1,7/16/16,11:52:18,0.062,0,-0.016,0.046,0.064031242,893.5,29.4,Not Moving,,,
RT-ACT1,7/16/16,11:52:19,0.062,0,-0.031,0.031,0.069318107,893.5,29.4,Not Moving,,,
RT-ACT1,7/16/16,11:52:20,0.062,0,-0.031,0.031,0.069318107,893.2,29.4,Not Moving,,,
RT-ACT1,7/16/16,11:52:21,0.062,0,-0.016,0.046,0.064031242,893.2,29.4,Not Moving,,,
RT-ACT1,7/16/16,11:52:22,0.062,0,-0.031,0.031,0.069318107,893.2,29.4,Not Moving,,,
RT-ACT1,7/16/16,11:52:23,0.062,0,-0.016,0.046,0.064031242,893.2,29.4,Not Moving,,,
RT-ACT1,7/16/16,11:52:24,0.062,0,-0.031,0.031,0.069318107,893.2,29.4,Not Moving,,,
RT-ACT1,7/16/16,11:52:25,0.062,0,-0.031,0.031,0.069318107,893.2,29.4,Not Moving,,,
RT-ACT1,7/16/16,11:52:26,0.062,0,-0.031,0.031,0.069318107,893.2,29.4,Not Moving,,,
RT-ACT1,7/16/16,11:52:27,0.062,0,-0.031,0.031,0.069318107,893.2,29.4,Not Moving,,,
RT-ACT1,7/16/16,11:52:28,0.062,0,-0.016,0.046,0.064031242,893.2,29.4,Not Moving,,,
RT-ACT1,7/16/16,11:52:29,0.062,-0.016,-0.016,0.03,0.066,893.2,29.4,Not Moving,,,
RT-ACT1,7/16/16,11:52:30,0.062,0,-0.031,0.031,0.069318107,893.3,29.4,Not Moving,,,
RT-ACT1,7/16/16,11:52:31,0.062,0,-0.031,0.031,0.069318107,893.3,29.4,Not Moving,,,
RT-ACT1,7/16/16,11:52:32,0.062,0,-0.016,0.046,0.064031242,893.3,29.4,Not Moving,,,
RT-ACT1,7/16/16,11:52:33,0.062,0,-0.031,0.031,0.069318107,893.3,29.4,Not Moving,,,
RT-ACT1,7/16/16,11:52:34,0.062,0,-0.031,0.031,0.069318107,893.3,29.4,Not Moving,,,
RT-ACT1,7/16/16,11:52:35,0.062,0,-0.016,0.046,0.064031242,893.3,29.4,Not Moving,,,
RT-ACT1,7/16/16,11:52:36,0.062,0,-0.016,0.046,0.064031242,893.3,29.4,Not Moving,,,
RT-ACT1,7/16/16,11:52:37,0.062,0,-0.016,0.046,0.064031242,893.3,29.4,Not Moving,,,
RT-ACT1,7/16/16,11:52:38,0.062,0,-0.016,0.046,0.064031242,893.3,29.4,Not Moving,,,
RT-ACT1,7/16/16,11:52:39,0.062,0,-0.016,0.046,0.064031242,893.3,29.4,Not Moving,,,
RT-ACT1,7/16/16,11:52:40,0.062,0,-0.031,0.031,0.069318107,893,29.4,Not Moving,,,
RT-ACT1,7/16/16,11:52:41,0.062,0,-0.016,0.046,0.064031242,893,29.4,Not Moving,,,
RT-ACT1,7/16/16,11:52:42,0.062,0,-0.031,0.031,0.069318107,893,29.4,Not Moving,,,
RT-ACT1,7/16/16,11:52:43,0.062,0,-0.016,0.046,0.064031242,893,29.4,Not Moving,,,
RT-ACT1,7/16/16,11:52:44,0.062,0,-0.016,0.046,0.064031242,893,29.4,Not Moving,,,
RT-ACT1,7/16/16,11:52:45,0.062,0,-0.016,0.046,0.064031242,893,29.4,Not Moving,,,
RT-ACT1,7/16/16,11:52:46,0.062,0,-0.016,0.046,0.064031242,893,29.4,Not Moving,,,
RT-ACT1,7/16/16,11:52:47,0.062,0,-0.016,0.046,0.064031242,893,29.4,Not Moving,,,
RT-ACT1,7/16/16,11:52:48,0.062,0,-0.031,0.031,0.069318107,893,29.4,Not Moving,,,
RT-ACT1,7/16/16,11:52:49,0.062,0,-0.016,0.046,0.064031242,893,29.4,Not Moving,,,
RT-ACT1,7/16/16,11:52:50,0.062,0,-0.031,0.031,0.069318107,893.7,29.4,Not Moving,,,
RT-ACT1,7/16/16,11:52:51,0.062,0,-0.031,0.031,0.069318107,893.7,29.4,Not Moving,,,
RT-ACT1,7/16/16,11:52:52,0.062,0,-0.016,0.046,0.064031242,893.7,29.4,Not Moving,,,
RT-ACT1,7/16/16,11:52:53,0.062,0,-0.016,0.046,0.064031242,893.7,29.4,Not Moving,,,
RT-ACT1,7/16/16,11:52:54,0.062,0,-0.016,0.046,0.064031242,893.7,29.4,Not Moving,,,
RT-ACT1,7/16/16,11:52:55,0.062,0,-0.031,0.031,0.069318107,893.7,29.4,Not Moving,,,
RT-ACT1,7/16/16,11:52:56,0.062,0,-0.031,0.031,0.069318107,893.7,29.4,Not Moving,,,
RT-ACT1,7/16/16,11:52:57,0.062,-0.016,-0.016,0.03,0.066,893.7,29.4,Not Moving,,,
RT-ACT1,7/16/16,11:52:58,0.062,-0.016,-0.016,0.03,0.066,893.7,29.4,Not Moving,,,
RT-ACT1,7/16/16,11:52:59,0.062,0,-0.031,0.031,0.069318107,893.7,29.4,Not Moving,,,
RT-ACT1,7/16/16,11:53:00,0.062,0,-0.016,0.046,0.064031242,893,29.4,Not Moving,,,
RT-ACT1,7/16/16,11:53:01,0.062,0,-0.031,0.031,0.069318107,893,29.4,Not Moving,,,
RT-ACT1,7/16/16,11:53:02,0.062,0,-0.016,0.046,0.064031242,893,29.4,Not Moving,,,
RT-ACT1,7/16/16,11:53:03,0.062,0,-0.016,0.046,0.064031242,893,29.4,Not Moving,,,
RT-ACT1,7/16/16,11:53:04,0.062,-0.016,-0.016,0.03,0.066,893,29.4,Not Moving,,,
RT-ACT1,7/16/16,11:53:05,0.062,0,-0.016,0.046,0.064031242,893,29.4,Not Moving,,,
RT-ACT1,7/16/16,11:53:06,0.062,0,-0.031,0.031,0.069318107,893,29.4,Not Moving,,,
RT-ACT1,7/16/16,11:53:07,0.062,0,-0.016,0.046,0.064031242,893,29.4,Not Moving,,,
RT-ACT1,7/16/16,11:53:08,0.062,0,-0.016,0.046,0.064031242,893,29.4,Not Moving,,,
RT-ACT1,7/16/16,11:53:09,0.062,0,-0.031,0.031,0.069318107,893,29.4,Not Moving,,,
RT-ACT1,7/16/16,11:53:10,0.062,0,-0.031,0.031,0.069318107,893.5,29.4,Not Moving,,,
RT-ACT1,7/16/16,11:53:11,0.062,0,-0.016,0.046,0.064031242,893.5,29.4,Not Moving,,,
RT-ACT1,7/16/16,11:53:12,0.062,0,-0.016,0.046,0.064031242,893.5,29.4,Not Moving,,,
RT-ACT1,7/16/16,11:53:13,0.062,0,-0.016,0.046,0.064031242,893.5,29.4,Not Moving,,,
RT-ACT1,7/16/16,11:53:14,0.062,0,-0.016,0.046,0.064031242,893.5,29.4,Not Moving,,,
RT-ACT1,7/16/16,11:53:15,0.062,0,-0.016,0.046,0.064031242,893.5,29.4,Not Moving,,,
RT-ACT1,7/16/16,11:53:16,0.062,0,-0.016,0.046,0.064031242,893.5,29.4,Not Moving,,,
RT-ACT1,7/16/16,11:53:17,0.062,-0.016,-0.016,0.03,0.066,893.5,29.4,Not Moving,,,
RT-ACT1,7/16/16,11:53:18,0.062,0,-0.016,0.046,0.064031242,893.5,29.4,Not Moving,,,
RT-ACT1,7/16/16,11:53:19,0.062,0,-0.016,0.046,0.064031242,893.5,29.4,Not Moving,,,
RT-ACT1,7/16/16,11:53:20,0.062,0,-0.016,0.046,0.064031242,892.5,29.4,Not Moving,,,
RT-ACT1,7/16/16,11:53:21,0.062,0,-0.016,0.046,0.064031242,892.5,29.4,Not Moving,,,
RT-ACT1,7/16/16,11:53:22,0.062,0,-0.031,0.031,0.069318107,892.5,29.4,Not Moving,,,
RT-ACT1,7/16/16,11:53:23,0.062,0,-0.016,0.046,0.064031242,892.5,29.4,Not Moving,,,
RT-ACT1,7/16/16,11:53:24,0.062,0,-0.031,0.031,0.069318107,892.5,29.4,Not Moving,,,
RT-ACT1,7/16/16,11:53:25,0.062,0,-0.016,0.046,0.064031242,892.5,29.4,Not Moving,,,
RT-ACT1,7/16/16,11:53:26,0.062,0,-0.031,0.031,0.069318107,892.5,29.4,Not Moving,,,
RT-ACT1,7/16/16,11:53:27,0.062,0,-0.031,0.031,0.069318107,892.5,29.4,Not Moving,,,
RT-ACT1,7/16/16,11:53:28,0.062,0,-0.016,0.046,0.064031242,892.5,29.4,Not Moving,,,
RT-ACT1,7/16/16,11:53:29,0.062,0,-0.016,0.046,0.064031242,892.5,29.4,Not Moving,,,
RT-ACT1,7/16/16,11:53:30,0.078,0,-0.016,0.062,0.079624117,893.4,29.4,Not Moving,,,
RT-ACT1,7/16/16,11:53:31,0.062,0,-0.016,0.046,0.064031242,893.4,29.4,Not Moving,,,
RT-ACT1,7/16/16,11:53:32,0.062,0,-0.016,0.046,0.064031242,893.4,29.4,Not Moving,,,
RT-ACT1,7/16/16,11:53:33,0.062,0,-0.016,0.046,0.064031242,893.4,29.4,Not Moving,,,
RT-ACT1,7/16/16,11:53:34,0.062,0,-0.016,0.046,0.064031242,893.4,29.4,Not Moving,,,
RT-ACT1,7/16/16,11:53:35,0.062,0,-0.016,0.046,0.064031242,893.4,29.4,Not Moving,,,
RT-ACT1,7/16/16,11:53:36,0.062,0,-0.016,0.046,0.064031242,893.4,29.4,Not Moving,,,
RT-ACT1,7/16/16,11:53:37,0.078,0,-0.016,0.062,0.079624117,893.4,29.4,Not Moving,,,
RT-ACT1,7/16/16,11:53:38,0.062,0,-0.016,0.046,0.064031242,893.4,29.4,Not Moving,,,
RT-ACT1,7/16/16,11:53:39,0.078,0,-0.016,0.062,0.079624117,893.4,29.4,Not Moving,,,
RT-ACT1,7/16/16,11:53:40,0.062,0,-0.016,0.046,0.064031242,893.2,29.4,Not Moving,,,
RT-ACT1,7/16/16,11:53:41,0.078,0,-0.016,0.062,0.079624117,893.2,29.4,Not Moving,,,
RT-ACT1,7/16/16,11:53:42,0.078,0,-0.016,0.062,0.079624117,893.2,29.4,Not Moving,,,
RT-ACT1,7/16/16,11:53:43,0.078,0,-0.031,0.047,0.083934498,893.2,29.4,Not Moving,,,
RT-ACT1,7/16/16,11:53:44,0.078,0,-0.031,0.047,0.083934498,893.2,29.4,Not Moving,,,
RT-ACT1,7/16/16,11:53:45,0.062,0,-0.016,0.046,0.064031242,893.2,29.4,Not Moving,,,
RT-ACT1,7/16/16,11:53:46,0.078,0,-0.016,0.062,0.079624117,893.2,29.4,Not Moving,,,
RT-ACT1,7/16/16,11:53:47,0.078,0,-0.016,0.062,0.079624117,893.2,29.4,Not Moving,,,
RT-ACT1,7/16/16,11:53:48,0.062,0,-0.016,0.046,0.064031242,893.2,29.4,Not Moving,,,
RT-ACT1,7/16/16,11:53:49,0.062,0,-0.031,0.031,0.069318107,893.2,29.4,Not Moving,,,
RT-ACT1,7/16/16,11:53:50,0.062,0,-0.031,0.031,0.069318107,893.9,29.4,Not Moving,,,
RT-ACT1,7/16/16,11:53:51,0.078,0,-0.031,0.047,0.083934498,893.9,29.4,Not Moving,,,
RT-ACT1,7/16/16,11:53:52,0.062,0,-0.016,0.046,0.064031242,893.9,29.4,Not Moving,,,
RT-ACT1,7/16/16,11:53:53,0.062,0,-0.016,0.046,0.064031242,893.9,29.4,Not Moving,,,
RT-ACT1,7/16/16,11:53:54,0.078,0,-0.016,0.062,0.079624117,893.9,29.4,Not Moving,,,
RT-ACT1,7/16/16,11:53:55,0.078,0,-0.016,0.062,0.079624117,893.9,29.4,Not Moving,,,
RT-ACT1,7/16/16,11:53:56,0.078,0,-0.016,0.062,0.079624117,893.9,29.4,Not Moving,,,
RT-ACT1,7/16/16,11:53:57,0.062,0,-0.016,0.046,0.064031242,893.9,29.4,Not Moving,,,
RT-ACT1,7/16/16,11:53:58,0.062,0,-0.016,0.046,0.064031242,893.9,29.4,Not Moving,,,
RT-ACT1,7/16/16,11:53:59,0.062,0,-0.016,0.046,0.064031242,893.9,29.4,Not Moving,,,
RT-ACT1,7/16/16,11:54:00,0.062,0,-0.016,0.046,0.064031242,893.7,29.4,Not Moving,,,
RT-ACT1,7/16/16,11:54:01,0.062,0,-0.031,0.031,0.069318107,893.7,29.4,Not Moving,,,
RT-ACT1,7/16/16,11:54:02,0.078,0,-0.016,0.062,0.079624117,893.7,29.4,Not Moving,,,
RT-ACT1,7/16/16,11:54:03,0.062,0,0,0.062,0.062,893.7,29.4,Not Moving,,,
RT-ACT1,7/16/16,11:54:04,0.062,0,0,0.062,0.062,893.7,29.4,Not Moving,,,
RT-ACT1,7/16/16,11:54:05,0.062,0,-0.016,0.046,0.064031242,893.7,29.4,Not Moving,,,
RT-ACT1,7/16/16,11:54:06,0.062,0,-0.016,0.046,0.064031242,893.7,29.4,Not Moving,,,
RT-ACT1,7/16/16,11:54:07,0.062,0,-0.016,0.046,0.064031242,893.7,29.4,Not Moving,,,
RT-ACT1,7/16/16,11:54:08,0.062,0,-0.031,0.031,0.069318107,893.7,29.4,Not Moving,,,
RT-ACT1,7/16/16,11:54:09,0.062,0,-0.031,0.031,0.069318107,893.7,29.4,Not Moving,,,
RT-ACT1,7/16/16,11:54:10,0.062,0,-0.031,0.031,0.069318107,893,29.5,Not Moving,,,
RT-ACT1,7/16/16,11:54:11,0.062,0,-0.031,0.031,0.069318107,893,29.5,Not Moving,,,
RT-ACT1,7/16/16,11:54:12,0.062,0,-0.031,0.031,0.069318107,893,29.5,Not Moving,,,
RT-ACT1,7/16/16,11:54:13,0.062,0,-0.016,0.046,0.064031242,893,29.5,Not Moving,,,
RT-ACT1,7/16/16,11:54:14,0.062,0,-0.031,0.031,0.069318107,893,29.5,Not Moving,,,
RT-ACT1,7/16/16,11:54:15,0.062,0,-0.016,0.046,0.064031242,893,29.5,Not Moving,,,
RT-ACT1,7/16/16,11:54:16,0.062,0,-0.016,0.046,0.064031242,893,29.5,Not Moving,,,
RT-ACT1,7/16/16,11:54:17,0.062,0,-0.031,0.031,0.069318107,893,29.5,Not Moving,,,
RT-ACT1,7/16/16,11:54:18,0.062,0,-0.031,0.031,0.069318107,893,29.5,Not Moving,,,
RT-ACT1,7/16/16,11:54:19,0.062,0,-0.016,0.046,0.064031242,893,29.5,Not Moving,,,
RT-ACT1,7/16/16,11:54:20,0.062,0,-0.031,0.031,0.069318107,893.8,29.5,Not Moving,,,
RT-ACT1,7/16/16,11:54:21,0.062,0,-0.031,0.031,0.069318107,893.8,29.5,Not Moving,,,
RT-ACT1,7/16/16,11:54:22,0.062,0,-0.031,0.031,0.069318107,893.8,29.5,Not Moving,,,
RT-ACT1,7/16/16,11:54:23,0.062,-0.016,-0.016,0.03,0.066,893.8,29.5,Not Moving,,,
RT-ACT1,7/16/16,11:54:24,0.062,0,-0.031,0.031,0.069318107,893.8,29.5,Not Moving,,,
RT-ACT1,7/16/16,11:54:25,0.062,0,-0.016,0.046,0.064031242,893.8,29.5,Not Moving,,,
RT-ACT1,7/16/16,11:54:26,0.062,0,-0.031,0.031,0.069318107,893.8,29.5,Not Moving,,,
RT-ACT1,7/16/16,11:54:27,0.062,0,-0.031,0.031,0.069318107,893.8,29.5,Not Moving,,,
RT-ACT1,7/16/16,11:54:28,0.062,0,-0.016,0.046,0.064031242,893.8,29.5,Not Moving,,,
RT-ACT1,7/16/16,11:54:29,0.062,0,-0.031,0.031,0.069318107,893.8,29.5,Not Moving,,,
RT-ACT1,7/16/16,11:54:30,0.078,0,-0.016,0.062,0.079624117,893.8,29.5,Not Moving,,,
RT-ACT1,7/16/16,11:54:31,0.062,0,-0.016,0.046,0.064031242,893.8,29.5,Not Moving,,,
RT-ACT1,7/16/16,11:54:32,0.062,0,-0.016,0.046,0.064031242,893.8,29.5,Not Moving,,,
RT-ACT1,7/16/16,11:54:33,0.062,0,-0.031,0.031,0.069318107,893.8,29.5,Not Moving,,,
RT-ACT1,7/16/16,11:54:34,0.062,0,-0.031,0.031,0.069318107,893.8,29.5,Not Moving,,,
RT-ACT1,7/16/16,11:54:35,0.078,0,-0.031,0.047,0.083934498,893.8,29.5,Not Moving,,,
RT-ACT1,7/16/16,11:54:36,0.062,0,-0.016,0.046,0.064031242,893.8,29.5,Not Moving,,,
RT-ACT1,7/16/16,11:54:37,0.062,0,-0.031,0.031,0.069318107,893.8,29.5,Not Moving,,,
RT-ACT1,7/16/16,11:54:38,0.062,0,-0.016,0.046,0.064031242,893.8,29.5,Not Moving,,,
RT-ACT1,7/16/16,11:54:39,0.078,0,-0.031,0.047,0.083934498,893.8,29.5,Not Moving,,,
RT-ACT1,7/16/16,11:54:40,0.062,0,-0.031,0.031,0.069318107,893.3,29.5,Not Moving,,,
RT-ACT1,7/16/16,11:54:41,0.062,0,-0.031,0.031,0.069318107,893.3,29.5,Not Moving,,,
RT-ACT1,7/16/16,11:54:42,0.062,0,-0.016,0.046,0.064031242,893.3,29.5,Not Moving,,,
RT-ACT1,7/16/16,11:54:43,0.062,0,-0.031,0.031,0.069318107,893.3,29.5,Not Moving,,,
RT-ACT1,7/16/16,11:54:44,0.062,0,-0.031,0.031,0.069318107,893.3,29.5,Not Moving,,,
RT-ACT1,7/16/16,11:54:45,0.062,0,-0.016,0.046,0.064031242,893.3,29.5,Not Moving,,,
RT-ACT1,7/16/16,11:54:46,0.062,0,-0.031,0.031,0.069318107,893.3,29.5,Not Moving,,,
RT-ACT1,7/16/16,11:54:47,0.062,0,-0.016,0.046,0.064031242,893.3,29.5,Not Moving,,,
RT-ACT1,7/16/16,11:54:48,0.062,0,-0.031,0.031,0.069318107,893.3,29.5,Not Moving,,,
RT-ACT1,7/16/16,11:54:49,0.062,0,-0.031,0.031,0.069318107,893.3,29.5,Not Moving,,,
RT-ACT1,7/16/16,11:54:50,0.062,0,-0.016,0.046,0.064031242,893.6,29.5,Not Moving,,,
RT-ACT1,7/16/16,11:54:51,0.062,0,-0.031,0.031,0.069318107,893.6,29.5,Not Moving,,,
RT-ACT1,7/16/16,11:54:52,0.062,0,-0.031,0.031,0.069318107,893.6,29.5,Not Moving,,,
RT-ACT1,7/16/16,11:54:53,0.062,0,-0.031,0.031,0.069318107,893.6,29.5,Not Moving,,,
RT-ACT1,7/16/16,11:54:54,0.062,0,-0.031,0.031,0.069318107,893.6,29.5,Not Moving,,,
RT-ACT1,7/16/16,11:54:55,0.062,0,-0.031,0.031,0.069318107,893.6,29.5,Not Moving,,,
RT-ACT1,7/16/16,11:54:56,0.062,0,-0.031,0.031,0.069318107,893.6,29.5,Not Moving,,,
RT-ACT1,7/16/16,11:54:57,0.062,0,-0.031,0.031,0.069318107,893.6,29.5,Not Moving,,,
RT-ACT1,7/16/16,11:54:58,0.078,0,-0.031,0.047,0.083934498,893.6,29.5,Not Moving,,,
RT-ACT1,7/16/16,11:54:59,0.062,0,-0.031,0.031,0.069318107,893.6,29.5,Not Moving,,,
RT-ACT1,7/16/16,11:55:00,0.062,0,-0.031,0.031,0.069318107,893.6,29.5,Not Moving,,,
RT-ACT1,7/16/16,11:55:01,0.062,0,-0.031,0.031,0.069318107,893.6,29.5,Not Moving,,,
RT-ACT1,7/16/16,11:55:02,0.062,0,-0.031,0.031,0.069318107,893.6,29.5,Not Moving,,,
RT-ACT1,7/16/16,11:55:03,0.062,0,-0.031,0.031,0.069318107,893.6,29.5,Not Moving,,,
RT-ACT1,7/16/16,11:55:04,0.062,0,-0.031,0.031,0.069318107,893.6,29.5,Not Moving,,,
RT-ACT1,7/16/16,11:55:05,0.062,0,-0.031,0.031,0.069318107,893.6,29.5,Not Moving,,,
RT-ACT1,7/16/16,11:55:06,0.062,0,-0.031,0.031,0.069318107,893.6,29.5,Not Moving,,,
RT-ACT1,7/16/16,11:55:07,0.078,0,-0.016,0.062,0.079624117,893.6,29.5,Not Moving,,,
RT-ACT1,7/16/16,11:55:08,0.062,0,-0.031,0.031,0.069318107,893.6,29.5,Not Moving,,,
RT-ACT1,7/16/16,11:55:09,0.062,0,-0.031,0.031,0.069318107,893.6,29.5,Not Moving,,,
RT-ACT1,7/16/16,11:55:10,0.062,0,-0.031,0.031,0.069318107,893.8,29.5,Not Moving,,,
RT-ACT1,7/16/16,11:55:11,0.062,0,-0.031,0.031,0.069318107,893.8,29.5,Not Moving,,,
RT-ACT1,7/16/16,11:55:12,0.062,0,-0.031,0.031,0.069318107,893.8,29.5,Not Moving,,,
RT-ACT1,7/16/16,11:55:13,0.078,0,-0.031,0.047,0.083934498,893.8,29.5,Not Moving,,,
RT-ACT1,7/16/16,11:55:14,0.078,0,-0.031,0.047,0.083934498,893.8,29.5,Not Moving,,,
RT-ACT1,7/16/16,11:55:15,0.078,0,-0.031,0.047,0.083934498,893.8,29.5,Not Moving,,,
RT-ACT1,7/16/16,11:55:16,0.078,0,-0.031,0.047,0.083934498,893.8,29.5,Not Moving,,,
RT-ACT1,7/16/16,11:55:17,0.078,0,-0.031,0.047,0.083934498,893.8,29.5,Not Moving,,,
RT-ACT1,7/16/16,11:55:18,0.062,0,-0.031,0.031,0.069318107,893.8,29.5,Not Moving,,,
RT-ACT1,7/16/16,11:55:19,0.062,0,-0.031,0.031,0.069318107,893.8,29.5,Not Moving,,,
RT-ACT1,7/16/16,11:55:20,0.062,0,-0.031,0.031,0.069318107,894.2,29.5,Not Moving,,,
RT-ACT1,7/16/16,11:55:21,0.062,0,-0.031,0.031,0.069318107,894.2,29.5,Not Moving,,,
RT-ACT1,7/16/16,11:55:22,0.062,0,-0.031,0.031,0.069318107,894.2,29.5,Not Moving,,,
RT-ACT1,7/16/16,11:55:23,0.062,0,-0.031,0.031,0.069318107,894.2,29.5,Not Moving,,,
RT-ACT1,7/16/16,11:55:24,0.078,0,-0.031,0.047,0.083934498,894.2,29.5,Not Moving,,,
RT-ACT1,7/16/16,11:55:25,0.078,0,-0.031,0.047,0.083934498,894.2,29.5,Not Moving,,,
RT-ACT1,7/16/16,11:55:26,0.078,0,-0.031,0.047,0.083934498,894.2,29.5,Not Moving,,,
RT-ACT1,7/16/16,11:55:27,0.078,0,-0.031,0.047,0.083934498,894.2,29.5,Not Moving,,,
RT-ACT1,7/16/16,11:55:28,0.078,0,-0.031,0.047,0.083934498,894.2,29.5,Not Moving,,,
RT-ACT1,7/16/16,11:55:29,0.078,0,-0.031,0.047,0.083934498,894.2,29.5,Not Moving,,,
RT-ACT1,7/16/16,11:55:30,0.062,0,-0.031,0.031,0.069318107,893.7,29.5,Not Moving,,,
RT-ACT1,7/16/16,11:55:31,0.078,0,-0.031,0.047,0.083934498,893.7,29.5,Not Moving,,,
RT-ACT1,7/16/16,11:55:32,0.062,0,-0.031,0.031,0.069318107,893.7,29.5,Not Moving,,,
RT-ACT1,7/16/16,11:55:33,0.062,0,-0.031,0.031,0.069318107,893.7,29.5,Not Moving,,,
RT-ACT1,7/16/16,11:55:34,0.062,0,-0.031,0.031,0.069318107,893.7,29.5,Not Moving,,,
RT-ACT1,7/16/16,11:55:35,0.078,-0.016,-0.016,0.046,0.081215762,893.7,29.5,Not Moving,,,
RT-ACT1,7/16/16,11:55:36,0.062,-0.016,-0.031,0.015,0.071140706,893.7,29.5,Not Moving,,,
RT-ACT1,7/16/16,11:55:37,0.078,0,-0.031,0.047,0.083934498,893.7,29.5,Not Moving,,,
RT-ACT1,7/16/16,11:55:38,0.078,0,-0.031,0.047,0.083934498,893.7,29.5,Not Moving,,,
RT-ACT1,7/16/16,11:55:39,0.078,0,-0.031,0.047,0.083934498,893.7,29.5,Not Moving,,,
RT-ACT1,7/16/16,11:55:40,0.062,0,-0.016,0.046,0.064031242,893.5,29.5,Not Moving,,,
RT-ACT1,7/16/16,11:55:41,0.078,0,-0.031,0.047,0.083934498,893.5,29.5,Not Moving,,,
RT-ACT1,7/16/16,11:55:42,0.078,0,-0.031,0.047,0.083934498,893.5,29.5,Not Moving,,,
RT-ACT1,7/16/16,11:55:43,0.078,0,-0.016,0.062,0.079624117,893.5,29.5,Not Moving,,,
RT-ACT1,7/16/16,11:55:44,0.078,0,-0.031,0.047,0.083934498,893.5,29.5,Not Moving,,,
RT-ACT1,7/16/16,11:55:45,0.078,0,-0.031,0.047,0.083934498,893.5,29.5,Not Moving,,,
RT-ACT1,7/16/16,11:55:46,0.062,0,-0.031,0.031,0.069318107,893.5,29.5,Not Moving,,,
RT-ACT1,7/16/16,11:55:47,0.078,0,-0.031,0.047,0.083934498,893.5,29.5,Not Moving,,,
RT-ACT1,7/16/16,11:55:48,0.078,0,-0.031,0.047,0.083934498,893.5,29.5,Not Moving,,,
RT-ACT1,7/16/16,11:55:49,0.078,0,-0.031,0.047,0.083934498,893.5,29.5,Not Moving,,,
RT-ACT1,7/16/16,11:55:50,0.062,0,-0.031,0.031,0.069318107,893.8,29.5,Not Moving,,,
RT-ACT1,7/16/16,11:55:51,0.078,0,-0.031,0.047,0.083934498,893.8,29.5,Not Moving,,,
RT-ACT1,7/16/16,11:55:52,0.078,0,-0.016,0.062,0.079624117,893.8,29.5,Not Moving,,,
RT-ACT1,7/16/16,11:55:53,0.078,0,-0.016,0.062,0.079624117,893.8,29.5,Not Moving,,,
RT-ACT1,7/16/16,11:55:54,0.078,0,-0.031,0.047,0.083934498,893.8,29.5,Not Moving,,,
RT-ACT1,7/16/16,11:55:55,0.078,0,-0.031,0.047,0.083934498,893.8,29.5,Not Moving,,,
RT-ACT1,7/16/16,11:55:56,0.078,0,-0.031,0.047,0.083934498,893.8,29.5,Not Moving,,,
RT-ACT1,7/16/16,11:55:57,0.062,0,-0.031,0.031,0.069318107,893.8,29.5,Not Moving,,,
RT-ACT1,7/16/16,11:55:58,0.078,0,-0.016,0.062,0.079624117,893.8,29.5,Not Moving,,,
RT-ACT1,7/16/16,11:55:59,0.062,0,-0.031,0.031,0.069318107,893.8,29.5,Not Moving,,,
RT-ACT1,7/16/16,11:56:00,0.078,0,-0.031,0.047,0.083934498,893.5,29.5,Not Moving,,,
RT-ACT1,7/16/16,11:56:01,0.078,0,-0.031,0.047,0.083934498,893.5,29.5,Not Moving,,,
RT-ACT1,7/16/16,11:56:02,0.078,0,-0.031,0.047,0.083934498,893.5,29.5,Not Moving,,,
RT-ACT1,7/16/16,11:56:03,0.078,0,-0.031,0.047,0.083934498,893.5,29.5,Not Moving,,,
RT-ACT1,7/16/16,11:56:04,0.078,0,-0.031,0.047,0.083934498,893.5,29.5,Not Moving,,,
RT-ACT1,7/16/16,11:56:05,0.062,0,-0.031,0.031,0.069318107,893.5,29.5,Not Moving,,,
RT-ACT1,7/16/16,11:56:06,0.062,0,-0.031,0.031,0.069318107,893.5,29.5,Not Moving,,,
RT-ACT1,7/16/16,11:56:07,0.062,0,-0.031,0.031,0.069318107,893.5,29.5,Not Moving,,,
RT-ACT1,7/16/16,11:56:08,0.062,0,-0.016,0.046,0.064031242,893.5,29.5,Not Moving,,,
RT-ACT1,7/16/16,11:56:09,0.062,0,-0.031,0.031,0.069318107,893.5,29.5,Not Moving,,,
RT-ACT1,7/16/16,11:56:10,0.062,0,-0.031,0.031,0.069318107,893.3,29.5,Not Moving,,,
RT-ACT1,7/16/16,11:56:11,0.062,0,-0.031,0.031,0.069318107,893.3,29.5,Not Moving,,,
RT-ACT1,7/16/16,11:56:12,0.062,0,-0.016,0.046,0.064031242,893.3,29.5,Not Moving,,,
RT-ACT1,7/16/16,11:56:13,0.078,0,-0.031,0.047,0.083934498,893.3,29.5,Not Moving,,,
RT-ACT1,7/16/16,11:56:14,0.062,0,-0.031,0.031,0.069318107,893.3,29.5,Not Moving,,,
RT-ACT1,7/16/16,11:56:15,0.062,-0.016,-0.016,0.03,0.066,893.3,29.5,Not Moving,,,
RT-ACT1,7/16/16,11:56:16,0.062,0,-0.031,0.031,0.069318107,893.3,29.5,Not Moving,,,
RT-ACT1,7/16/16,11:56:17,0.062,0,-0.031,0.031,0.069318107,893.3,29.5,Not Moving,,,
RT-ACT1,7/16/16,11:56:18,0.078,0,-0.031,0.047,0.083934498,893.3,29.5,Not Moving,,,
RT-ACT1,7/16/16,11:56:19,0.078,0,-0.031,0.047,0.083934498,893.3,29.5,Not Moving,,,
RT-ACT1,7/16/16,11:56:20,0.078,0,-0.031,0.047,0.083934498,893.8,29.5,Not Moving,,,
RT-ACT1,7/16/16,11:56:21,0.078,0,-0.031,0.047,0.083934498,893.8,29.5,Not Moving,,,
RT-ACT1,7/16/16,11:56:22,0.062,0,-0.031,0.031,0.069318107,893.8,29.5,Not Moving,,,
RT-ACT1,7/16/16,11:56:23,0.062,0,-0.031,0.031,0.069318107,893.8,29.5,Not Moving,,,
RT-ACT1,7/16/16,11:56:24,0.062,0,-0.031,0.031,0.069318107,893.8,29.5,Not Moving,,,
RT-ACT1,7/16/16,11:56:25,0.062,0,-0.016,0.046,0.064031242,893.8,29.5,Not Moving,,,
RT-ACT1,7/16/16,11:56:26,0.078,0,-0.031,0.047,0.083934498,893.8,29.5,Not Moving,,,
RT-ACT1,7/16/16,11:56:27,0.078,0,-0.031,0.047,0.083934498,893.8,29.5,Not Moving,,,
RT-ACT1,7/16/16,11:56:28,0.078,0,-0.031,0.047,0.083934498,893.8,29.5,Not Moving,,,
RT-ACT1,7/16/16,11:56:29,0.078,0,-0.016,0.062,0.079624117,893.8,29.5,Not Moving,,,
RT-ACT1,7/16/16,11:56:30,0.078,0,-0.031,0.047,0.083934498,893.6,29.5,Not Moving,,,
RT-ACT1,7/16/16,11:56:31,0.078,0,-0.031,0.047,0.083934498,893.6,29.5,Not Moving,,,
RT-ACT1,7/16/16,11:56:32,0.078,0,-0.031,0.047,0.083934498,893.6,29.5,Not Moving,,,
RT-ACT1,7/16/16,11:56:33,0.062,0,-0.031,0.031,0.069318107,893.6,29.5,Not Moving,,,
RT-ACT1,7/16/16,11:56:34,0.062,0,-0.016,0.046,0.064031242,893.6,29.5,Not Moving,,,
RT-ACT1,7/16/16,11:56:35,0.062,0,-0.031,0.031,0.069318107,893.6,29.5,Not Moving,,,
RT-ACT1,7/16/16,11:56:36,0.078,0,-0.016,0.062,0.079624117,893.6,29.5,Not Moving,,,
RT-ACT1,7/16/16,11:56:37,0.062,0,-0.031,0.031,0.069318107,893.6,29.5,Not Moving,,,
RT-ACT1,7/16/16,11:56:38,0.078,0,-0.031,0.047,0.083934498,893.6,29.5,Not Moving,,,
RT-ACT1,7/16/16,11:56:39,0.062,0,-0.031,0.031,0.069318107,893.6,29.5,Not Moving,,,
RT-ACT1,7/16/16,11:56:40,0.078,0,-0.031,0.047,0.083934498,893.8,29.5,Not Moving,,,
RT-ACT1,7/16/16,11:56:41,0.078,0,-0.031,0.047,0.083934498,893.8,29.5,Not Moving,,,
RT-ACT1,7/16/16,11:56:42,0.078,0,-0.031,0.047,0.083934498,893.8,29.5,Not Moving,,,
RT-ACT1,7/16/16,11:56:43,0.078,0,-0.031,0.047,0.083934498,893.8,29.5,Not Moving,,,
RT-ACT1,7/16/16,11:56:44,0.078,0,-0.031,0.047,0.083934498,893.8,29.5,Not Moving,,,
RT-ACT1,7/16/16,11:56:45,0.078,0,-0.031,0.047,0.083934498,893.8,29.5,Not Moving,,,
RT-ACT1,7/16/16,11:56:46,0.078,0,-0.031,0.047,0.083934498,893.8,29.5,Not Moving,,,
RT-ACT1,7/16/16,11:56:47,0.078,0,-0.031,0.047,0.083934498,893.8,29.5,Not Moving,,,
RT-ACT1,7/16/16,11:56:48,0.078,0,-0.031,0.047,0.083934498,893.8,29.5,Not Moving,,,
RT-ACT1,7/16/16,11:56:49,0.078,0,-0.031,0.047,0.083934498,893.8,29.5,Not Moving,,,
RT-ACT1,7/16/16,11:56:50,0.078,0,-0.031,0.047,0.083934498,893.1,29.5,Not Moving,,,
RT-ACT1,7/16/16,11:56:51,0.062,0,-0.031,0.031,0.069318107,893.1,29.5,Not Moving,,,
RT-ACT1,7/16/16,11:56:52,0.078,0,-0.031,0.047,0.083934498,893.1,29.5,Not Moving,,,
RT-ACT1,7/16/16,11:56:53,0.078,0,-0.031,0.047,0.083934498,893.1,29.5,Not Moving,,,
RT-ACT1,7/16/16,11:56:54,0.078,0,-0.031,0.047,0.083934498,893.1,29.5,Not Moving,,,
RT-ACT1,7/16/16,11:56:55,0.078,0,-0.031,0.047,0.083934498,893.1,29.5,Not Moving,,,
RT-ACT1,7/16/16,11:56:56,0.062,0,-0.031,0.031,0.069318107,893.1,29.5,Not Moving,,,
RT-ACT1,7/16/16,11:56:57,0.078,0,-0.031,0.047,0.083934498,893.1,29.5,Not Moving,,,
RT-ACT1,7/16/16,11:56:58,0.078,0,-0.031,0.047,0.083934498,893.1,29.5,Not Moving,,,
RT-ACT1,7/16/16,11:56:59,0.078,0,-0.031,0.047,0.083934498,893.1,29.5,Not Moving,,,
RT-ACT1,7/16/16,11:57:00,0.078,0,-0.031,0.047,0.083934498,893.8,29.5,Not Moving,,,
RT-ACT1,7/17/16,6:55:00,-0.031,-0.047,0.312,0.234,0.31703943,885.6,29.6,Not Moving,,In same burrow used previously,No
RT-ACT1,7/17/16,6:55:01,-0.031,-0.047,0.297,0.219,0.302289596,885.6,29.6,Not Moving,,,
RT-ACT1,7/17/16,6:55:02,-0.031,-0.047,0.312,0.234,0.31703943,885.6,29.6,Not Moving,,,
RT-ACT1,7/17/16,6:55:03,-0.031,-0.047,0.312,0.234,0.31703943,885.6,29.6,Not Moving,,,
RT-ACT1,7/17/16,6:55:04,-0.031,-0.047,0.312,0.234,0.31703943,885.6,29.6,Not Moving,,,
RT-ACT1,7/17/16,6:55:05,-0.016,-0.047,0.312,0.249,0.315925624,885.6,29.6,Not Moving,,,
RT-ACT1,7/17/16,6:55:06,-0.016,-0.047,0.312,0.249,0.315925624,885.6,29.6,Not Moving,,,
RT-ACT1,7/17/16,6:55:07,-0.016,-0.047,0.312,0.249,0.315925624,885.6,29.6,Not Moving,,,
RT-ACT1,7/17/16,6:55:08,-0.016,-0.047,0.312,0.249,0.315925624,885.6,29.6,Not Moving,,,
RT-ACT1,7/17/16,6:55:09,-0.031,-0.047,0.312,0.234,0.31703943,885.6,29.6,Not Moving,,,
RT-ACT1,7/17/16,6:55:10,-0.031,-0.047,0.312,0.234,0.31703943,885.2,29.6,Not Moving,,,
RT-ACT1,7/17/16,6:55:11,-0.016,-0.047,0.312,0.249,0.315925624,885.2,29.6,Not Moving,,,
RT-ACT1,7/17/16,6:55:12,-0.016,-0.047,0.312,0.249,0.315925624,885.2,29.6,Not Moving,,,
RT-ACT1,7/17/16,6:55:13,-0.016,-0.047,0.312,0.249,0.315925624,885.2,29.6,Not Moving,,,
RT-ACT1,7/17/16,6:55:14,-0.031,-0.047,0.312,0.234,0.31703943,885.2,29.6,Not Moving,,,
RT-ACT1,7/17/16,6:55:15,-0.031,-0.047,0.312,0.234,0.31703943,885.2,29.6,Not Moving,,,
RT-ACT1,7/17/16,6:55:16,-0.031,-0.047,0.312,0.234,0.31703943,885.2,29.6,Not Moving,,,
RT-ACT1,7/17/16,6:55:17,-0.031,-0.047,0.312,0.234,0.31703943,885.2,29.6,Not Moving,,,
RT-ACT1,7/17/16,6:55:18,-0.031,-0.047,0.312,0.234,0.31703943,885.2,29.6,Not Moving,,,
RT-ACT1,7/17/16,6:55:19,-0.031,-0.047,0.312,0.234,0.31703943,885.2,29.6,Not Moving,,,
RT-ACT1,7/17/16,6:55:20,-0.016,-0.047,0.328,0.265,0.331736341,885.6,29.6,Not Moving,,,
RT-ACT1,7/17/16,6:55:21,-0.016,-0.047,0.312,0.249,0.315925624,885.6,29.6,Not Moving,,,
RT-ACT1,7/17/16,6:55:22,-0.016,-0.047,0.312,0.249,0.315925624,885.6,29.6,Not Moving,,,
RT-ACT1,7/17/16,6:55:23,-0.016,-0.047,0.297,0.234,0.301121238,885.6,29.6,Not Moving,,,
RT-ACT1,7/17/16,6:55:24,-0.016,-0.047,0.312,0.249,0.315925624,885.6,29.6,Not Moving,,,
RT-ACT1,7/17/16,6:55:25,-0.031,-0.047,0.312,0.234,0.31703943,885.6,29.6,Not Moving,,,
RT-ACT1,7/17/16,6:55:26,-0.031,-0.047,0.312,0.234,0.31703943,885.6,29.6,Not Moving,,,
RT-ACT1,7/17/16,6:55:27,-0.031,-0.047,0.312,0.234,0.31703943,885.6,29.6,Not Moving,,,
RT-ACT1,7/17/16,6:55:28,-0.031,-0.047,0.312,0.234,0.31703943,885.6,29.6,Not Moving,,,
RT-ACT1,7/17/16,6:55:29,-0.016,-0.047,0.312,0.249,0.315925624,885.6,29.6,Not Moving,,,
RT-ACT1,7/17/16,6:55:30,-0.031,-0.047,0.312,0.234,0.31703943,885.6,29.6,Not Moving,,,
RT-ACT1,7/17/16,6:55:31,-0.031,-0.047,0.312,0.234,0.31703943,885.6,29.6,Not Moving,,,
RT-ACT1,7/17/16,6:55:32,-0.031,-0.047,0.312,0.234,0.31703943,885.6,29.6,Not Moving,,,
RT-ACT1,7/17/16,6:55:33,-0.031,-0.047,0.312,0.234,0.31703943,885.6,29.6,Not Moving,,,
RT-ACT1,7/17/16,6:55:34,-0.031,-0.047,0.312,0.234,0.31703943,885.6,29.6,Not Moving,,,
RT-ACT1,7/17/16,6:55:35,-0.031,-0.047,0.312,0.234,0.31703943,885.6,29.6,Not Moving,,,
RT-ACT1,7/17/16,6:55:36,-0.031,-0.047,0.312,0.234,0.31703943,885.6,29.6,Not Moving,,,
RT-ACT1,7/17/16,6:55:37,-0.031,-0.047,0.312,0.234,0.31703943,885.6,29.6,Not Moving,,,
RT-ACT1,7/17/16,6:55:38,-0.031,-0.047,0.312,0.234,0.31703943,885.6,29.6,Not Moving,,,
RT-ACT1,7/17/16,6:55:39,-0.031,-0.047,0.312,0.234,0.31703943,885.6,29.6,Not Moving,,,
RT-ACT1,7/17/16,6:55:40,-0.031,-0.047,0.312,0.234,0.31703943,885.6,29.6,Not Moving,,,
RT-ACT1,7/17/16,6:55:41,-0.031,-0.047,0.312,0.234,0.31703943,885.6,29.6,Not Moving,,,
RT-ACT1,7/17/16,6:55:42,-0.016,-0.047,0.312,0.249,0.315925624,885.6,29.6,Not Moving,,,
RT-ACT1,7/17/16,6:55:43,-0.031,-0.047,0.312,0.234,0.31703943,885.6,29.6,Not Moving,,,
RT-ACT1,7/17/16,6:55:44,-0.031,-0.047,0.312,0.234,0.31703943,885.6,29.6,Not Moving,,,
RT-ACT1,7/17/16,6:55:45,-0.031,-0.047,0.312,0.234,0.31703943,885.6,29.6,Not Moving,,,
RT-ACT1,7/17/16,6:55:46,-0.016,-0.047,0.312,0.249,0.315925624,885.6,29.6,Not Moving,,,
RT-ACT1,7/17/16,6:55:47,-0.031,-0.047,0.312,0.234,0.31703943,885.6,29.6,Not Moving,,,
RT-ACT1,7/17/16,6:55:48,-0.031,-0.047,0.312,0.234,0.31703943,885.6,29.6,Not Moving,,,
RT-ACT1,7/17/16,6:55:49,-0.016,-0.047,0.312,0.249,0.315925624,885.6,29.6,Not Moving,,,
RT-ACT1,7/17/16,6:55:50,-0.031,-0.047,0.312,0.234,0.31703943,885.6,29.6,Not Moving,,,
RT-ACT1,7/17/16,6:55:51,-0.031,-0.047,0.312,0.234,0.31703943,885.6,29.6,Not Moving,,,
RT-ACT1,7/17/16,6:55:52,-0.031,-0.047,0.312,0.234,0.31703943,885.6,29.6,Not Moving,,,
RT-ACT1,7/17/16,6:55:53,-0.016,-0.047,0.312,0.249,0.315925624,885.6,29.6,Not Moving,,,
RT-ACT1,7/17/16,6:55:54,-0.031,-0.047,0.312,0.234,0.31703943,885.6,29.6,Not Moving,,,
RT-ACT1,7/17/16,6:55:55,-0.031,-0.047,0.312,0.234,0.31703943,885.6,29.6,Not Moving,,,
RT-ACT1,7/17/16,6:55:56,-0.031,-0.047,0.312,0.234,0.31703943,885.6,29.6,Not Moving,,,
RT-ACT1,7/17/16,6:55:57,-0.031,-0.047,0.312,0.234,0.31703943,885.6,29.6,Not Moving,,,
RT-ACT1,7/17/16,6:55:58,-0.031,-0.047,0.312,0.234,0.31703943,885.6,29.6,Not Moving,,,
RT-ACT1,7/17/16,6:55:59,-0.031,-0.047,0.297,0.219,0.302289596,885.6,29.6,Not Moving,,,
RT-ACT1,7/17/16,6:56:00,-0.016,-0.047,0.312,0.249,0.315925624,885.9,29.6,Not Moving,,,
RT-ACT1,7/17/16,6:56:01,-0.016,-0.047,0.312,0.249,0.315925624,885.9,29.6,Not Moving,,,
RT-ACT1,7/17/16,6:56:02,-0.016,-0.047,0.312,0.249,0.315925624,885.9,29.6,Not Moving,,,
RT-ACT1,7/17/16,6:56:03,-0.031,-0.047,0.312,0.234,0.31703943,885.9,29.6,Not Moving,,,
RT-ACT1,7/17/16,6:56:04,-0.016,-0.047,0.312,0.249,0.315925624,885.9,29.6,Not Moving,,,
RT-ACT1,7/17/16,6:56:05,-0.031,-0.047,0.312,0.234,0.31703943,885.9,29.6,Not Moving,,,
RT-ACT1,7/17/16,6:56:06,-0.016,-0.047,0.312,0.249,0.315925624,885.9,29.6,Not Moving,,,
RT-ACT1,7/17/16,6:56:07,-0.016,-0.047,0.312,0.249,0.315925624,885.9,29.6,Not Moving,,,
RT-ACT1,7/17/16,6:56:08,-0.016,-0.047,0.312,0.249,0.315925624,885.9,29.6,Not Moving,,,
RT-ACT1,7/17/16,6:56:09,-0.031,-0.047,0.312,0.234,0.31703943,885.9,29.6,Not Moving,,,
RT-ACT1,7/17/16,6:56:10,-0.016,-0.047,0.312,0.249,0.315925624,885.7,29.6,Not Moving,,,
RT-ACT1,7/17/16,6:56:11,-0.016,-0.047,0.312,0.249,0.315925624,885.7,29.6,Not Moving,,,
RT-ACT1,7/17/16,6:56:12,-0.031,-0.047,0.312,0.234,0.31703943,885.7,29.6,Not Moving,,,
RT-ACT1,7/17/16,6:56:13,-0.016,-0.047,0.312,0.249,0.315925624,885.7,29.6,Not Moving,,,
RT-ACT1,7/17/16,6:56:14,-0.031,-0.047,0.297,0.219,0.302289596,885.7,29.6,Not Moving,,,
RT-ACT1,7/17/16,6:56:15,-0.016,-0.047,0.312,0.249,0.315925624,885.7,29.6,Not Moving,,,
RT-ACT1,7/17/16,6:56:16,-0.016,-0.047,0.312,0.249,0.315925624,885.7,29.6,Not Moving,,,
RT-ACT1,7/17/16,6:56:17,-0.031,-0.047,0.312,0.234,0.31703943,885.7,29.6,Not Moving,,,
RT-ACT1,7/17/16,6:56:18,-0.031,-0.047,0.312,0.234,0.31703943,885.7,29.6,Not Moving,,,
RT-ACT1,7/17/16,6:56:19,-0.031,-0.047,0.312,0.234,0.31703943,885.7,29.6,Not Moving,,,
RT-ACT1,7/17/16,6:56:20,-0.031,-0.047,0.312,0.234,0.31703943,885.7,29.6,Not Moving,,,
RT-ACT1,7/17/16,6:56:21,-0.031,-0.047,0.312,0.234,0.31703943,885.7,29.6,Not Moving,,,
RT-ACT1,7/17/16,6:56:22,-0.016,-0.047,0.328,0.265,0.331736341,885.7,29.6,Not Moving,,,
RT-ACT1,7/17/16,6:56:23,-0.031,-0.047,0.312,0.234,0.31703943,885.7,29.6,Not Moving,,,
RT-ACT1,7/17/16,6:56:24,-0.031,-0.047,0.312,0.234,0.31703943,885.7,29.6,Not Moving,,,
RT-ACT1,7/17/16,6:56:25,-0.031,-0.047,0.312,0.234,0.31703943,885.7,29.6,Not Moving,,,
RT-ACT1,7/17/16,6:56:26,-0.031,-0.047,0.312,0.234,0.31703943,885.7,29.6,Not Moving,,,
RT-ACT1,7/17/16,6:56:27,-0.031,-0.047,0.312,0.234,0.31703943,885.7,29.6,Not Moving,,,
RT-ACT1,7/17/16,6:56:28,-0.031,-0.047,0.312,0.234,0.31703943,885.7,29.6,Not Moving,,,
RT-ACT1,7/17/16,6:56:29,-0.031,-0.047,0.312,0.234,0.31703943,885.7,29.6,Not Moving,,,
RT-ACT1,7/17/16,6:56:30,-0.031,-0.047,0.312,0.234,0.31703943,885.1,29.6,Not Moving,,,
RT-ACT1,7/17/16,6:56:31,-0.031,-0.047,0.312,0.234,0.31703943,885.1,29.6,Not Moving,,,
RT-ACT1,7/17/16,6:56:32,-0.016,-0.047,0.312,0.249,0.315925624,885.1,29.6,Not Moving,,,
RT-ACT1,7/17/16,6:56:33,-0.016,-0.047,0.297,0.234,0.301121238,885.1,29.6,Not Moving,,,
RT-ACT1,7/17/16,6:56:34,-0.016,-0.047,0.312,0.249,0.315925624,885.1,29.6,Not Moving,,,
RT-ACT1,7/17/16,6:56:35,-0.016,-0.047,0.312,0.249,0.315925624,885.1,29.6,Not Moving,,,
RT-ACT1,7/17/16,6:56:36,-0.031,-0.047,0.312,0.234,0.31703943,885.1,29.6,Not Moving,,,
RT-ACT1,7/17/16,6:56:37,-0.031,-0.047,0.312,0.234,0.31703943,885.1,29.6,Not Moving,,,
RT-ACT1,7/17/16,6:56:38,-0.031,-0.047,0.312,0.234,0.31703943,885.1,29.6,Not Moving,,,
RT-ACT1,7/17/16,6:56:39,-0.031,-0.047,0.312,0.234,0.31703943,885.1,29.6,Not Moving,,,
RT-ACT1,7/17/16,6:56:40,-0.031,-0.047,0.328,0.25,0.332797236,885.9,29.6,Not Moving,,,
RT-ACT1,7/17/16,6:56:41,-0.031,-0.047,0.312,0.234,0.31703943,885.9,29.6,Not Moving,,,
RT-ACT1,7/17/16,6:56:42,-0.016,-0.047,0.312,0.249,0.315925624,885.9,29.6,Not Moving,,,
RT-ACT1,7/17/16,6:56:43,-0.016,-0.047,0.312,0.249,0.315925624,885.9,29.6,Not Moving,,,
RT-ACT1,7/17/16,6:56:44,-0.016,-0.047,0.312,0.249,0.315925624,885.9,29.6,Not Moving,,,
RT-ACT1,7/17/16,6:56:45,-0.016,-0.047,0.312,0.249,0.315925624,885.9,29.6,Not Moving,,,
RT-ACT1,7/17/16,6:56:46,-0.031,-0.047,0.312,0.234,0.31703943,885.9,29.6,Not Moving,,,
RT-ACT1,7/17/16,6:56:47,-0.016,-0.047,0.312,0.249,0.315925624,885.9,29.6,Not Moving,,,
RT-ACT1,7/17/16,6:56:48,-0.031,-0.047,0.312,0.234,0.31703943,885.9,29.6,Not Moving,,,
RT-ACT1,7/17/16,6:56:49,-0.016,-0.047,0.312,0.249,0.315925624,885.9,29.6,Not Moving,,,
RT-ACT1,7/17/16,6:56:50,-0.016,-0.047,0.312,0.249,0.315925624,885.4,29.6,Not Moving,,,
RT-ACT1,7/17/16,6:56:51,-0.016,-0.047,0.312,0.249,0.315925624,885.4,29.6,Not Moving,,,
RT-ACT1,7/17/16,6:56:52,-0.016,-0.047,0.297,0.234,0.301121238,885.4,29.6,Not Moving,,,
RT-ACT1,7/17/16,6:56:53,-0.031,-0.047,0.312,0.234,0.31703943,885.4,29.6,Not Moving,,,
RT-ACT1,7/17/16,6:56:54,-0.031,-0.047,0.312,0.234,0.31703943,885.4,29.6,Not Moving,,,
RT-ACT1,7/17/16,6:56:55,-0.031,-0.047,0.312,0.234,0.31703943,885.4,29.6,Not Moving,,,
RT-ACT1,7/17/16,6:56:56,-0.031,-0.047,0.297,0.219,0.302289596,885.4,29.6,Not Moving,,,
RT-ACT1,7/17/16,6:56:57,-0.031,-0.047,0.312,0.234,0.31703943,885.4,29.6,Not Moving,,,
RT-ACT1,7/17/16,6:56:58,-0.031,-0.047,0.312,0.234,0.31703943,885.4,29.6,Not Moving,,,
RT-ACT1,7/17/16,6:56:59,-0.031,-0.047,0.312,0.234,0.31703943,885.4,29.6,Not Moving,,,
RT-ACT1,7/17/16,6:57:00,-0.031,-0.047,0.312,0.234,0.31703943,885.2,29.6,Not Moving,,,
RT-ACT1,7/17/16,6:57:01,-0.031,-0.047,0.297,0.219,0.302289596,885.2,29.6,Not Moving,,,
RT-ACT1,7/17/16,6:57:02,-0.016,-0.047,0.312,0.249,0.315925624,885.2,29.6,Not Moving,,,
RT-ACT1,7/17/16,6:57:03,-0.016,-0.047,0.312,0.249,0.315925624,885.2,29.6,Not Moving,,,
RT-ACT1,7/17/16,6:57:04,-0.016,-0.047,0.312,0.249,0.315925624,885.2,29.6,Not Moving,,,
RT-ACT1,7/17/16,6:57:05,-0.016,-0.047,0.312,0.249,0.315925624,885.2,29.6,Not Moving,,,
RT-ACT1,7/17/16,6:57:06,-0.016,-0.047,0.312,0.249,0.315925624,885.2,29.6,Not Moving,,,
RT-ACT1,7/17/16,6:57:07,-0.031,-0.047,0.312,0.234,0.31703943,885.2,29.6,Not Moving,,,
RT-ACT1,7/17/16,6:57:08,-0.031,-0.047,0.312,0.234,0.31703943,885.2,29.6,Not Moving,,,
RT-ACT1,7/17/16,6:57:09,-0.031,-0.047,0.312,0.234,0.31703943,885.2,29.6,Not Moving,,,
RT-ACT1,7/17/16,6:57:10,-0.031,-0.047,0.328,0.25,0.332797236,885.3,29.6,Not Moving,,,
RT-ACT1,7/17/16,6:57:11,-0.031,-0.047,0.312,0.234,0.31703943,885.3,29.6,Not Moving,,,
RT-ACT1,7/17/16,6:57:12,-0.016,-0.047,0.312,0.249,0.315925624,885.3,29.6,Not Moving,,,
RT-ACT1,7/17/16,6:57:13,-0.016,-0.047,0.297,0.234,0.301121238,885.3,29.6,Not Moving,,,
RT-ACT1,7/17/16,6:57:14,-0.016,-0.047,0.312,0.249,0.315925624,885.3,29.6,Not Moving,,,
RT-ACT1,7/17/16,6:57:15,-0.016,-0.047,0.297,0.234,0.301121238,885.3,29.6,Not Moving,,,
RT-ACT1,7/17/16,6:57:16,-0.031,-0.047,0.312,0.234,0.31703943,885.3,29.6,Not Moving,,,
RT-ACT1,7/17/16,6:57:17,-0.016,-0.047,0.312,0.249,0.315925624,885.3,29.6,Not Moving,,,
RT-ACT1,7/17/16,6:57:18,-0.016,-0.047,0.312,0.249,0.315925624,885.3,29.6,Not Moving,,,
RT-ACT1,7/17/16,6:57:19,-0.031,-0.047,0.312,0.234,0.31703943,885.3,29.6,Not Moving,,,
RT-ACT1,7/17/16,6:57:20,-0.016,-0.047,0.312,0.249,0.315925624,885.6,29.6,Not Moving,,,
RT-ACT1,7/17/16,6:57:21,-0.016,-0.047,0.312,0.249,0.315925624,885.6,29.6,Not Moving,,,
RT-ACT1,7/17/16,6:57:22,-0.016,-0.047,0.312,0.249,0.315925624,885.6,29.6,Not Moving,,,
RT-ACT1,7/17/16,6:57:23,-0.016,-0.047,0.312,0.249,0.315925624,885.6,29.6,Not Moving,,,
RT-ACT1,7/17/16,6:57:24,-0.016,-0.047,0.312,0.249,0.315925624,885.6,29.6,Not Moving,,,
RT-ACT1,7/17/16,6:57:25,-0.016,-0.047,0.297,0.234,0.301121238,885.6,29.6,Not Moving,,,
RT-ACT1,7/17/16,6:57:26,-0.016,-0.047,0.312,0.249,0.315925624,885.6,29.6,Not Moving,,,
RT-ACT1,7/17/16,6:57:27,-0.031,-0.047,0.312,0.234,0.31703943,885.6,29.6,Not Moving,,,
RT-ACT1,7/17/16,6:57:28,-0.016,-0.047,0.312,0.249,0.315925624,885.6,29.6,Not Moving,,,
RT-ACT1,7/17/16,6:57:29,-0.031,-0.047,0.312,0.234,0.31703943,885.6,29.6,Not Moving,,,
RT-ACT1,7/17/16,6:57:30,-0.031,-0.047,0.328,0.25,0.332797236,885.8,29.6,Not Moving,,,
RT-ACT1,7/17/16,6:57:31,-0.031,-0.047,0.312,0.234,0.31703943,885.8,29.6,Not Moving,,,
RT-ACT1,7/17/16,6:57:32,-0.031,-0.047,0.328,0.25,0.332797236,885.8,29.6,Not Moving,,,
RT-ACT1,7/17/16,6:57:33,-0.031,-0.047,0.328,0.25,0.332797236,885.8,29.6,Not Moving,,,
RT-ACT1,7/17/16,6:57:34,-0.031,-0.047,0.328,0.25,0.332797236,885.8,29.6,Not Moving,,,
RT-ACT1,7/17/16,6:57:35,-0.047,-0.047,0.328,0.234,0.334666999,885.8,29.6,Not Moving,,,
RT-ACT1,7/17/16,6:57:36,-0.047,-0.047,0.328,0.234,0.334666999,885.8,29.6,Not Moving,,,
RT-ACT1,7/17/16,6:57:37,-0.047,-0.047,0.328,0.234,0.334666999,885.8,29.6,Not Moving,,,
RT-ACT1,7/17/16,6:57:38,-0.047,-0.047,0.328,0.234,0.334666999,885.8,29.6,Not Moving,,,
RT-ACT1,7/17/16,6:57:39,-0.047,-0.047,0.328,0.234,0.334666999,885.8,29.6,Not Moving,,,
RT-ACT1,7/17/16,6:57:40,-0.031,-0.047,0.328,0.25,0.332797236,885.6,29.6,Not Moving,,,
RT-ACT1,7/17/16,6:57:41,-0.031,-0.047,0.328,0.25,0.332797236,885.6,29.6,Not Moving,,,
RT-ACT1,7/17/16,6:57:42,-0.031,-0.047,0.312,0.234,0.31703943,885.6,29.6,Not Moving,,,
RT-ACT1,7/17/16,6:57:43,-0.031,-0.047,0.328,0.25,0.332797236,885.6,29.6,Not Moving,,,
RT-ACT1,7/17/16,6:57:44,-0.031,-0.047,0.328,0.25,0.332797236,885.6,29.6,Not Moving,,,
RT-ACT1,7/17/16,6:57:45,-0.031,-0.047,0.328,0.25,0.332797236,885.6,29.6,Not Moving,,,
RT-ACT1,7/17/16,6:57:46,-0.031,-0.047,0.328,0.25,0.332797236,885.6,29.6,Not Moving,,,
RT-ACT1,7/17/16,6:57:47,-0.031,-0.047,0.328,0.25,0.332797236,885.6,29.6,Not Moving,,,
RT-ACT1,7/17/16,6:57:48,-0.031,-0.047,0.328,0.25,0.332797236,885.6,29.6,Not Moving,,,
RT-ACT1,7/17/16,6:57:49,-0.031,-0.047,0.328,0.25,0.332797236,885.6,29.6,Not Moving,,,
RT-ACT1,7/17/16,6:57:50,-0.031,-0.047,0.328,0.25,0.332797236,885.1,29.6,Not Moving,,,
RT-ACT1,7/17/16,6:57:51,-0.031,-0.047,0.312,0.234,0.31703943,885.1,29.6,Not Moving,,,
RT-ACT1,7/17/16,6:57:52,-0.031,-0.047,0.328,0.25,0.332797236,885.1,29.6,Not Moving,,,
RT-ACT1,7/17/16,6:57:53,-0.047,-0.047,0.328,0.234,0.334666999,885.1,29.6,Not Moving,,,
RT-ACT1,7/17/16,6:57:54,-0.031,-0.047,0.328,0.25,0.332797236,885.1,29.6,Not Moving,,,
RT-ACT1,7/17/16,6:57:55,-0.031,-0.047,0.328,0.25,0.332797236,885.1,29.6,Not Moving,,,
RT-ACT1,7/17/16,6:57:56,-0.031,-0.047,0.328,0.25,0.332797236,885.1,29.6,Not Moving,,,
RT-ACT1,7/17/16,6:57:57,-0.031,-0.047,0.328,0.25,0.332797236,885.1,29.6,Not Moving,,,
RT-ACT1,7/17/16,6:57:58,-0.031,-0.047,0.328,0.25,0.332797236,885.1,29.6,Not Moving,,,
RT-ACT1,7/17/16,6:57:59,-0.031,-0.047,0.328,0.25,0.332797236,885.1,29.6,Not Moving,,,
RT-ACT1,7/17/16,6:58:00,-0.031,-0.047,0.328,0.25,0.332797236,886,29.6,Not Moving,,,
RT-ACT1,7/17/16,6:58:01,-0.031,-0.047,0.328,0.25,0.332797236,886,29.6,Not Moving,,,
RT-ACT1,7/17/16,6:58:02,-0.031,-0.047,0.328,0.25,0.332797236,886,29.6,Not Moving,,,
RT-ACT1,7/17/16,6:58:03,-0.031,-0.047,0.328,0.25,0.332797236,886,29.6,Not Moving,,,
RT-ACT1,7/17/16,6:58:04,-0.031,-0.047,0.328,0.25,0.332797236,886,29.6,Not Moving,,,
RT-ACT1,7/17/16,6:58:05,-0.031,-0.047,0.328,0.25,0.332797236,886,29.6,Not Moving,,,
RT-ACT1,7/17/16,6:58:06,-0.031,-0.047,0.328,0.25,0.332797236,886,29.6,Not Moving,,,
RT-ACT1,7/17/16,6:58:07,-0.031,-0.047,0.312,0.234,0.31703943,886,29.6,Not Moving,,,
RT-ACT1,7/17/16,6:58:08,-0.031,-0.047,0.312,0.234,0.31703943,886,29.6,Not Moving,,,
RT-ACT1,7/17/16,6:58:09,-0.031,-0.047,0.312,0.234,0.31703943,886,29.6,Not Moving,,,
RT-ACT1,7/17/16,6:58:10,-0.031,-0.047,0.328,0.25,0.332797236,886,29.6,Not Moving,,,
RT-ACT1,7/17/16,6:58:11,-0.031,-0.047,0.328,0.25,0.332797236,886,29.6,Not Moving,,,
RT-ACT1,7/17/16,6:58:12,-0.031,-0.047,0.328,0.25,0.332797236,886,29.6,Not Moving,,,
RT-ACT1,7/17/16,6:58:13,-0.031,-0.047,0.328,0.25,0.332797236,886,29.6,Not Moving,,,
RT-ACT1,7/17/16,6:58:14,-0.031,-0.047,0.328,0.25,0.332797236,886,29.6,Not Moving,,,
RT-ACT1,7/17/16,6:58:15,-0.031,-0.047,0.312,0.234,0.31703943,886,29.6,Not Moving,,,
RT-ACT1,7/17/16,6:58:16,-0.031,-0.047,0.328,0.25,0.332797236,886,29.6,Not Moving,,,
RT-ACT1,7/17/16,6:58:17,-0.031,-0.047,0.312,0.234,0.31703943,886,29.6,Not Moving,,,
RT-ACT1,7/17/16,6:58:18,-0.031,-0.047,0.328,0.25,0.332797236,886,29.6,Not Moving,,,
RT-ACT1,7/17/16,6:58:19,-0.031,-0.047,0.312,0.234,0.31703943,886,29.6,Not Moving,,,
RT-ACT1,7/17/16,6:58:20,-0.031,-0.047,0.328,0.25,0.332797236,885.7,29.6,Not Moving,,,
RT-ACT1,7/17/16,6:58:21,-0.031,-0.047,0.328,0.25,0.332797236,885.7,29.6,Not Moving,,,
RT-ACT1,7/17/16,6:58:22,-0.031,-0.047,0.328,0.25,0.332797236,885.7,29.6,Not Moving,,,
RT-ACT1,7/17/16,6:58:23,-0.031,-0.047,0.328,0.25,0.332797236,885.7,29.6,Not Moving,,,
RT-ACT1,7/17/16,6:58:24,-0.031,-0.047,0.312,0.234,0.31703943,885.7,29.6,Not Moving,,,
RT-ACT1,7/17/16,6:58:25,-0.031,-0.047,0.312,0.234,0.31703943,885.7,29.6,Not Moving,,,
RT-ACT1,7/17/16,6:58:26,-0.031,-0.047,0.328,0.25,0.332797236,885.7,29.6,Not Moving,,,
RT-ACT1,7/17/16,6:58:27,-0.031,-0.047,0.328,0.25,0.332797236,885.7,29.6,Not Moving,,,
RT-ACT1,7/17/16,6:58:28,-0.031,-0.047,0.328,0.25,0.332797236,885.7,29.6,Not Moving,,,
RT-ACT1,7/17/16,6:58:29,-0.031,-0.047,0.328,0.25,0.332797236,885.7,29.6,Not Moving,,,
RT-ACT1,7/17/16,6:58:30,-0.031,-0.047,0.312,0.234,0.31703943,885.5,29.6,Not Moving,,,
RT-ACT1,7/17/16,6:58:31,-0.031,-0.047,0.328,0.25,0.332797236,885.5,29.6,Not Moving,,,
RT-ACT1,7/17/16,6:58:32,-0.031,-0.047,0.328,0.25,0.332797236,885.5,29.6,Not Moving,,,
RT-ACT1,7/17/16,6:58:33,-0.031,-0.047,0.328,0.25,0.332797236,885.5,29.6,Not Moving,,,
RT-ACT1,7/17/16,6:58:34,-0.031,-0.047,0.312,0.234,0.31703943,885.5,29.6,Not Moving,,,
RT-ACT1,7/17/16,6:58:35,-0.031,-0.047,0.328,0.25,0.332797236,885.5,29.6,Not Moving,,,
RT-ACT1,7/17/16,6:58:36,-0.031,-0.047,0.328,0.25,0.332797236,885.5,29.6,Not Moving,,,
RT-ACT1,7/17/16,6:58:37,-0.031,-0.047,0.312,0.234,0.31703943,885.5,29.6,Not Moving,,,
RT-ACT1,7/17/16,6:58:38,-0.031,-0.047,0.328,0.25,0.332797236,885.5,29.6,Not Moving,,,
RT-ACT1,7/17/16,6:58:39,-0.031,-0.047,0.328,0.25,0.332797236,885.5,29.6,Not Moving,,,
RT-ACT1,7/17/16,6:58:40,-0.031,-0.047,0.328,0.25,0.332797236,885.7,29.6,Not Moving,,,
RT-ACT1,7/17/16,6:58:41,-0.031,-0.047,0.328,0.25,0.332797236,885.7,29.6,Not Moving,,,
RT-ACT1,7/17/16,6:58:42,-0.031,-0.047,0.328,0.25,0.332797236,885.7,29.6,Not Moving,,,
RT-ACT1,7/17/16,6:58:43,-0.031,-0.047,0.328,0.25,0.332797236,885.7,29.6,Not Moving,,,
RT-ACT1,7/17/16,6:58:44,-0.031,-0.047,0.312,0.234,0.31703943,885.7,29.6,Not Moving,,,
RT-ACT1,7/17/16,6:58:45,-0.031,-0.047,0.328,0.25,0.332797236,885.7,29.6,Not Moving,,,
RT-ACT1,7/17/16,6:58:46,-0.031,-0.047,0.328,0.25,0.332797236,885.7,29.6,Not Moving,,,
RT-ACT1,7/17/16,6:58:47,-0.031,-0.047,0.328,0.25,0.332797236,885.7,29.6,Not Moving,,,
RT-ACT1,7/17/16,6:58:48,-0.031,-0.047,0.312,0.234,0.31703943,885.7,29.6,Not Moving,,,
RT-ACT1,7/17/16,6:58:49,-0.031,-0.047,0.328,0.25,0.332797236,885.7,29.6,Not Moving,,,
RT-ACT1,7/17/16,6:58:50,-0.031,-0.047,0.328,0.25,0.332797236,885.8,29.6,Not Moving,,,
RT-ACT1,7/17/16,6:58:51,-0.031,-0.047,0.328,0.25,0.332797236,885.8,29.6,Not Moving,,,
RT-ACT1,7/17/16,6:58:52,-0.031,-0.047,0.328,0.25,0.332797236,885.8,29.6,Not Moving,,,
RT-ACT1,7/17/16,6:58:53,-0.031,-0.047,0.328,0.25,0.332797236,885.8,29.6,Not Moving,,,
RT-ACT1,7/17/16,6:58:54,-0.031,-0.047,0.328,0.25,0.332797236,885.8,29.6,Not Moving,,,
RT-ACT1,7/17/16,6:58:55,-0.031,-0.047,0.328,0.25,0.332797236,885.8,29.6,Not Moving,,,
RT-ACT1,7/17/16,6:58:56,-0.031,-0.047,0.328,0.25,0.332797236,885.8,29.6,Not Moving,,,
RT-ACT1,7/17/16,6:58:57,-0.031,-0.047,0.312,0.234,0.31703943,885.8,29.6,Not Moving,,,
RT-ACT1,7/17/16,6:58:58,-0.031,-0.047,0.328,0.25,0.332797236,885.8,29.6,Not Moving,,,
RT-ACT1,7/17/16,6:58:59,-0.031,-0.047,0.328,0.25,0.332797236,885.8,29.6,Not Moving,,,
RT-ACT1,7/17/16,6:59:00,-0.031,-0.047,0.328,0.25,0.332797236,885.6,29.6,Not Moving,,,
RT-ACT1,7/17/16,6:59:01,-0.031,-0.047,0.328,0.25,0.332797236,885.6,29.6,Not Moving,,,
RT-ACT1,7/17/16,6:59:02,-0.031,-0.047,0.328,0.25,0.332797236,885.6,29.6,Not Moving,,,
RT-ACT1,7/17/16,6:59:03,-0.031,-0.047,0.328,0.25,0.332797236,885.6,29.6,Not Moving,,,
RT-ACT1,7/17/16,6:59:04,-0.031,-0.047,0.328,0.25,0.332797236,885.6,29.6,Not Moving,,,
RT-ACT1,7/17/16,6:59:05,-0.031,-0.047,0.312,0.234,0.31703943,885.6,29.6,Not Moving,,,
RT-ACT1,7/17/16,6:59:06,-0.031,-0.047,0.328,0.25,0.332797236,885.6,29.6,Not Moving,,,
RT-ACT1,7/17/16,6:59:07,-0.031,-0.047,0.328,0.25,0.332797236,885.6,29.6,Not Moving,,,
RT-ACT1,7/17/16,6:59:08,-0.031,-0.047,0.328,0.25,0.332797236,885.6,29.6,Not Moving,,,
RT-ACT1,7/17/16,6:59:09,-0.031,-0.047,0.312,0.234,0.31703943,885.6,29.6,Not Moving,,,
RT-ACT1,7/17/16,6:59:10,-0.031,-0.047,0.328,0.25,0.332797236,885.5,29.6,Not Moving,,,
RT-ACT1,7/17/16,6:59:11,-0.031,-0.047,0.328,0.25,0.332797236,885.5,29.6,Not Moving,,,
RT-ACT1,7/17/16,6:59:12,-0.031,-0.047,0.328,0.25,0.332797236,885.5,29.6,Not Moving,,,
RT-ACT1,7/17/16,6:59:13,-0.031,-0.047,0.328,0.25,0.332797236,885.5,29.6,Not Moving,,,
RT-ACT1,7/17/16,6:59:14,-0.031,-0.047,0.328,0.25,0.332797236,885.5,29.6,Not Moving,,,
RT-ACT1,7/17/16,6:59:15,-0.031,-0.047,0.328,0.25,0.332797236,885.5,29.6,Not Moving,,,
RT-ACT1,7/17/16,6:59:16,-0.031,-0.047,0.328,0.25,0.332797236,885.5,29.6,Not Moving,,,
RT-ACT1,7/17/16,6:59:17,-0.031,-0.047,0.312,0.234,0.31703943,885.5,29.6,Not Moving,,,
RT-ACT1,7/17/16,6:59:18,-0.031,-0.047,0.328,0.25,0.332797236,885.5,29.6,Not Moving,,,
RT-ACT1,7/17/16,6:59:19,-0.031,-0.047,0.328,0.25,0.332797236,885.5,29.6,Not Moving,,,
RT-ACT1,7/17/16,6:59:20,-0.031,-0.047,0.328,0.25,0.332797236,885.6,29.6,Not Moving,,,
RT-ACT1,7/17/16,6:59:21,-0.031,-0.047,0.328,0.25,0.332797236,885.6,29.6,Not Moving,,,
RT-ACT1,7/17/16,6:59:22,-0.031,-0.047,0.328,0.25,0.332797236,885.6,29.6,Not Moving,,,
RT-ACT1,7/17/16,6:59:23,-0.031,-0.047,0.328,0.25,0.332797236,885.6,29.6,Not Moving,,,
RT-ACT1,7/17/16,6:59:24,-0.031,-0.047,0.328,0.25,0.332797236,885.6,29.6,Not Moving,,,
RT-ACT1,7/17/16,6:59:25,-0.031,-0.047,0.328,0.25,0.332797236,885.6,29.6,Not Moving,,,
RT-ACT1,7/17/16,6:59:26,-0.031,-0.047,0.312,0.234,0.31703943,885.6,29.6,Not Moving,,,
RT-ACT1,7/17/16,6:59:27,-0.031,-0.047,0.312,0.234,0.31703943,885.6,29.6,Not Moving,,,
RT-ACT1,7/17/16,6:59:28,-0.031,-0.047,0.328,0.25,0.332797236,885.6,29.6,Not Moving,,,
RT-ACT1,7/17/16,6:59:29,-0.031,-0.047,0.328,0.25,0.332797236,885.6,29.6,Not Moving,,,
RT-ACT1,7/17/16,6:59:30,-0.031,-0.047,0.328,0.25,0.332797236,885.6,29.6,Not Moving,,,
RT-ACT1,7/17/16,6:59:31,-0.031,-0.047,0.312,0.234,0.31703943,885.6,29.6,Not Moving,,,
RT-ACT1,7/17/16,6:59:32,-0.031,-0.047,0.328,0.25,0.332797236,885.6,29.6,Not Moving,,,
RT-ACT1,7/17/16,6:59:33,-0.031,-0.047,0.328,0.25,0.332797236,885.6,29.6,Not Moving,,,
RT-ACT1,7/17/16,6:59:34,-0.031,-0.047,0.312,0.234,0.31703943,885.6,29.6,Not Moving,,,
RT-ACT1,7/17/16,6:59:35,-0.031,-0.047,0.328,0.25,0.332797236,885.6,29.6,Not Moving,,,
RT-ACT1,7/17/16,6:59:36,-0.031,-0.047,0.312,0.234,0.31703943,885.6,29.6,Not Moving,,,
RT-ACT1,7/17/16,6:59:37,-0.031,-0.047,0.312,0.234,0.31703943,885.6,29.6,Not Moving,,,
RT-ACT1,7/17/16,6:59:38,-0.031,-0.047,0.312,0.234,0.31703943,885.6,29.6,Not Moving,,,
RT-ACT1,7/17/16,6:59:39,-0.031,-0.047,0.328,0.25,0.332797236,885.6,29.6,Not Moving,,,
RT-ACT1,7/17/16,6:59:40,-0.031,-0.047,0.312,0.234,0.31703943,885.4,29.6,Not Moving,,,
RT-ACT1,7/17/16,6:59:41,-0.031,-0.047,0.328,0.25,0.332797236,885.4,29.6,Not Moving,,,
RT-ACT1,7/17/16,6:59:42,-0.031,-0.047,0.328,0.25,0.332797236,885.4,29.6,Not Moving,,,
RT-ACT1,7/17/16,6:59:43,-0.031,-0.047,0.328,0.25,0.332797236,885.4,29.6,Not Moving,,,
RT-ACT1,7/17/16,6:59:44,-0.031,-0.047,0.312,0.234,0.31703943,885.4,29.6,Not Moving,,,
RT-ACT1,7/17/16,6:59:45,-0.031,-0.047,0.328,0.25,0.332797236,885.4,29.6,Not Moving,,,
RT-ACT1,7/17/16,6:59:46,-0.031,-0.047,0.328,0.25,0.332797236,885.4,29.6,Not Moving,,,
RT-ACT1,7/17/16,6:59:47,-0.031,-0.047,0.312,0.234,0.31703943,885.4,29.6,Not Moving,,,
RT-ACT1,7/17/16,6:59:48,-0.031,-0.047,0.328,0.25,0.332797236,885.4,29.6,Not Moving,,,
RT-ACT1,7/17/16,6:59:49,-0.031,-0.047,0.328,0.25,0.332797236,885.4,29.6,Not Moving,,,
RT-ACT1,7/17/16,6:59:50,-0.031,-0.047,0.328,0.25,0.332797236,886.2,29.6,Not Moving,,,
RT-ACT1,7/17/16,6:59:51,-0.031,-0.047,0.328,0.25,0.332797236,886.2,29.6,Not Moving,,,
RT-ACT1,7/17/16,6:59:52,-0.031,-0.047,0.328,0.25,0.332797236,886.2,29.6,Not Moving,,,
RT-ACT1,7/17/16,6:59:53,-0.031,-0.047,0.328,0.25,0.332797236,886.2,29.6,Not Moving,,,
RT-ACT1,7/17/16,6:59:54,-0.031,-0.047,0.328,0.25,0.332797236,886.2,29.6,Not Moving,,,
RT-ACT1,7/17/16,6:59:55,-0.031,-0.047,0.328,0.25,0.332797236,886.2,29.6,Not Moving,,,
RT-ACT1,7/17/16,6:59:56,-0.031,-0.047,0.312,0.234,0.31703943,886.2,29.6,Not Moving,,,
RT-ACT1,7/17/16,6:59:57,-0.031,-0.047,0.328,0.25,0.332797236,886.2,29.6,Not Moving,,,
RT-ACT1,7/17/16,6:59:58,-0.031,-0.047,0.328,0.25,0.332797236,886.2,29.6,Not Moving,,,
RT-ACT1,7/17/16,6:59:59,-0.031,-0.047,0.328,0.25,0.332797236,886.2,29.6,Not Moving,,,
RT-ACT1,7/17/16,7:00:00,-0.031,-0.047,0.328,0.25,0.332797236,886.1,29.6,Not Moving,,,
RT-ACT1,7/17/16,7:00:01,-0.031,-0.047,0.312,0.234,0.31703943,886.1,29.6,Not Moving,,,
RT-ACT1,7/17/16,7:00:02,-0.031,-0.047,0.312,0.234,0.31703943,886.1,29.6,Not Moving,,,
RT-ACT1,7/17/16,7:00:03,-0.031,-0.047,0.328,0.25,0.332797236,886.1,29.6,Not Moving,,,
RT-ACT1,7/17/16,7:00:04,-0.031,-0.047,0.328,0.25,0.332797236,886.1,29.6,Not Moving,,,
RT-ACT1,7/17/16,7:00:05,-0.031,-0.047,0.328,0.25,0.332797236,886.1,29.6,Not Moving,,,
RT-ACT1,7/17/16,7:00:06,-0.031,-0.047,0.312,0.234,0.31703943,886.1,29.6,Not Moving,,,
RT-ACT1,7/17/16,7:00:07,-0.031,-0.047,0.312,0.234,0.31703943,886.1,29.6,Not Moving,,,
RT-ACT1,7/17/16,7:00:08,-0.031,-0.047,0.312,0.234,0.31703943,886.1,29.6,Not Moving,,,
RT-ACT1,7/17/16,7:00:09,-0.031,-0.047,0.312,0.234,0.31703943,886.1,29.6,Not Moving,,,
RT-ACT1,7/17/16,7:00:10,-0.031,-0.047,0.312,0.234,0.31703943,885.8,29.6,Not Moving,,,
RT-ACT1,7/17/16,7:00:11,-0.031,-0.047,0.328,0.25,0.332797236,885.8,29.6,Not Moving,,,
RT-ACT1,7/17/16,7:00:12,-0.031,-0.047,0.312,0.234,0.31703943,885.8,29.6,Not Moving,,,
RT-ACT1,7/17/16,7:00:13,-0.031,-0.047,0.312,0.234,0.31703943,885.8,29.6,Not Moving,,,
RT-ACT1,7/17/16,7:00:14,-0.031,-0.047,0.312,0.234,0.31703943,885.8,29.6,Not Moving,,,
RT-ACT1,7/17/16,7:00:15,-0.031,-0.047,0.328,0.25,0.332797236,885.8,29.6,Not Moving,,,
RT-ACT1,7/17/16,7:00:16,-0.031,-0.047,0.328,0.25,0.332797236,885.8,29.6,Not Moving,,,
RT-ACT1,7/17/16,7:00:17,-0.031,-0.047,0.312,0.234,0.31703943,885.8,29.6,Not Moving,,,
RT-ACT1,7/17/16,7:00:18,-0.031,-0.047,0.328,0.25,0.332797236,885.8,29.6,Not Moving,,,
RT-ACT1,7/17/16,7:00:19,-0.031,-0.047,0.312,0.234,0.31703943,885.8,29.6,Not Moving,,,
RT-ACT1,7/17/16,7:00:20,-0.031,-0.047,0.312,0.234,0.31703943,886,29.6,Not Moving,,,
RT-ACT1,7/17/16,7:00:21,-0.031,-0.047,0.312,0.234,0.31703943,886,29.6,Not Moving,,,
RT-ACT1,7/17/16,7:00:22,-0.031,-0.047,0.328,0.25,0.332797236,886,29.6,Not Moving,,,
RT-ACT1,7/17/16,7:00:23,-0.031,-0.047,0.328,0.25,0.332797236,886,29.6,Not Moving,,,
RT-ACT1,7/17/16,7:00:24,-0.031,-0.047,0.328,0.25,0.332797236,886,29.6,Not Moving,,,
RT-ACT1,7/17/16,7:00:25,-0.031,-0.047,0.328,0.25,0.332797236,886,29.6,Not Moving,,,
RT-ACT1,7/17/16,7:00:26,-0.031,-0.047,0.312,0.234,0.31703943,886,29.6,Not Moving,,,
RT-ACT1,7/17/16,7:00:27,-0.031,-0.047,0.312,0.234,0.31703943,886,29.6,Not Moving,,,
RT-ACT1,7/17/16,7:00:28,-0.031,-0.047,0.328,0.25,0.332797236,886,29.6,Not Moving,,,
RT-ACT1,7/17/16,7:00:29,-0.031,-0.047,0.328,0.25,0.332797236,886,29.6,Not Moving,,,
RT-ACT1,7/17/16,7:00:30,-0.031,-0.047,0.328,0.25,0.332797236,886,29.6,Not Moving,,,
RT-ACT1,7/17/16,7:00:31,-0.031,-0.047,0.312,0.234,0.31703943,886,29.6,Not Moving,,,
RT-ACT1,7/17/16,7:00:32,-0.031,-0.047,0.328,0.25,0.332797236,886,29.6,Not Moving,,,
RT-ACT1,7/17/16,7:00:33,-0.031,-0.047,0.312,0.234,0.31703943,886,29.6,Not Moving,,,
RT-ACT1,7/17/16,7:00:34,-0.031,-0.047,0.312,0.234,0.31703943,886,29.6,Not Moving,,,
RT-ACT1,7/17/16,7:00:35,-0.031,-0.047,0.312,0.234,0.31703943,886,29.6,Not Moving,,,
RT-ACT1,7/17/16,7:00:36,-0.031,-0.047,0.312,0.234,0.31703943,886,29.6,Not Moving,,,
RT-ACT1,7/17/16,7:00:37,-0.031,-0.047,0.312,0.234,0.31703943,886,29.6,Not Moving,,,
RT-ACT1,7/17/16,7:00:38,-0.031,-0.047,0.328,0.25,0.332797236,886,29.6,Not Moving,,,
RT-ACT1,7/17/16,7:00:39,-0.031,-0.047,0.328,0.25,0.332797236,886,29.6,Not Moving,,,
RT-ACT1,7/17/16,7:00:40,-0.031,-0.047,0.328,0.25,0.332797236,885.6,29.6,Not Moving,,,
RT-ACT1,7/17/16,7:00:41,-0.031,-0.047,0.312,0.234,0.31703943,885.6,29.6,Not Moving,,,
RT-ACT1,7/17/16,7:00:42,-0.031,-0.047,0.312,0.234,0.31703943,885.6,29.6,Not Moving,,,
RT-ACT1,7/17/16,7:00:43,-0.031,-0.047,0.312,0.234,0.31703943,885.6,29.6,Not Moving,,,
RT-ACT1,7/17/16,7:00:44,-0.031,-0.047,0.328,0.25,0.332797236,885.6,29.6,Not Moving,,,
RT-ACT1,7/17/16,7:00:45,-0.031,-0.047,0.312,0.234,0.31703943,885.6,29.6,Not Moving,,,
RT-ACT1,7/17/16,7:00:46,-0.031,-0.047,0.312,0.234,0.31703943,885.6,29.6,Not Moving,,,
RT-ACT1,7/17/16,7:00:47,-0.031,-0.047,0.328,0.25,0.332797236,885.6,29.6,Not Moving,,,
RT-ACT1,7/17/16,7:00:48,-0.031,-0.047,0.328,0.25,0.332797236,885.6,29.6,Not Moving,,,
RT-ACT1,7/17/16,7:00:49,-0.031,-0.047,0.312,0.234,0.31703943,885.6,29.6,Not Moving,,,
RT-ACT1,7/17/16,7:00:50,-0.031,-0.047,0.312,0.234,0.31703943,886.1,29.6,Not Moving,,,
RT-ACT1,7/17/16,7:00:51,-0.031,-0.047,0.312,0.234,0.31703943,886.1,29.6,Not Moving,,,
RT-ACT1,7/17/16,7:00:52,-0.031,-0.047,0.328,0.25,0.332797236,886.1,29.6,Not Moving,,,
RT-ACT1,7/17/16,7:00:53,-0.031,-0.047,0.312,0.234,0.31703943,886.1,29.6,Not Moving,,,
RT-ACT1,7/17/16,7:00:54,-0.031,-0.047,0.312,0.234,0.31703943,886.1,29.6,Not Moving,,,
RT-ACT1,7/17/16,7:00:55,-0.031,-0.047,0.328,0.25,0.332797236,886.1,29.6,Not Moving,,,
RT-ACT1,7/17/16,7:00:56,-0.031,-0.047,0.328,0.25,0.332797236,886.1,29.6,Not Moving,,,
RT-ACT1,7/17/16,7:00:57,-0.031,-0.047,0.312,0.234,0.31703943,886.1,29.6,Not Moving,,,
RT-ACT1,7/17/16,7:00:58,-0.031,-0.047,0.328,0.25,0.332797236,886.1,29.6,Not Moving,,,
RT-ACT1,7/17/16,7:00:59,-0.031,-0.047,0.312,0.234,0.31703943,886.1,29.6,Not Moving,,,
RT-ACT1,7/17/16,7:01:00,-0.031,-0.047,0.328,0.25,0.332797236,886.2,29.6,Not Moving,,,
RT-ACT1,7/17/16,7:01:01,-0.031,-0.047,0.312,0.234,0.31703943,886.2,29.6,Not Moving,,,
RT-ACT1,7/17/16,7:01:02,-0.031,-0.047,0.328,0.25,0.332797236,886.2,29.6,Not Moving,,,
RT-ACT1,7/17/16,7:01:03,-0.031,-0.047,0.312,0.234,0.31703943,886.2,29.6,Not Moving,,,
RT-ACT1,7/17/16,7:01:04,-0.031,-0.047,0.312,0.234,0.31703943,886.2,29.6,Not Moving,,,
RT-ACT1,7/17/16,7:01:05,-0.031,-0.047,0.312,0.234,0.31703943,886.2,29.6,Not Moving,,,
RT-ACT1,7/17/16,7:01:06,-0.031,-0.047,0.312,0.234,0.31703943,886.2,29.6,Not Moving,,,
RT-ACT1,7/17/16,7:01:07,-0.031,-0.047,0.312,0.234,0.31703943,886.2,29.6,Not Moving,,,
RT-ACT1,7/17/16,7:01:08,-0.031,-0.047,0.312,0.234,0.31703943,886.2,29.6,Not Moving,,,
RT-ACT1,7/17/16,7:01:09,-0.031,-0.047,0.312,0.234,0.31703943,886.2,29.6,Not Moving,,,
RT-ACT1,7/17/16,7:01:10,-0.031,-0.047,0.328,0.25,0.332797236,886.3,29.6,Not Moving,,,
RT-ACT1,7/17/16,7:01:11,-0.031,-0.047,0.312,0.234,0.31703943,886.3,29.6,Not Moving,,,
RT-ACT1,7/17/16,7:01:12,-0.031,-0.047,0.312,0.234,0.31703943,886.3,29.6,Not Moving,,,
RT-ACT1,7/17/16,7:01:13,-0.031,-0.047,0.312,0.234,0.31703943,886.3,29.6,Not Moving,,,
RT-ACT1,7/17/16,7:01:14,-0.031,-0.047,0.312,0.234,0.31703943,886.3,29.6,Not Moving,,,
RT-ACT1,7/17/16,7:01:15,-0.031,-0.047,0.328,0.25,0.332797236,886.3,29.6,Not Moving,,,
RT-ACT1,7/17/16,7:01:16,-0.031,-0.047,0.328,0.25,0.332797236,886.3,29.6,Not Moving,,,
RT-ACT1,7/17/16,7:01:17,-0.031,-0.047,0.312,0.234,0.31703943,886.3,29.6,Not Moving,,,
RT-ACT1,7/17/16,7:01:18,-0.031,-0.047,0.312,0.234,0.31703943,886.3,29.6,Not Moving,,,
RT-ACT1,7/17/16,7:01:19,-0.031,-0.047,0.328,0.25,0.332797236,886.3,29.6,Not Moving,,,
RT-ACT1,7/17/16,7:01:20,-0.031,-0.047,0.328,0.25,0.332797236,885.8,29.6,Not Moving,,,
RT-ACT1,7/17/16,7:01:21,-0.031,-0.047,0.312,0.234,0.31703943,885.8,29.6,Not Moving,,,
RT-ACT1,7/17/16,7:01:22,-0.031,-0.047,0.312,0.234,0.31703943,885.8,29.6,Not Moving,,,
RT-ACT1,7/17/16,7:01:23,-0.031,-0.047,0.312,0.234,0.31703943,885.8,29.6,Not Moving,,,
RT-ACT1,7/17/16,7:01:24,-0.031,-0.047,0.312,0.234,0.31703943,885.8,29.6,Not Moving,,,
RT-ACT1,7/17/16,7:01:25,-0.031,-0.047,0.328,0.25,0.332797236,885.8,29.6,Not Moving,,,
RT-ACT1,7/17/16,7:01:26,-0.031,-0.047,0.328,0.25,0.332797236,885.8,29.6,Not Moving,,,
RT-ACT1,7/17/16,7:01:27,-0.031,-0.047,0.344,0.266,0.348577108,885.8,29.6,Not Moving,,,
RT-ACT1,7/17/16,7:01:28,-0.031,-0.047,0.344,0.266,0.348577108,885.8,29.6,Not Moving,,,
RT-ACT1,7/17/16,7:01:29,-0.031,-0.062,0.344,0.251,0.35091452,885.8,29.6,Not Moving,,,
RT-ACT1,7/17/16,7:01:30,-0.031,-0.047,0.328,0.25,0.332797236,885.9,29.6,Not Moving,,,
RT-ACT1,7/17/16,7:01:31,-0.031,-0.062,0.344,0.251,0.35091452,885.9,29.6,Not Moving,,,
RT-ACT1,7/17/16,7:01:32,-0.031,-0.047,0.328,0.25,0.332797236,885.9,29.6,Not Moving,,,
RT-ACT1,7/17/16,7:01:33,-0.031,-0.047,0.344,0.266,0.348577108,885.9,29.6,Not Moving,,,
RT-ACT1,7/17/16,7:01:34,-0.031,-0.062,0.344,0.251,0.35091452,885.9,29.6,Not Moving,,,
RT-ACT1,7/17/16,7:01:35,-0.031,-0.062,0.344,0.251,0.35091452,885.9,29.6,Not Moving,,,
RT-ACT1,7/17/16,7:01:36,-0.031,-0.062,0.328,0.235,0.335244687,885.9,29.6,Not Moving,,,
RT-ACT1,7/17/16,7:01:37,-0.031,-0.047,0.344,0.266,0.348577108,885.9,29.6,Not Moving,,,
RT-ACT1,7/17/16,7:01:38,-0.031,-0.062,0.328,0.235,0.335244687,885.9,29.6,Not Moving,,,
RT-ACT1,7/17/16,7:01:39,-0.031,-0.047,0.344,0.266,0.348577108,885.9,29.6,Not Moving,,,
RT-ACT1,7/17/16,7:01:40,-0.031,-0.047,0.344,0.266,0.348577108,886.4,29.6,Not Moving,,,
RT-ACT1,7/17/16,7:01:41,-0.031,-0.047,0.344,0.266,0.348577108,886.4,29.6,Not Moving,,,
RT-ACT1,7/17/16,7:01:42,-0.031,-0.047,0.328,0.25,0.332797236,886.4,29.6,Not Moving,,,
RT-ACT1,7/17/16,7:01:43,-0.031,-0.047,0.344,0.266,0.348577108,886.4,29.6,Not Moving,,,
RT-ACT1,7/17/16,7:01:44,-0.031,-0.047,0.344,0.266,0.348577108,886.4,29.6,Not Moving,,,
RT-ACT1,7/17/16,7:01:45,-0.031,-0.047,0.344,0.266,0.348577108,886.4,29.6,Not Moving,,,
RT-ACT1,7/17/16,7:01:46,-0.031,-0.047,0.344,0.266,0.348577108,886.4,29.6,Not Moving,,,
RT-ACT1,7/17/16,7:01:47,-0.031,-0.047,0.344,0.266,0.348577108,886.4,29.6,Not Moving,,,
RT-ACT1,7/17/16,7:01:48,-0.031,-0.047,0.344,0.266,0.348577108,886.4,29.6,Not Moving,,,
RT-ACT1,7/17/16,7:01:49,-0.031,-0.047,0.344,0.266,0.348577108,886.4,29.6,Not Moving,,,
RT-ACT1,7/17/16,7:01:50,-0.031,-0.047,0.328,0.25,0.332797236,886.2,29.6,Not Moving,,,
RT-ACT1,7/17/16,7:01:51,-0.031,-0.047,0.344,0.266,0.348577108,886.2,29.6,Not Moving,,,
RT-ACT1,7/17/16,7:01:52,-0.031,-0.047,0.344,0.266,0.348577108,886.2,29.6,Not Moving,,,
RT-ACT1,7/17/16,7:01:53,-0.031,-0.047,0.344,0.266,0.348577108,886.2,29.6,Not Moving,,,
RT-ACT1,7/17/16,7:01:54,-0.031,-0.047,0.328,0.25,0.332797236,886.2,29.6,Not Moving,,,
RT-ACT1,7/17/16,7:01:55,-0.031,-0.047,0.328,0.25,0.332797236,886.2,29.6,Not Moving,,,
RT-ACT1,7/17/16,7:01:56,-0.031,-0.047,0.344,0.266,0.348577108,886.2,29.6,Not Moving,,,
RT-ACT1,7/17/16,7:01:57,-0.031,-0.047,0.344,0.266,0.348577108,886.2,29.6,Not Moving,,,
RT-ACT1,7/17/16,7:01:58,-0.031,-0.047,0.344,0.266,0.348577108,886.2,29.6,Not Moving,,,
RT-ACT1,7/17/16,7:01:59,-0.031,-0.047,0.344,0.266,0.348577108,886.2,29.6,Not Moving,,,
RT-ACT1,7/17/16,7:02:00,-0.031,-0.047,0.344,0.266,0.348577108,885.6,29.6,Not Moving,,,
RT-ACT1,7/21/16,10:35:00,-0.375,-0.094,0.219,-0.25,0.444321955,843.4,32.1,Not Moving,,Coiled loosely at mouth to same burrow,No
RT-ACT1,7/21/16,10:35:01,-0.359,-0.094,0.219,-0.234,0.430903702,843.4,32.1,Not Moving,,,
RT-ACT1,7/21/16,10:35:02,-0.375,-0.094,0.203,-0.266,0.436657761,843.4,32.1,Not Moving,,,
RT-ACT1,7/21/16,10:35:03,-0.359,-0.094,0.219,-0.234,0.430903702,843.4,32.1,Not Moving,,,
RT-ACT1,7/21/16,10:35:04,-0.359,-0.094,0.203,-0.25,0.422996454,843.4,32.1,Not Moving,,,
RT-ACT1,7/21/16,10:35:05,-0.359,-0.094,0.219,-0.234,0.430903702,843.4,32.1,Not Moving,,,
RT-ACT1,7/21/16,10:35:06,-0.359,-0.094,0.219,-0.234,0.430903702,843.4,32.1,Not Moving,,,
RT-ACT1,7/21/16,10:35:07,-0.359,-0.094,0.219,-0.234,0.430903702,843.4,32.1,Not Moving,,,
RT-ACT1,7/21/16,10:35:08,-0.359,-0.094,0.219,-0.234,0.430903702,843.4,32.1,Not Moving,,,
RT-ACT1,7/21/16,10:35:09,-0.359,-0.094,0.219,-0.234,0.430903702,843.4,32.1,Not Moving,,,
RT-ACT1,7/21/16,10:35:10,-0.359,-0.094,0.219,-0.234,0.430903702,843.4,32.1,Not Moving,,,
RT-ACT1,7/21/16,10:35:11,-0.359,-0.094,0.219,-0.234,0.430903702,843.4,32.1,Not Moving,,,
RT-ACT1,7/21/16,10:35:12,-0.359,-0.094,0.219,-0.234,0.430903702,843.4,32.1,Not Moving,,,
RT-ACT1,7/21/16,10:35:13,-0.359,-0.109,0.219,-0.249,0.434422605,843.4,32.1,Not Moving,,,
RT-ACT1,7/21/16,10:35:14,-0.359,-0.094,0.234,-0.219,0.438717449,843.4,32.1,Not Moving,,,
RT-ACT1,7/21/16,10:35:15,-0.359,-0.109,0.219,-0.249,0.434422605,843.4,32.1,Not Moving,,,
RT-ACT1,7/21/16,10:35:16,-0.359,-0.094,0.219,-0.234,0.430903702,843.4,32.1,Not Moving,,,
RT-ACT1,7/21/16,10:35:17,-0.359,-0.094,0.219,-0.234,0.430903702,843.4,32.1,Not Moving,,,
RT-ACT1,7/21/16,10:35:18,-0.359,-0.094,0.219,-0.234,0.430903702,843.4,32.1,Not Moving,,,
RT-ACT1,7/21/16,10:35:19,-0.359,-0.094,0.219,-0.234,0.430903702,843.4,32.1,Not Moving,,,
RT-ACT1,7/21/16,10:35:20,-0.359,-0.094,0.219,-0.234,0.430903702,843.5,32.1,Not Moving,,,
RT-ACT1,7/21/16,10:35:21,-0.359,-0.109,0.234,-0.234,0.442174174,843.5,32.1,Not Moving,,,
RT-ACT1,7/21/16,10:35:22,-0.359,-0.109,0.219,-0.249,0.434422605,843.5,32.1,Not Moving,,,
RT-ACT1,7/21/16,10:35:23,-0.359,-0.109,0.219,-0.249,0.434422605,843.5,32.1,Not Moving,,,
RT-ACT1,7/21/16,10:35:24,-0.359,-0.094,0.219,-0.234,0.430903702,843.5,32.1,Not Moving,,,
RT-ACT1,7/21/16,10:35:25,-0.359,-0.094,0.219,-0.234,0.430903702,843.5,32.1,Not Moving,,,
RT-ACT1,7/21/16,10:35:26,-0.359,-0.094,0.219,-0.234,0.430903702,843.5,32.1,Not Moving,,,
RT-ACT1,7/21/16,10:35:27,-0.359,-0.094,0.219,-0.234,0.430903702,843.5,32.1,Not Moving,,,
RT-ACT1,7/21/16,10:35:28,-0.359,-0.094,0.219,-0.234,0.430903702,843.5,32.1,Not Moving,,,
RT-ACT1,7/21/16,10:35:29,-0.359,-0.094,0.219,-0.234,0.430903702,843.5,32.1,Not Moving,,,
RT-ACT1,7/21/16,10:35:30,-0.359,-0.094,0.219,-0.234,0.430903702,843.5,32.1,Not Moving,,,
RT-ACT1,7/21/16,10:35:31,-0.359,-0.094,0.203,-0.25,0.422996454,843.5,32.1,Not Moving,,,
RT-ACT1,7/21/16,10:35:32,-0.359,-0.094,0.219,-0.234,0.430903702,843.5,32.1,Not Moving,,,
RT-ACT1,7/21/16,10:35:33,-0.359,-0.094,0.219,-0.234,0.430903702,843.5,32.1,Not Moving,,,
RT-ACT1,7/21/16,10:35:34,-0.359,-0.094,0.219,-0.234,0.430903702,843.5,32.1,Not Moving,,,
RT-ACT1,7/21/16,10:35:35,-0.359,-0.094,0.219,-0.234,0.430903702,843.5,32.1,Not Moving,,,
RT-ACT1,7/21/16,10:35:36,-0.359,-0.094,0.219,-0.234,0.430903702,843.5,32.1,Not Moving,,,
RT-ACT1,7/21/16,10:35:37,-0.359,-0.094,0.219,-0.234,0.430903702,843.5,32.1,Not Moving,,,
RT-ACT1,7/21/16,10:35:38,-0.359,-0.109,0.219,-0.249,0.434422605,843.5,32.1,Not Moving,,,
RT-ACT1,7/21/16,10:35:39,-0.359,-0.094,0.203,-0.25,0.422996454,843.5,32.1,Not Moving,,,
RT-ACT1,7/21/16,10:35:40,-0.359,-0.094,0.219,-0.234,0.430903702,843.5,32.1,Not Moving,,,
RT-ACT1,7/21/16,10:35:41,-0.359,-0.094,0.219,-0.234,0.430903702,843.5,32.1,Not Moving,,,
RT-ACT1,7/21/16,10:35:42,-0.359,-0.094,0.219,-0.234,0.430903702,843.5,32.1,Not Moving,,,
RT-ACT1,7/21/16,10:35:43,-0.359,-0.094,0.219,-0.234,0.430903702,843.5,32.1,Not Moving,,,
RT-ACT1,7/21/16,10:35:44,-0.359,-0.094,0.219,-0.234,0.430903702,843.5,32.1,Not Moving,,,
RT-ACT1,7/21/16,10:35:45,-0.359,-0.094,0.219,-0.234,0.430903702,843.5,32.1,Not Moving,,,
RT-ACT1,7/21/16,10:35:46,-0.359,-0.094,0.219,-0.234,0.430903702,843.5,32.1,Not Moving,,,
RT-ACT1,7/21/16,10:35:47,-0.359,-0.094,0.219,-0.234,0.430903702,843.5,32.1,Not Moving,,,
