"Number of header lines:";"33";
"Experiment";"Cupim02SeptTarde";
"System Independent Variable";
"Trial name";"Trial     1";
"Trial ID";"0";
"Arena name";"Arena 1";
"Arena ID";"0";
"Subject name";"Subject 1";
"Subject ID";"0";
"Arena settings";"Arena Settings 1";
"Detection settings";"Detection Settings 1";
"Trial Control settings";"Trial Control Settings 1";
"Start time";"02/09/2014 18:04:58,4";
"Trial duration";"+ 06:00:00,6";
"Recording after";"+ 00:00:01,5";
"Recording duration";"+ 05:59:59,1";
"Track";"Track filet0000a0000o0000_0001.trk";
"Tracking source";"Euresys PICOLO U4 H.264 No/1 - VID1";
"Video file";"";
"Video start time";"";
"Trial status";"2";
"Acquisition status";"Acquired";
"Track status";"Acquired";
"Video file status";"Skipped";
"Sync status";"Not available";
"Reference duration";"+ 06:00:00,6";
"Reference time";"02/09/2014 18:04:58,4";
"Sof file";"";
"Missed samples";"0,0 %";
"Subject not found";"3,6 %";
" ";
"Trial time";"Recording time";"X center";"Y center";"Area";"Areachange";"Elongation";"Distance moved";"Velocity";"Result 1";
"(s)";"(s)";"(mm)";"(mm)";"(mm²)";"(mm²)";"";"(mm)";"(mm/s)";"";
1.501;0.000;-47.5671;36.301;2.45676;5.62469;0.616467;"-";"-";1;
2.002;0.500;-46.9706;37.2077;2.52141;3.68514;0.381811;1.08533;2.1685;1;
2.502;1.001;-46.3029;36.0679;2.65072;4.39631;0.426696;1.321;2.63936;1;
3.003;1.501;-48.1344;32.5995;2.78002;5.43074;0.152049;3.92229;7.83674;1;
3.503;2.002;-48.8049;31.2389;2.65072;4.52562;0.384212;1.51681;3.03059;1;
4.004;2.502;-49.4702;32.4885;2.26281;4.52562;0.447689;1.41568;2.82853;1;
4.504;3.003;-49.4644;32.4822;2.26281;0.517213;0.352025;0.00857293;0.0171287;1;
5.005;3.503;-49.1755;32.9268;2.58607;1.74559;0.50121;0.530298;1.05954;1;
5.505;4.004;-48.8067;33.8457;2.45676;2.84467;0.350197;0.990157;1.97833;1;
6.006;4.504;-48.3967;35.975;2.90932;5.36609;0.26391;2.16839;4.33244;1;
6.506;5.005;-48.191;37.0665;2.78002;3.7498;0.373544;1.11066;2.21909;1;
7.007;5.505;-47.8035;38.9615;2.84467;5.62469;0.28326;1.93426;3.86466;1;
7.507;6.006;-47.6448;39.2499;2.84467;1.29303;0.306608;0.3292;0.657741;1;
8.008;6.506;-47.3692;39.1371;2.45676;1.55164;0.371026;0.297833;0.595071;1;
8.508;7.007;-47.1673;39.7288;2.32746;2.32746;0.326459;0.625187;1.24912;1;
9.009;7.507;-45.9749;39.5967;2.65072;3.81445;0.300006;1.19973;2.39707;1;
9.509;8.008;-44.9837;39.7242;2.52141;3.62049;0.338838;0.999404;1.99681;1;
10.010;8.508;-44.0702;39.567;2.71537;3.16793;0.324809;0.926945;1.85204;1;
10.510;9.009;-42.6409;40.0076;2.58607;5.04283;0.283604;1.49567;2.98834;1;
11.011;9.509;-42.4684;39.9214;2.58607;0.77582;0.293978;0.192787;0.385189;1;
11.511;10.010;-40.1526;39.2434;2.52141;5.10748;0.292193;2.41302;4.82121;1;
12.012;10.510;-36.8295;38.3613;2.52141;5.04283;0.473835;3.4382;6.86954;1;
12.512;11.011;-32.8727;37.1491;2.97398;5.49539;0.340751;4.13826;8.26824;1;
13.013;11.511;-28.8607;35.652;2.71537;5.68935;0.297781;4.28228;8.55601;1;
13.513;12.012;-26.8352;32.3366;2.45676;5.17213;0.30105;3.88521;7.76265;1;
14.014;12.512;-24.1058;29.8484;2.39211;4.84887;0.289031;3.69334;7.37931;1;
14.514;13.013;-18.9963;27.4442;2.45676;4.84887;0.270225;5.64681;11.2823;1;
15.015;13.513;-15.2221;25.8265;2.71537;5.17213;0.451249;4.10632;8.20444;1;
15.515;14.014;-11.9788;23.7349;2.32746;5.04283;0.292215;3.85923;7.71074;1;
16.016;14.514;-11.5646;23.416;2.19816;1.93955;0.457111;0.522712;1.04438;1;
16.516;15.015;-11.231;23.1076;2.19816;1.42234;0.315901;0.454298;0.907687;1;
17.017;15.515;-11.231;23.1076;2.19816;0;0.315901;0;0;1;
17.517;16.016;-10.7165;22.3958;2.19816;2.58607;0.341023;0.878291;1.75482;1;
18.018;16.516;-10.9191;22.6207;2.06885;0.77582;0.309137;0.302671;0.604737;1;
18.518;17.017;-11.0868;23.0172;1.93955;1.29303;0.25526;0.430516;0.86017;1;
19.019;17.517;-10.9293;23.3843;1.93955;1.42234;0.458777;0.399441;0.798083;1;
19.519;18.018;-10.1029;23.6792;2.52141;2.39211;0.550022;0.877507;1.75326;1;
20.020;18.518;-7.57655;24.9999;2.58607;5.10748;0.528592;2.85071;5.69573;1;
20.520;19.019;-3.79894;26.4249;2.19816;4.78422;0.454202;4.03746;8.06684;1;
21.021;19.519;-3.2342;27.0197;2.1335;2.52141;0.53571;0.820184;1.63873;1;
21.521;20.020;-2.6754;27.6415;2.39211;2.32746;0.594401;0.836012;1.67035;1;
22.022;20.520;-3.70634;27.4173;1.81025;2.65072;0.634603;1.05504;2.10798;1;
22.522;21.021;-4.85878;27.2946;2.39211;2.65072;0.585116;1.15896;2.31559;1;
23.023;21.521;-5.556;27.9225;2.19816;3.16793;0.45327;0.938284;1.87469;1;
23.523;22.022;-7.01073;29.0856;2.45676;4.52562;0.25525;1.86254;3.72134;1;
24.024;22.522;-7.54623;29.4786;2.58607;2.19816;0.328931;0.664249;1.32717;1;
24.524;23.023;-7.5964;29.4978;2.65072;0.452562;0.261267;0.0537364;0.107365;1;
25.025;23.523;-7.70593;29.4745;2.71537;0.452562;0.284164;0.111992;0.223759;1;
25.525;24.024;-7.66221;29.4875;2.58607;0.129303;0.356808;0.0456328;0.0911743;1;
26.026;24.524;-8.04015;29.7725;2.39211;2.1335;0.335496;0.473339;0.945731;1;
26.526;25.025;-8.44505;29.8798;2.32746;1.61629;0.426752;0.418865;0.836891;1;
27.027;25.525;-8.4718;29.9489;2.1335;0.193955;0.379885;0.0741167;0.148085;1;
27.527;26.026;-8.44201;29.9399;2.19816;0.193955;0.496201;0.0310969;0.0621315;1;
28.028;26.526;-8.42471;29.9221;2.26281;0.0646517;0.465855;0.024824;0.0495984;1;
28.528;27.027;-8.31746;29.8454;2.32746;0.452562;0.455344;0.131874;0.263484;1;
29.029;27.527;-8.31135;29.864;2.19816;0.129303;0.520356;0.0195863;0.0391335;1;
29.529;28.028;-8.68463;29.0109;2.19816;2.45676;0.369619;0.931181;1.8605;1;
30.030;28.528;-10.0826;25.4682;2.39211;4.59027;0.230666;3.80852;7.60944;1;
30.530;29.029;-12.0033;22.9066;2.1335;4.52562;0.417153;3.2017;6.39699;1;
31.031;29.529;-14.9302;18.7329;2.19816;4.33166;0.232194;5.09773;10.1853;1;
31.531;30.030;-16.8518;13.1323;1.81025;4.0084;0.266712;5.92111;11.8304;1;
32.032;30.530;-17.5488;9.17991;2.65072;4.46096;0.211403;4.01335;8.01868;1;
32.532;31.031;-20.7125;7.73973;2.84467;5.49539;0.268732;3.47606;6.94516;1;
33.033;31.531;-26.2173;7.3562;2.58607;5.43074;0.315468;5.51812;11.0252;1;
33.533;32.032;-33.2493;8.70943;2.45676;5.04283;0.332381;7.16109;14.3078;1;
34.034;32.532;-39.2793;11.4045;2.39211;4.84887;0.380983;6.6049;13.1966;1;
34.534;33.033;-44.2424;16.1929;2.58607;4.97818;0.487716;6.89642;13.779;1;
35.035;33.533;-47.1649;23.3437;2.45676;5.04283;0.312469;7.72492;15.4344;1;
35.535;34.034;-48.3431;25.9764;2.97398;5.43074;0.392642;2.88433;5.76288;1;
36.036;34.534;-49.0959;28.0877;2.39211;5.36609;0.435647;2.24153;4.47858;1;
36.536;35.035;-49.5371;29.0003;2.26281;2.71537;0.439048;1.01361;2.0252;1;
37.037;35.535;-49.4956;30.6832;2.39211;4.52562;0.223922;1.68345;3.36353;1;
37.537;36.036;-49.3261;32.6691;2.39211;4.65492;0.500126;1.99316;3.98233;1;
38.038;36.536;-49.1367;34.9347;2.52141;4.91353;0.447132;2.27349;4.54245;1;
38.538;37.037;-47.1066;39.5341;2.58607;5.10748;0.33083;5.02749;10.0449;1;
39.039;37.537;-43.2278;45.5818;3.10328;5.68935;0.333562;7.18471;14.3551;1;
39.539;38.038;-39.9671;48.6525;2.78002;5.8833;0.395256;4.47893;8.94889;1;
40.040;38.538;-34.6494;51.9505;2.52141;5.30144;0.39554;6.25744;12.5024;1;
40.540;39.039;-30.1619;53.8949;2.84467;5.36609;0.474512;4.89059;9.7714;1;
41.041;39.539;-25.7445;54.5106;2.71537;5.56004;0.462388;4.46007;8.91123;1;
41.541;40.040;-22.2778;54.2134;2.58607;5.30144;0.448136;3.47943;6.9519;1;
42.042;40.540;-15.9806;52.9224;2.39211;4.97818;0.584215;6.42819;12.8435;1;
42.542;41.041;-12.5226;50.7236;2.84467;5.23678;0.485921;4.09783;8.18745;1;
43.043;41.541;-9.35286;47.7561;2.58607;5.43074;0.342063;4.34208;8.67549;1;
43.543;42.042;-6.65332;45.1985;2.32746;4.91353;0.286605;3.71871;7.42998;1;
44.044;42.542;-4.59904;42.2389;2.71537;5.04283;0.293361;3.60269;7.19818;1;
44.544;43.043;-4.3458;41.2743;2.32746;3.49119;0.283412;0.997229;1.99246;1;
45.045;43.543;-4.03649;40.383;2.52141;3.16793;0.251938;0.943446;1.88501;1;
45.545;44.044;-3.05685;38.5596;2.65072;5.04283;0.388897;2.06995;4.13575;1;
46.046;44.544;-2.35829;35.9423;2.58607;5.23678;0.406918;2.70886;5.41231;1;
46.546;45.045;-1.85744;33.6422;2.65072;5.23678;0.336449;2.35399;4.70328;1;
47.047;45.545;-1.50865;31.1969;2.32746;4.97818;0.499362;2.47014;4.93534;1;
47.547;46.046;-1.57151;28.1212;2.26281;4.59027;0.470646;3.07628;6.14641;1;
48.048;46.546;-2.24152;23.9191;2.26281;4.52562;0.278369;4.25517;8.50184;1;
48.548;47.047;-4.81304;18.6913;2.32746;4.59027;0.0633118;5.82603;11.6404;1;
49.049;47.547;-8.29523;13.5465;2.19816;4.52562;0.406241;6.2125;12.4126;1;
49.549;48.048;-12.283;10.6156;2.45676;4.65492;0.369069;4.94898;9.88806;1;
50.050;48.548;-13.6835;9.06885;2.1335;4.59027;0.374512;2.0866;4.16903;1;
50.550;49.049;-14.7556;8.33213;2.39211;3.49119;0.30416;1.30083;2.59906;1;
51.051;49.549;-14.7647;8.26367;2.45676;0.193955;0.393972;0.0690607;0.137983;1;
51.551;50.050;-14.6595;8.412;2.39211;0.711168;0.356293;0.181889;0.363413;1;
52.052;50.550;-14.7654;8.23597;2.39211;0.77582;0.444531;0.205453;0.410496;1;
52.552;51.051;-15.643;7.73675;2.39211;2.84467;0.404114;1.00965;2.01729;1;
53.053;51.551;-15.6349;7.89557;2.32746;0.581865;0.324536;0.159025;0.317732;1;
53.553;52.052;-15.6939;7.98116;2.39211;0.452562;0.43037;0.10395;0.207692;1;
54.054;52.552;-16.0239;7.89753;2.26281;1.03443;0.250874;0.340413;0.680147;1;
54.554;53.053;-16.98;7.63161;2.19816;2.78002;0.527183;0.992371;1.98275;1;
55.055;53.553;-17.6678;7.67856;2.52141;2.1335;0.400482;0.689453;1.37753;1;
55.555;54.054;-17.8135;7.80828;2.71537;0.711168;0.477947;0.19504;0.389689;1;
56.056;54.554;-18.0979;7.7439;2.26281;1.09908;0.297994;0.291636;0.58269;1;
56.556;55.055;-18.8813;7.69197;2.39211;2.32746;0.327323;0.785113;1.56865;1;
57.057;55.555;-19.2869;7.94835;2.58607;1.61629;0.474373;0.479851;0.958744;1;
57.557;56.056;-19.6916;7.89012;2.52141;1.22838;0.479368;0.408793;0.816768;1;
58.058;56.556;-19.6925;7.94365;2.58607;0.193955;0.385701;0.0535359;0.106965;1;
58.558;57.057;-19.975;8.32519;2.78002;1.8749;0.442883;0.474716;0.948482;1;
59.059;57.557;-20.2416;8.47681;2.97398;1.22838;0.544854;0.306742;0.612872;1;
59.559;58.058;-20.3479;8.54467;2.84467;0.517213;0.534227;0.126058;0.251863;1;
60.060;58.558;-20.4277;9.17558;2.45676;2.71537;0.404826;0.635938;1.2706;1;
60.560;59.059;-21.7236;9.76231;2.45676;4.39631;0.485955;1.42259;2.84233;1;
61.061;59.559;-23.4307;9.86132;2.65072;4.59027;0.164306;1.70992;3.41643;1;
61.561;60.060;-24.6537;9.79804;2.58607;3.94375;0.255534;1.2246;2.44675;1;
62.062;60.560;-25.9734;9.95796;2.32746;3.8791;0.321413;1.32944;2.65622;1;
62.562;61.061;-27.9058;9.3602;2.78002;5.10748;0.450058;2.02269;4.04133;1;
63.063;61.561;-28.3814;9.14922;2.58607;2.0042;0.214098;0.520344;1.03965;1;
63.563;62.062;-29.3918;8.50504;2.19816;3.49119;0.427088;1.19822;2.39405;1;
64.064;62.562;-29.7619;8.0645;2.65072;2.0042;0.417369;0.575412;1.14967;1;
64.564;63.063;-30.3188;7.63549;2.97398;2.26281;0.491009;0.702982;1.40456;1;
65.065;63.563;-30.6502;7.46502;2.84467;1.29303;0.410427;0.372683;0.744621;1;
65.565;64.064;-30.1512;7.54809;3.03863;1.74559;0.37724;0.505902;1.01079;1;
66.066;64.564;-30.8484;7.56281;2.84467;2.65072;0.365716;0.697387;1.39338;1;
66.566;65.065;-31.4122;7.67038;2.58607;2.06885;0.408518;0.573921;1.14669;1;
67.067;65.565;-31.7264;7.68792;2.58607;0.905123;0.430453;0.314669;0.62871;1;
67.567;66.066;-32.0584;7.71128;2.52141;0.969775;0.458174;0.332895;0.665124;1;
68.068;66.566;-32.2114;7.73536;2.65072;0.517213;0.466248;0.154817;0.309325;1;
68.568;67.067;-31.9633;7.96554;2.52141;1.29303;0.456948;0.338428;0.676179;1;
69.069;67.567;-32.0087;8.07875;2.06885;0.581865;0.614946;0.121994;0.243744;1;
69.569;68.068;-32.447;8.27407;2.45676;1.55164;0.516223;0.479831;0.958701;1;
70.070;68.568;-32.5849;8.16971;2.19816;1.03443;0.503916;0.172892;0.345439;1;
70.570;69.069;-33.1308;8.52772;1.93955;1.93955;0.620807;0.652829;1.30435;1;
71.071;69.569;-33.0789;8.70907;2.26281;0.711168;0.353123;0.188619;0.376861;1;
71.571;70.070;-32.1868;9.10784;2.32746;3.03863;0.477328;0.97718;1.9524;1;
72.072;70.570;-31.7529;9.82487;2.26281;3.16793;0.320901;0.838121;1.67457;1;
72.572;71.071;-32.5877;10.764;2.26281;3.62049;0.484514;1.25651;2.51051;1;
73.073;71.571;-33.2774;12.7033;2.65072;4.91353;0.348347;2.05831;4.11251;1;
73.573;72.072;-33.2324;13.2055;2.71537;2.0042;0.373139;0.504193;1.00738;1;
74.074;72.572;-33.1567;14.08;2.84467;3.62049;0.39257;0.877829;1.7539;1;
74.574;73.073;-33.5096;16.1728;2.58607;5.43074;0.245311;2.1223;4.24035;1;
75.075;73.573;-34.8985;18.8842;2.52141;5.10748;0.385759;3.04642;6.08675;1;
75.575;74.074;-37.6404;21.0878;2.58607;5.10748;0.414989;3.5177;7.02835;1;
76.076;74.574;-39.3105;22.6166;2.58607;5.17213;0.371359;2.26419;4.52385;1;
76.576;75.075;-41.0657;23.1187;2.39211;4.71957;0.374897;1.82561;3.64756;1;
77.077;75.575;-43.2304;22.4951;2.97398;5.36609;0.416835;2.25266;4.50081;1;
77.577;76.076;-45.6857;22.0487;3.03863;6.0126;0.390642;2.49563;4.98627;1;
78.078;76.576;-46.057;22.4727;2.71537;2.26281;0.413144;0.563596;1.12607;1;
78.578;77.077;-47.3822;22.7196;2.90932;3.94375;0.426765;1.34794;2.69318;1;
79.079;77.577;-47.8544;23.0959;2.71537;1.8749;0.393886;0.603864;1.20652;1;
79.579;78.078;-47.3727;22.8798;2.65072;1.8749;0.402782;0.527959;1.05486;1;
80.080;78.578;-47.0789;22.6509;2.71537;1.35768;0.480206;0.372421;0.744099;1;
80.580;79.079;-47.099;22.9873;2.78002;1.22838;0.448649;0.33697;0.673266;1;
81.081;79.579;-47.2131;22.9618;2.65072;0.517213;0.412269;0.116898;0.233563;1;
81.581;80.080;-47.1098;22.6499;2.58607;1.22838;0.41889;0.328619;0.656579;1;
82.082;80.580;-47.0074;22.6521;2.39211;0.323258;0.363631;0.102399;0.204593;1;
82.582;81.081;-46.7088;22.5586;2.26281;1.16373;0.431584;0.312887;0.625147;1;
83.083;81.581;-46.6171;23.4465;2.45676;3.16793;0.413313;0.892652;1.78352;1;
83.583;82.082;-47.4699;26.6025;2.71537;5.17213;0.413122;3.26919;6.53184;1;
84.084;82.582;-48.0644;30.1068;2.84467;5.56004;0.243823;3.55436;7.10161;1;
84.584;83.083;-47.9268;34.3746;3.03863;5.8833;0.342879;4.27007;8.53159;1;
85.085;83.583;-47.3527;37.9221;2.58607;5.62469;0.387445;3.59361;7.18005;1;
85.585;84.084;-46.4608;41.5091;2.52141;5.10748;0.461548;3.69621;7.38501;1;
86.086;84.584;-45.1148;43.8567;2.58607;5.10748;0.43014;2.70604;5.40667;1;
86.586;85.085;-44.4169;44.9454;2.39211;3.68514;0.380658;1.29324;2.58388;1;
87.087;85.585;-43.8634;45.6369;2.45676;2.90932;0.462609;0.885736;1.7697;1;
87.587;86.086;-42.3857;47.5181;2.45676;4.91353;0.365552;2.39221;4.77962;1;
88.088;86.586;-38.9161;50.3831;2.39211;4.84887;0.37549;4.49953;8.99007;1;
88.588;87.087;-38.0938;51.0794;2.90932;3.23258;0.396183;1.07754;2.15292;1;
89.089;87.587;-36.6454;51.9715;2.45676;4.71957;0.404954;1.7011;3.39879;1;
89.589;88.088;-36.4866;51.9076;2.58607;0.77582;0.366538;0.171209;0.342076;1;
90.090;88.588;-37.0844;51.6316;2.45676;2.32746;0.360018;0.658528;1.31574;1;
90.590;89.089;-34.2166;52.211;2.45676;4.91353;0.481742;2.92577;5.84568;1;
91.091;89.589;-29.2865;54.0368;2.39211;4.84887;0.482895;5.25737;10.5042;1;
91.591;90.090;-25.9265;53.8491;2.58607;4.97818;0.459775;3.36525;6.72376;1;
92.092;90.590;-20.7867;54.0741;2.78002;5.36609;0.359761;5.1447;10.2791;1;
92.592;91.091;-18.9187;52.7195;2.52141;5.30144;0.353419;2.30745;4.61029;1;
93.093;91.591;-14.7614;51.5009;2.78002;5.30144;0.393454;4.33223;8.65581;1;
93.593;92.092;-10.3419;49.243;2.39211;5.17213;0.507768;4.9628;9.91567;1;
94.094;92.592;-7.25891;45.2718;2.78002;5.17213;0.370763;5.02747;10.0449;1;
94.594;93.093;-6.27531;41.7828;2.26281;5.04283;0.186103;3.62498;7.24269;1;
95.095;93.593;-4.86396;39.9794;2.90932;5.17213;0.426153;2.29007;4.57556;1;
95.595;94.094;-3.55243;38.688;2.58607;5.23678;0.242514;1.84056;3.67743;1;
96.096;94.594;-3.75436;38.8605;2.45676;1.03443;0.359055;0.265536;0.530542;1;
96.596;95.095;-3.84341;39.2125;2.26281;1.35768;0.368423;0.363084;0.725442;1;
97.097;95.595;-3.92701;39.4145;2.39211;0.77582;0.322737;0.218668;0.436899;1;
97.597;96.096;-4.44437;40.3066;2.26281;3.10328;0.250244;1.03126;2.06045;1;
98.098;96.596;-5.70174;39.0539;2.45676;4.71957;0.392063;1.77492;3.5463;1;
98.598;97.097;-5.30538;33.9463;2.45676;4.91353;0.308932;5.12295;10.2356;1;
99.099;97.597;-3.50888;28.3762;2.06885;4.52562;0.353971;5.85262;11.6935;1;
99.599;98.098;-3.83822;23.8405;1.81025;3.8791;0.239442;4.54758;9.08605;1;
100.100;98.598;-5.26508;19.9205;2.65072;4.46096;0.445218;4.17166;8.33498;1;
100.600;99.099;-7.86566;15.1297;2.39211;5.04283;0.129091;5.45111;10.8913;1;
101.101;99.599;-10.6436;12.0133;2.26281;4.65492;0.310182;4.17484;8.34134;1;
101.601;100.100;-13.3548;9.63389;2.39211;4.65492;0.222545;3.60723;7.20724;1;
102.102;100.600;-17.6542;8.12681;2.78002;5.17213;0.35588;4.55584;9.10258;1;
102.602;101.101;-24.0559;7.39954;2.39211;5.17213;0.373153;6.44286;12.8728;1;
103.103;101.601;-30.8171;7.36526;2.71537;5.10748;0.313883;6.76138;13.5092;1;
103.603;102.102;-36.8293;9.7469;2.52141;5.23678;0.315959;6.46674;12.9205;1;
104.104;102.602;-41.985;13.292;2.39211;4.91353;0.440657;6.25686;12.5012;1;
104.604;103.103;-43.3641;15.2329;2.90932;5.30144;0.298946;2.38097;4.75717;1;
105.105;103.603;-43.6967;16.5065;2.65072;4.26701;0.436376;1.31636;2.63009;1;
105.605;104.104;-45.008;18.6982;2.71537;5.36609;0.286876;2.55396;5.10281;1;
106.106;104.604;-46.1599;21.3862;2.71537;5.43074;0.306792;2.92443;5.84302;1;
106.606;105.105;-46.0467;22.9418;2.90932;4.97818;0.175904;1.55971;3.1163;1;
107.107;105.605;-46.0223;26.133;2.78002;5.68935;0.356695;3.19127;6.37617;1;
107.607;106.106;-47.7807;28.9206;2.90932;5.68935;0.431815;3.29589;6.58518;1;
108.108;106.606;-48.2432;30.2326;2.84467;4.33166;0.426118;1.39109;2.7794;1;
108.608;107.107;-48.6667;30.8002;2.71537;2.45676;0.358151;0.708188;1.41496;1;
109.109;107.607;-48.8475;33.2059;2.39211;5.10748;0.510431;2.41252;4.82021;1;
109.609;108.108;-48.123;36.4219;3.10328;5.49539;0.256817;3.29658;6.58656;1;
110.110;108.608;-46.9023;40.4627;2.26281;5.36609;0.465953;4.22115;8.43386;1;
110.610;109.109;-46.0291;42.7361;3.29723;5.56004;0.299468;2.4353;4.86571;1;
111.111;109.609;-45.7715;43.266;3.23258;2.52141;0.284601;0.589233;1.17729;1;
111.611;110.110;-45.7768;43.092;3.03863;0.969775;0.304701;0.174081;0.347813;1;
112.112;110.610;-45.7655;42.8054;2.90932;1.42234;0.338078;0.286783;0.572992;1;
112.612;111.111;-45.89;42.8286;2.84467;0.711168;0.307538;0.126692;0.25313;1;
113.113;111.611;-45.9658;42.7202;2.32746;0.517213;0.271349;0.132254;0.264243;1;
113.613;112.112;-46.1362;42.8408;2.90932;0.969775;0.306161;0.20875;0.417081;1;
114.114;112.612;-46.3095;42.7451;2.45676;1.09908;0.399672;0.198044;0.395693;1;
114.614;113.113;-45.4305;43.2225;2.65072;3.03863;0.477356;1.00035;1.9987;1;
115.115;113.613;-44.1792;42.6824;2.58607;4.46096;0.441638;1.36283;2.72294;1;
115.615;114.114;-40.0797;43.0642;2.71537;5.30144;0.371916;4.11729;8.22633;1;
116.116;114.614;-36.0242;45.037;2.52141;5.23678;0.373892;4.50991;9.0108;1;
116.616;115.115;-33.4826;47.1364;2.78002;5.30144;0.38045;3.29655;6.5865;1;
117.117;115.615;-31.0965;47.8723;2.58607;5.36609;0.36005;2.49693;4.98887;1;
117.617;116.116;-28.4407;48.1932;2.58607;5.17213;0.403866;2.67515;5.34494;1;
118.118;116.616;-24.3606;48.6765;2.71537;5.30144;0.200818;4.10868;8.20916;1;
118.618;117.117;-18.8928;48.7206;2.65072;5.36609;0.290633;5.46793;10.9249;1;
119.119;117.617;-12.9676;48.9025;2.65072;5.30144;0.417566;5.92798;11.8441;1;
119.619;118.118;-7.93676;46.2584;2.65072;5.30144;0.416093;5.68339;11.3554;1;
120.120;118.618;-5.45435;42.3974;2.84467;5.49539;0.267629;4.5902;9.17124;1;
120.620;119.119;-3.96656;39.9785;2.45676;5.30144;0.358149;2.83983;5.67398;1;
121.121;119.619;-3.07899;39.064;2.58607;3.49119;0.336554;1.27436;2.54618;1;
121.621;120.120;-2.82676;39.2042;2.39211;1.09908;0.22336;0.288569;0.576561;1;
122.122;120.620;-2.79694;39.2463;1.74559;0.646517;0.305944;0.0516164;0.10313;1;
122.622;121.121;-2.90673;39.3074;2.0042;0.38791;0.0810237;0.12562;0.250988;1;
123.123;121.621;-2.54118;39.3742;2.52141;1.42234;0.381527;0.371612;0.742482;1;
123.623;122.122;-1.91548;38.3519;2.32746;3.29723;0.448862;1.19856;2.39472;1;
124.124;122.622;-1.89677;37.6052;2.65072;2.52141;0.266985;0.746961;1.49243;1;
124.624;123.123;-2.24179;34.771;2.78002;5.43074;0.33829;2.85512;5.70453;1;
125.125;123.623;-2.16974;28.6248;2.65072;5.43074;0.375935;6.14662;12.281;1;
125.625;124.124;-3.16421;23.0618;2.32746;4.97818;0.431861;5.65115;11.291;1;
126.126;124.624;-6.0007;17.3297;2.19816;4.52562;0.318162;6.39555;12.7783;1;
126.626;125.125;-9.67627;12.751;2.45676;4.65492;0.40212;5.87147;11.7312;1;
127.127;125.625;-14.9876;8.96997;2.65072;5.10748;0.297818;6.51972;13.0264;1;
127.627;126.126;-22.5578;6.60454;2.65072;5.30144;0.492398;7.93112;15.8464;1;
128.128;126.626;-28.456;6.96165;2.58607;5.23678;0.360687;5.90898;11.8062;1;
128.628;127.127;-30.7297;6.6126;2.39211;4.97818;0.463554;2.3004;4.59619;1;
129.129;127.627;-34.6593;7.75873;2.65072;5.04283;0.444194;4.09331;8.17844;1;
129.629;128.128;-35.7217;8.08004;2.65072;3.36189;0.34077;1.10989;2.21756;1;
130.130;128.628;-35.726;7.85503;2.52141;0.905123;0.322102;0.225048;0.449646;1;
130.630;129.129;-36.3308;8.24249;2.39211;2.32746;0.291888;0.718277;1.43512;1;
131.131;129.629;-37.1735;8.6198;2.52141;2.71537;0.385785;0.923309;1.84477;1;
131.631;130.130;-37.3772;8.89934;2.39211;1.16373;0.391771;0.345895;0.691098;1;
132.132;130.630;-37.3439;9.00377;2.52141;0.517213;0.381206;0.109611;0.219003;1;
132.632;131.131;-37.1789;8.96545;2.26281;0.517213;0.432738;0.169422;0.338505;1;
133.133;131.631;-37.1911;9.00238;2.26281;0.129303;0.371824;0.0388894;0.0777012;1;
133.633;132.132;-37.2799;8.86508;2.19816;0.711168;0.314864;0.163487;0.326646;1;
134.134;132.632;-37.39;8.89614;2.32746;0.517213;0.415663;0.114468;0.228707;1;
134.634;133.133;-37.4115;9.02159;2.32746;0.517213;0.337836;0.12726;0.254266;1;
135.135;133.633;-37.3357;9.05847;2.19816;0.646517;0.517079;0.084247;0.168326;1;
135.635;134.134;-37.6187;9.14082;2.32746;1.03443;0.472066;0.294723;0.588855;1;
136.136;134.634;-37.6397;9.08515;2.39211;0.323258;0.373517;0.0594726;0.118826;1;
136.636;135.135;-37.4776;8.96161;2.19816;0.711168;0.412369;0.203805;0.407203;1;
137.137;135.635;-37.4469;8.83342;2.06885;0.38791;0.317938;0.1318;0.263337;1;
137.637;136.136;-37.3569;8.86205;2.19816;0.258607;0.341023;0.0944715;0.188754;1;
138.138;136.636;-37.5696;9.12427;2.32746;1.03443;0.349015;0.337622;0.67457;1;
138.638;137.137;-37.5787;9.39188;2.39211;0.969775;0.375762;0.267771;0.535005;1;
139.139;137.637;-37.6007;9.6868;2.45676;0.969775;0.397594;0.295731;0.59087;1;
139.639;138.138;-37.4518;9.56722;2.26281;0.711168;0.461273;0.190944;0.381507;1;
140.140;138.638;-37.4369;9.70067;2.0042;0.38791;0.410122;0.134278;0.268287;1;
140.640;139.139;-37.2562;9.75901;2.0042;0.646517;0.447376;0.189973;0.379566;1;
141.141;139.639;-37.3013;9.63566;2.19816;0.452562;0.359372;0.131354;0.262446;1;
141.641;140.140;-37.2239;9.40182;2.0042;0.711168;0.436644;0.246324;0.492156;1;
142.142;140.640;-37.2324;9.27544;2.1335;0.38791;0.451654;0.126667;0.253082;1;
142.642;141.141;-37.1072;8.8678;2.0042;1.16373;0.262699;0.426447;0.852039;1;
143.143;141.641;-37.2853;8.63606;2.1335;1.03443;0.294864;0.292257;0.58393;1;
143.643;142.142;-37.0566;8.3558;2.1335;1.16373;0.344876;0.361684;0.722645;1;
144.144;142.642;-37.8629;9.14285;2.78002;3.36189;0.500453;1.12672;2.25119;1;
144.644;143.143;-38.4454;9.24421;2.58607;2.1335;0.362226;0.591303;1.18142;1;
145.145;143.643;-38.9321;9.60954;2.58607;2.06885;0.32544;0.608487;1.21576;1;
145.645;144.144;-39.3938;9.94856;2.58607;1.93955;0.330852;0.572861;1.14458;1;
146.146;144.644;-40.4225;10.647;3.03863;3.68514;0.445454;1.24333;2.48419;1;
146.646;145.145;-40.7363;11.0718;2.97398;2.0042;0.396379;0.528192;1.05533;1;
147.147;145.645;-40.8132;11.1447;2.78002;0.452562;0.480322;0.105939;0.211667;1;
147.647;146.146;-40.3724;11.0104;2.78002;1.55164;0.421743;0.460832;0.920741;1;
148.148;146.646;-40.3083;11.0764;2.90932;0.517213;0.329714;0.0920192;0.183855;1;
148.648;147.147;-40.2702;11.1143;2.65072;0.258607;0.429564;0.0536699;0.107232;1;
149.149;147.647;-40.2253;11.1921;2.58607;0.452562;0.430288;0.0898657;0.179552;1;
149.649;148.148;-40.106;11.329;2.32746;0.77582;0.214265;0.181558;0.362752;1;
150.150;148.648;-39.9381;11.4148;1.42234;0.905123;0.259692;0.188597;0.376817;1;
150.650;149.149;-39.949;11.5082;1.61629;0.323258;0.345889;0.0941002;0.188012;1;
151.151;149.649;-39.7038;11.6369;1.09908;0.77582;0.574315;0.276989;0.553424;1;
151.651;150.150;-39.8498;12.1641;2.39211;1.81025;0.382011;0.546972;1.09285;1;
152.152;150.650;-40.559;12.2964;3.10328;2.65072;0.284456;0.721438;1.44144;1;
152.652;151.151;-40.104;11.952;2.65072;2.1335;0.258536;0.570649;1.14016;1;
153.153;151.651;-39.7489;11.4497;2.45676;2.1335;0.145943;0.615179;1.22913;1;
153.653;152.152;-39.2447;10.6318;2.58607;3.23258;0.430554;0.960789;1.91965;1;
154.154;152.652;-39.0013;10.4208;2.71537;1.03443;0.37234;0.322153;0.643662;1;
154.654;153.153;-38.513;10.2568;2.65072;1.74559;0.410795;0.515106;1.02918;1;
155.155;153.653;-38.6547;10.2693;2.45676;0.452562;0.220267;0.142319;0.284354;1;
155.655;154.154;-38.921;10.4476;2.45676;1.03443;0.235114;0.320474;0.640307;1;
156.156;154.654;-38.9982;10.5763;2.45676;0.517213;0.381764;0.150027;0.299754;1;
156.656;155.155;-39.1571;10.6232;2.52141;0.711168;0.292083;0.165698;0.331065;1;
157.157;155.655;-39.3429;10.5993;2.32746;0.581865;0.398633;0.187337;0.3743;1;
157.657;156.156;-38.6486;10.148;2.45676;2.45676;0.308424;0.82816;1.65466;1;
158.158;156.656;-38.2496;9.57008;2.58607;2.32746;0.479259;0.702219;1.40303;1;
158.658;157.157;-37.6553;9.25026;2.58607;1.93955;0.527012;0.674927;1.3485;1;
159.159;157.657;-37.6916;9.36781;2.45676;0.517213;0.500614;0.123029;0.245812;1;
159.659;158.158;-37.5913;9.52136;2.58607;0.77582;0.241009;0.18342;0.366473;1;
160.160;158.658;-37.7368;9.69085;2.71537;0.77582;0.233612;0.223365;0.446283;1;
160.660;159.159;-37.3825;9.77819;2.84467;1.29303;0.380611;0.364919;0.729107;1;
161.161;159.659;-36.1182;10.2199;2.71537;4.13771;0.349989;1.33919;2.67569;1;
161.661;160.160;-35.7336;10.3992;2.58607;1.55164;0.474166;0.424372;0.847895;1;
162.162;160.660;-35.5085;10.8632;1.8749;2.1335;0.176667;0.515701;1.03037;1;
162.662;161.161;-35.4526;10.9017;1.29303;0.581865;0.349977;0.067877;0.135618;1;
163.163;161.661;-35.817;10.8063;2.0042;1.09908;0.097566;0.376654;0.752555;1;
163.663;162.162;-35.6927;10.8275;1.8749;0.77582;0.407608;0.126038;0.251823;1;
164.164;162.662;-35.3673;10.4249;1.68094;1.8749;0.410975;0.517652;1.03427;1;
164.664;163.163;-35.5497;10.4461;1.55164;0.517213;0.299492;0.183603;0.366838;1;
165.165;163.663;-35.5402;10.2046;2.0042;0.840472;0.326383;0.241742;0.483;1;
165.665;164.164;-35.5441;10.1804;1.81025;0.452562;0.450229;0.0245335;0.049018;1;
166.166;164.664;-35.3866;9.97597;1.8749;0.711168;0.649679;0.258019;0.515523;1;
166.666;165.165;-35.2947;9.96888;2.0042;0.38791;0.703076;0.0922279;0.184271;1;
167.167;165.665;-35.2768;9.9551;2.1335;0.129303;0.636085;0.0225857;0.0451263;1;
167.667;166.166;-35.2301;9.86775;2.45676;0.323258;0.60431;0.0990382;0.197878;1;
168.168;166.666;-35.1915;9.83817;2.39211;0.323258;0.59106;0.0486105;0.0971239;1;
168.668;167.167;-35.222;9.8256;2.52141;0.258607;0.568353;0.0329926;0.0659192;1;
169.169;167.667;-35.2008;9.81726;2.39211;0.129303;0.540573;0.0228238;0.0456019;1;
169.669;168.168;-35.2008;9.80441;2.52141;0.129303;0.480966;0.0128505;0.0256754;1;
170.170;168.668;-35.1647;9.74392;2.52141;0.258607;0.365741;0.0704734;0.140806;1;
170.670;169.169;-35.1819;9.76357;2.71537;0.193955;0.353606;0.0261507;0.052249;1;
171.171;169.669;-35.2843;10.0887;2.71537;1.42234;0.44853;0.340828;0.680974;1;
171.671;170.170;-35.3216;10.0821;2.90932;0.323258;0.470569;0.0378444;0.0756131;1;
172.172;170.670;-34.9027;10.3553;2.52141;1.68094;0.360512;0.500132;0.999264;1;
172.672;171.171;-34.5741;10.9134;2.52141;2.19816;0.339554;0.647639;1.29398;1;
173.173;171.671;-32.7813;11.483;2.78002;5.04283;0.472381;1.88114;3.75853;1;
173.673;172.172;-29.1309;10.2068;2.65072;5.43074;0.226918;3.86703;7.72631;1;
174.174;172.672;-25.0401;9.83017;2.58607;5.23678;0.428851;4.10814;8.20808;1;
174.674;173.173;-20.7934;10.4933;2.58607;5.17213;0.430396;4.29817;8.58774;1;
175.175;173.673;-18.0305;11.6046;2.19816;4.78422;0.421408;2.97802;5.9501;1;
175.675;174.174;-17.3364;11.6115;2.45676;2.19816;0.332193;0.694119;1.38685;1;
176.176;174.674;-16.9944;11.766;2.06885;1.16373;0.492595;0.375195;0.74964;1;
176.676;175.175;-16.9935;11.8817;2.19816;0.646517;0.373405;0.115719;0.231206;1;
177.177;175.675;-17.2641;11.7713;2.32746;0.905123;0.272413;0.292233;0.583882;1;
177.677;176.176;-17.086;11.9886;2.26281;0.969775;0.289363;0.280949;0.561335;1;
178.178;176.676;-16.7291;12.2811;2.32746;1.61629;0.397942;0.461503;0.922084;1;
178.678;177.177;-16.461;12.4425;2.1335;0.840472;0.53511;0.312892;0.625158;1;
179.179;177.677;-16.4927;12.4475;2.06885;0.0646517;0.541962;0.0320541;0.0640441;1;
179.679;178.178;-16.4721;12.5973;2.19816;0.77582;0.547864;0.151157;0.302011;1;
180.180;178.678;-16.51;12.5804;2.1335;0.0646517;0.495064;0.041506;0.0829291;1;
180.680;179.179;-16.5455;12.5802;2.06885;0.0646517;0.496032;0.0354994;0.0709277;1;
181.181;179.679;-16.5818;12.5862;2.0042;0.193955;0.416014;0.0368249;0.0735762;1;
181.681;180.180;-16.7024;12.5365;2.1335;0.38791;0.519408;0.130414;0.260567;1;
182.182;180.680;-16.6739;12.5385;2.19816;0.0646517;0.514064;0.0285575;0.057058;1;
182.682;181.181;-16.8395;12.3867;1.93955;0.517213;0.319482;0.224649;0.448849;1;
183.183;181.681;-16.8329;12.4729;2.06885;0.38791;0.45759;0.0864049;0.172637;1;
183.683;182.182;-16.8341;12.6044;2.0042;0.581865;0.472732;0.131504;0.262744;1;
184.184;182.682;-16.9169;12.863;2.19816;1.09908;0.442109;0.271571;0.542599;1;
184.684;183.183;-16.9819;13.2296;2.1335;1.48699;0.476016;0.372297;0.743849;1;
185.185;183.683;-17.0255;13.288;2.06885;0.193955;0.527715;0.0729164;0.145687;1;
185.685;184.184;-16.6731;13.171;2.26281;1.09908;0.415737;0.371333;0.741923;1;
186.186;184.684;-16.6259;13.1786;2.26281;0.129303;0.429588;0.0477962;0.095497;1;
186.686;185.185;-16.7564;13.2201;2.19816;0.452562;0.42163;0.136852;0.27343;1;
187.187;185.685;-16.5655;13.3003;1.93955;0.517213;0.505138;0.207045;0.413677;1;
187.687;186.186;-16.0367;13.4315;1.09908;1.22838;0.688665;0.544877;1.08866;1;
188.188;186.686;-16.1331;13.3619;1.22838;0.258607;0.530685;0.11891;0.237582;1;
188.688;187.187;-16.3062;13.1169;2.1335;1.16373;0.334818;0.300081;0.599561;1;
189.189;187.687;-16.2952;13.1076;2.1335;0.258607;0.408183;0.0143905;0.0287522;1;
189.689;188.188;-16.4098;13.193;2.06885;0.452562;0.563823;0.14293;0.285573;1;
190.190;188.688;-16.2557;13.0023;2.1335;0.969775;0.543517;0.245181;0.489872;1;
190.690;189.189;-16.4805;13.0181;2.19816;0.581865;0.435484;0.225273;0.450096;1;
191.191;189.689;-16.5166;13.0678;2.45676;0.38791;0.254719;0.0614048;0.122687;1;
191.691;190.190;-16.607;13.1117;2.26281;0.323258;0.359336;0.100555;0.20091;1;
192.192;190.690;-16.8381;13.0673;2.26281;0.77582;0.380659;0.235322;0.470173;1;
192.692;191.191;-16.9772;13.0018;2.32746;0.452562;0.287579;0.153731;0.307154;1;
193.193;191.691;-16.9655;12.9372;2.39211;0.323258;0.379335;0.0656606;0.13119;1;
193.693;192.192;-16.8287;12.9601;2.1335;0.38791;0.373284;0.138712;0.277147;1;
194.194;192.692;-16.8793;12.951;2.1335;0.129303;0.381778;0.05137;0.102637;1;
194.694;193.193;-17.0106;12.9658;2.19816;0.452562;0.42163;0.132196;0.264127;1;
195.195;193.693;-17.0305;12.946;2.19816;0.258607;0.309483;0.0280529;0.0560498;1;
195.695;194.194;-17.1252;12.8768;2.45676;0.38791;0.35093;0.117276;0.234318;1;
196.196;194.694;-17.152;12.864;2.39211;0.0646517;0.315549;0.0297371;0.0594147;1;
196.696;195.195;-17.345;12.9493;2.32746;0.711168;0.488643;0.210979;0.421536;1;
197.197;195.695;-17.422;13.0448;2.1335;0.452562;0.597476;0.122677;0.24511;1;
197.697;196.196;-17.2246;13.3354;2.39211;1.55164;0.415159;0.351297;0.701891;1;
198.198;196.696;-16.4574;14.2644;1.93955;3.03863;0.557246;1.20478;2.40715;1;
198.698;197.197;-15.9694;15.9199;2.26281;3.94375;0.537415;1.726;3.44854;1;
199.199;197.697;-14.8138;17.432;2.19816;4.33166;0.390803;1.90309;3.80237;1;
199.699;198.198;-11.7165;20.5882;2.1335;4.33166;0.372546;4.42208;8.83531;1;
200.200;198.698;-9.24377;22.3394;2.1335;4.26701;0.374266;3.03005;6.05405;1;
200.700;199.199;-7.89868;24.3071;2.84467;4.97818;0.387895;2.38349;4.76221;1;
201.201;199.699;-6.86369;27.8801;2.52141;5.36609;0.454287;3.71985;7.43227;1;
201.701;200.200;-5.06993;32.4511;2.84467;5.36609;0.297779;4.91043;9.81102;1;
202.202;200.700;-4.16938;36.8746;2.58607;5.43074;0.509066;4.51425;9.01948;1;
202.702;201.201;-4.22931;39.0851;2.71537;5.30144;0.421996;2.21122;4.41802;1;
203.203;201.701;-4.50378;37.7358;2.84467;3.8791;0.317719;1.37688;2.75101;1;
203.703;202.202;-4.88115;36.6221;2.90932;4.07305;0.443859;1.17588;2.3494;1;
204.204;202.702;-4.58891;35.6851;2.52141;4.13771;0.494659;0.981507;1.96105;1;
204.704;203.203;-4.28185;34.8312;2.32746;2.90932;0.45535;0.907499;1.81318;1;
205.205;203.703;-3.78198;29.9093;2.1335;4.46096;0.301665;4.94717;9.88446;1;
205.705;204.204;-2.65616;25.3031;2.65072;4.78422;0.3062;4.74176;9.47403;1;
206.206;204.704;-3.37039;22.0148;2.19816;4.84887;0.518621;3.365;6.72327;1;
206.706;205.205;-5.4071;18.8346;2.39211;4.59027;0.22715;3.77652;7.54548;1;
207.207;205.705;-6.15168;17.8066;2.1335;3.49119;0.35817;1.26934;2.53615;1;
207.707;206.206;-6.06608;17.502;2.0042;1.29303;0.401622;0.316331;0.632029;1;
208.208;206.706;-6.12212;17.2882;2.06885;0.840472;0.444669;0.221079;0.441717;1;
208.708;207.207;-6.03933;17.1798;2.1335;0.452562;0.453252;0.136403;0.272532;1;
209.209;207.707;-5.88829;17.0961;1.8749;0.77582;0.46634;0.17267;0.344994;1;
209.709;208.208;-5.87501;16.8953;2.0042;0.77582;0.516512;0.20123;0.402057;1;
210.210;208.708;-5.93713;16.4617;2.0042;1.81025;0.500085;0.438076;0.875276;1;
210.710;209.209;-5.87286;16.2448;2.26281;1.29303;0.385018;0.226158;0.451864;1;
211.211;209.709;-5.73943;16.1183;2.1335;0.646517;0.444064;0.183876;0.367384;1;
211.711;210.210;-5.41609;16.0912;1.93955;1.22838;0.322224;0.324476;0.648302;1;
212.212;210.710;-5.72195;15.5781;2.06885;1.68094;0.377625;0.597328;1.19346;1;
212.712;211.211;-5.96821;15.0653;1.81025;1.42234;0.542406;0.568841;1.13654;1;
213.213;211.711;-5.99381;14.8693;1.74559;1.22838;0.556097;0.197663;0.39493;1;
213.713;212.212;-5.99967;14.6293;1.68094;0.840472;0.513587;0.240052;0.479623;1;
214.214;212.712;-5.97527;14.8871;1.68094;1.29303;0.603802;0.258894;0.517271;1;
214.714;213.213;-6.17747;14.8637;1.81025;0.646517;0.523059;0.203548;0.406688;1;
215.215;213.713;-6.35864;14.7987;2.1335;0.581865;0.51013;0.192472;0.38456;1;
215.715;214.214;-6.27626;14.9605;1.93955;0.711168;0.539622;0.181501;0.362638;1;
216.216;214.714;-6.40928;14.6306;1.61629;1.35768;0.584402;0.355688;0.710666;1;
216.716;215.215;-6.39905;14.558;1.74559;0.129303;0.541363;0.073267;0.146387;1;
217.217;215.715;-6.34961;14.8417;1.8749;0.905123;0.519794;0.287904;0.575232;1;
217.717;216.216;-6.75881;14.9837;2.1335;1.55164;0.381638;0.433159;0.865452;1;
218.218;216.716;-6.80213;14.574;2.0042;1.42234;0.413608;0.411971;0.823119;1;
218.718;217.217;-6.67508;14.5482;1.81025;0.452562;0.417753;0.129654;0.259048;1;
219.219;217.717;-6.63405;14.56;1.74559;0.193955;0.502049;0.0426877;0.0852901;1;
219.719;218.218;-6.66893;14.6137;1.8749;0.258607;0.369865;0.0640019;0.127876;1;
220.220;218.718;-6.92924;13.9941;2.19816;2.1335;0.421957;0.672024;1.34271;1;
220.720;219.219;-6.75483;14.2409;2.06885;1.03443;0.483709;0.302228;0.603851;1;
221.221;219.719;-6.40268;14.8032;1.74559;1.8749;0.504475;0.663431;1.32554;1;
221.721;220.220;-6.19608;15.0709;1.8749;1.16373;0.445518;0.338162;0.675648;1;
222.222;220.720;-6.13935;15.306;1.8749;1.29303;0.431836;0.241856;0.483229;1;
222.722;221.221;-6.90343;15.1696;2.32746;2.39211;0.333891;0.776159;1.55076;1;
223.223;221.721;-7.09621;15.2826;2.39211;0.840472;0.403661;0.223459;0.446471;1;
223.723;222.222;-7.6328;15.4527;2.45676;2.0042;0.603892;0.562915;1.1247;1;
224.224;222.722;-8.19493;16.2241;2.1335;3.42654;0.507082;0.954485;1.90706;1;
224.724;223.223;-8.48109;16.3118;2.1335;0.905123;0.380153;0.299289;0.597979;1;
225.225;223.723;-11.1299;15.9609;2.0042;4.13771;0.41348;2.67191;5.33847;1;
225.725;224.224;-13.2238;15.5932;2.06885;4.07305;0.306037;2.12595;4.24765;1;
226.226;224.724;-15.5438;14.5215;2.19816;4.26701;0.302466;2.55563;5.10615;1;
226.726;225.225;-17.8314;12.9944;2.58607;4.78422;0.423691;2.75045;5.49539;1;
227.227;225.725;-19.572;10.9188;2.39211;4.97818;0.250075;2.70884;5.41226;1;
227.727;226.226;-20.6526;10.2057;2.58607;3.68514;0.364019;1.29464;2.5867;1;
228.228;226.726;-23.3828;8.01844;2.65072;5.23678;0.364139;3.49834;6.9897;1;
228.728;227.227;-25.4187;7.09166;2.78002;5.43074;0.375434;2.23693;4.46939;1;
229.229;227.727;-26.7947;6.79086;2.52141;4.13771;0.308509;1.40843;2.81404;1;
229.729;228.228;-27.2968;6.28695;2.71537;2.39211;0.266111;0.711359;1.42129;1;
230.230;228.728;-27.9021;5.99771;2.97398;2.19816;0.396279;0.670833;1.34033;1;
230.730;229.229;-29.0065;5.9483;2.45676;3.36189;0.318442;1.10551;2.20881;1;
231.231;229.729;-28.9294;5.94458;2.52141;0.193955;0.393576;0.0771138;0.154073;1;
231.731;230.230;-28.6346;6.1072;2.45676;1.35768;0.429929;0.336699;0.672725;1;
232.232;230.730;-28.4906;6.21683;2.58607;0.646517;0.365425;0.180982;0.361602;1;
232.732;231.231;-28.5478;6.17675;2.58607;0.258607;0.383894;0.0698183;0.139497;1;
233.233;231.731;-28.5061;6.22136;2.52141;0.323258;0.280799;0.061019;0.121916;1;
233.733;232.232;-29.7723;6.16867;2.52141;3.62049;0.382093;1.26729;2.53205;1;
234.234;232.732;-30.1258;6.50395;2.71537;1.8749;0.461287;0.487157;0.973342;1;
234.734;233.233;-30.2869;7.00562;2.90932;2.1335;0.546537;0.526899;1.05274;1;
235.235;233.733;-31.1231;8.40311;2.71537;5.10748;0.317691;1.62858;3.2539;1;
235.735;234.234;-31.4904;9.69634;2.52141;4.33166;0.321118;1.34439;2.68609;1;
236.236;234.734;-32.8979;10.836;2.65072;4.78422;0.411938;1.81102;3.61842;1;
236.736;235.235;-35.4587;11.9685;2.97398;5.62469;0.613976;2.80003;5.59445;1;
237.237;235.735;-40.2917;13.7222;2.84467;5.81865;0.36434;5.14139;10.2725;1;
237.737;236.236;-43.2734;16.2984;2.90932;5.754;0.459783;3.94046;7.87304;1;
238.238;236.736;-46.5416;20.7275;2.78002;5.68935;0.383421;5.50433;10.9977;1;
238.738;237.237;-47.9651;24.7155;2.84467;5.62469;0.409079;4.2345;8.46052;1;
239.239;237.737;-47.7982;25.3684;2.78002;2.78002;0.37982;0.673869;1.34639;1;
239.739;238.238;-48.04;26.0473;2.78002;2.32746;0.280465;0.720686;1.43993;1;
240.240;238.738;-48.4667;26.7508;2.97398;2.78002;0.348122;0.822796;1.64395;1;
240.740;239.239;-48.2617;26.4583;2.84467;1.29303;0.337921;0.357199;0.713684;1;
241.241;239.739;-47.7433;25.997;2.58607;2.45676;0.339109;0.693972;1.38656;1;
241.741;240.240;-47.1271;28.2801;2.58607;5.17213;0.344034;2.36482;4.72491;1;
242.242;240.740;-46.8732;30.635;2.39211;4.97818;0.425893;2.36853;4.73232;1;
242.742;241.241;-46.4781;32.0264;2.45676;3.81445;0.540212;1.44644;2.88999;1;
243.243;241.741;-45.7933;33.3709;2.97398;4.52562;0.27454;1.50883;3.01465;1;
243.743;242.242;-45.2139;34.7276;2.84467;4.52562;0.315828;1.47526;2.94757;1;
244.244;242.742;-45.0837;36.9585;2.97398;5.81865;0.285318;2.23467;4.46487;1;
244.744;243.243;-44.882;39.0492;2.52141;5.49539;0.329796;2.10042;4.19664;1;
245.245;243.743;-44.7998;40.6669;2.65072;4.52562;0.292685;1.61975;3.23627;1;
245.745;244.244;-44.7596;39.7262;2.26281;2.97398;0.476112;0.941584;1.88128;1;
246.246;244.744;-44.7458;40.2935;2.32746;1.74559;0.521315;0.567513;1.13389;1;
246.746;245.245;-44.8951;40.3733;2.71537;0.77582;0.452711;0.169277;0.338216;1;
247.247;245.745;-44.8537;40.6012;2.39211;0.969775;0.507112;0.231593;0.462723;1;
247.747;246.246;-44.883;40.8636;2.39211;0.905123;0.416473;0.264051;0.527574;1;
248.248;246.746;-44.8228;41.1618;2.19816;0.711168;0.488797;0.304143;0.607679;1;
248.748;247.247;-44.9186;40.9254;2.1335;0.711168;0.503998;0.254995;0.509479;1;
249.249;247.747;-44.7799;40.66;2.0042;1.16373;0.534446;0.299475;0.598351;1;
249.749;248.248;-44.1017;40.7336;2.32746;2.78002;0.499916;0.68215;1.36294;1;
250.250;248.748;-43.1497;40.8405;2.90932;3.68514;0.289661;0.957987;1.91406;1;
250.750;249.249;-43.1655;40.5057;3.03863;1.55164;0.327349;0.335138;0.669606;1;
251.251;249.749;-43.183;40.3904;2.65072;0.646517;0.374141;0.116584;0.232936;1;
251.751;250.250;-43.4569;40.0198;2.90932;1.81025;0.354768;0.46082;0.920717;1;
252.252;250.750;-43.4199;40.1325;2.71537;0.452562;0.350004;0.118561;0.236886;1;
252.752;251.251;-43.3906;40.16;2.71537;0.258607;0.354669;0.0401848;0.0802892;1;
253.253;251.751;-43.1406;40.4046;2.65072;1.61629;0.294232;0.349778;0.698857;1;
253.753;252.252;-42.2746;41.3561;2.52141;4.13771;0.429496;1.28661;2.57064;1;
254.254;252.752;-41.9324;41.748;2.39211;2.06885;0.412901;0.520187;1.03934;1;
254.754;253.253;-42.0435;41.8803;2.52141;0.646517;0.495931;0.172744;0.345142;1;
255.255;253.753;-42.0172;41.4405;2.39211;1.68094;0.448656;0.440537;0.880194;1;
255.755;254.254;-41.8822;41.2803;2.65072;1.03443;0.363365;0.209495;0.418571;1;
256.256;254.754;-42.5473;41.5275;2.71537;2.39211;0.472346;0.709577;1.41774;1;
256.756;255.255;-43.7034;41.8218;2.26281;3.42654;0.275004;1.19294;2.38349;1;
257.257;255.755;-44.4046;41.6735;2.58607;2.39211;0.38033;0.716771;1.43211;1;
257.757;256.256;-44.5648;41.6725;2.58607;0.517213;0.41979;0.160172;0.320024;1;
258.258;256.756;-44.8696;41.5102;2.45676;1.42234;0.429517;0.345334;0.689978;1;
258.758;257.257;-45.5716;41.1335;2.97398;2.58607;0.488285;0.79666;1.59173;1;
259.259;257.757;-46.3833;39.3611;2.45676;5.43074;0.393234;1.94936;3.89482;1;
259.759;258.258;-47.1853;37.236;2.45676;4.91353;0.441671;2.27148;4.53841;1;
260.260;258.758;-48.3616;33.3683;2.71537;5.17213;0.158942;4.04258;8.07708;1;
260.760;259.259;-49.069;30.1791;2.52141;5.23678;0.33902;3.26675;6.52695;1;
261.261;259.759;-48.8546;28.6347;2.65072;4.39631;0.360856;1.55918;3.11525;1;
261.761;260.260;-49.1467;26.6711;2.06885;4.71957;0.263098;1.98525;3.96652;1;
262.262;260.760;-48.8098;25.085;2.78002;4.46096;0.247166;1.62146;3.23968;1;
262.762;261.261;-48.274;23.0282;2.90932;5.68935;0.223257;2.12539;4.24652;1;
263.263;261.761;-47.6599;20.8923;2.58607;5.49539;0.198429;2.2225;4.44056;1;
263.763;262.262;-46.902;19.3623;2.58607;4.65492;0.257357;1.70741;3.41141;1;
264.264;262.762;-45.9128;17.8787;3.03863;5.10748;0.323447;1.78309;3.56261;1;
264.764;263.263;-45.8884;17.6365;2.97398;0.969775;0.365096;0.243416;0.486344;1;
265.265;263.763;-45.8309;17.7577;2.78002;0.581865;0.321511;0.134083;0.267898;1;
265.765;264.264;-45.6663;17.8326;2.32746;0.969775;0.333274;0.180836;0.361311;1;
266.266;264.764;-45.5205;17.126;2.84467;2.58607;0.286237;0.721459;1.44148;1;
266.766;265.265;-44.5682;16.3362;2.32746;3.7498;0.333132;1.23722;2.47195;1;
267.267;265.765;-41.6966;14.286;2.45676;4.78422;0.336761;3.52832;7.04959;1;
267.767;266.266;-38.1703;10.7773;2.97398;5.43074;0.329315;4.97457;9.93917;1;
268.268;266.766;-33.534;8.92126;2.52141;5.49539;0.324773;4.99401;9.97804;1;
268.768;267.267;-29.7645;7.44738;2.71537;5.23678;0.269666;4.0474;8.08669;1;
269.269;267.767;-25.8135;6.74809;2.45676;5.17213;0.462941;4.01243;8.01685;1;
269.769;268.268;-22.3101;6.92171;2.52141;4.97818;0.264157;3.50772;7.00842;1;
270.270;268.768;-18.6462;7.55348;2.58607;5.10748;0.442483;3.71789;7.42836;1;
270.770;269.269;-15.098;9.1914;3.16793;5.754;0.413478;3.90808;7.80834;1;
271.271;269.769;-14.6612;9.89444;2.45676;3.42654;0.404826;0.827676;1.6537;1;
271.771;270.270;-14.2821;10.1211;2.45676;1.68094;0.40984;0.441636;0.882388;1;
272.272;270.770;-14.1608;10.174;2.39211;0.452562;0.459834;0.132319;0.264374;1;
272.772;271.271;-14.2487;10.3386;2.39211;0.77582;0.293884;0.186557;0.37274;1;
273.273;271.771;-14.1658;10.2687;2.45676;0.452562;0.427326;0.108393;0.21657;1;
273.773;272.272;-13.6224;10.508;2.32746;2.06885;0.548877;0.593792;1.1864;1;
274.274;272.772;-11.9938;11.7229;2.32746;4.65492;0.295043;2.03182;4.05957;1;
274.774;273.273;-10.6018;12.4204;2.19816;4.0084;0.474157;1.55692;3.11072;1;
275.275;273.773;-7.95686;13.8067;2.32746;4.52562;0.367186;2.98625;5.96653;1;
275.775;274.274;-5.37175;17.3121;2.65072;4.97818;0.296409;4.35551;8.70229;1;
276.276;274.774;-3.10375;22.4026;2.39211;5.04283;0.420295;5.57292;11.1347;1;
276.776;275.275;-1.60229;27.6505;2.06885;4.46096;0.474277;5.45847;10.906;1;
277.277;275.775;-1.70268;32.7369;2.58607;4.65492;0.489523;5.08734;10.1645;1;
277.777;276.276;-1.94787;37.8979;2.52141;5.10748;0.388368;5.16683;10.3233;1;
278.278;276.776;-4.59841;42.4027;2.52141;5.04283;0.470339;5.22678;10.4431;1;
278.778;277.277;-8.31245;46.8347;2.45676;4.97818;0.372478;5.7824;11.5532;1;
279.279;277.777;-12.2559;50.0516;2.78002;5.23678;0.334094;5.08915;10.1681;1;
279.779;278.278;-16.3108;52.0148;2.45676;5.23678;0.294088;4.50511;9.0012;1;
280.280;278.778;-21.2708;53.8608;2.71537;5.17213;0.383891;5.29245;10.5743;1;
280.780;279.279;-25.5273;54.4873;2.84467;5.56004;0.444914;4.30236;8.5961;1;
281.281;279.779;-31.0527;53.9236;2.65072;5.49539;0.374351;5.55405;11.097;1;
281.781;280.280;-34.5118;52.6724;2.39211;5.04283;0.514692;3.67847;7.34957;1;
282.282;280.780;-35.4279;52.0412;3.10328;3.42654;0.385089;1.11243;2.22265;1;
282.782;281.281;-38.2248;50.2036;2.58607;5.68935;0.393007;3.34657;6.68643;1;
283.283;281.781;-40.1785;48.6023;2.65072;5.23678;0.359911;2.52605;5.04705;1;
283.783;282.282;-42.8864;46.5347;2.90932;5.56004;0.386837;3.407;6.80718;1;
284.284;282.782;-46.0812;42.9625;2.65072;5.56004;0.29547;4.79247;9.57537;1;
284.784;283.283;-48.3499;37.8681;2.97398;5.62469;0.250888;5.57676;11.1424;1;
285.285;283.783;-48.848;34.2276;2.78002;5.754;0.389716;3.67436;7.34138;1;
285.785;284.284;-49.1534;32.4875;2.32746;4.71957;0.435926;1.76672;3.5299;1;
286.286;284.784;-49.2975;32.0861;2.1335;1.48699;0.285026;0.426516;0.85218;1;
286.786;285.285;-49.5238;30.5703;2.26281;3.8791;0.277257;1.53256;3.06205;1;
287.287;285.785;-49.2202;30.1486;2.39211;2.06885;0.349472;0.519636;1.03823;1;
287.787;286.286;-49.1651;29.2613;1.8749;2.71537;0.354425;0.888954;1.77613;1;
288.288;286.786;-49.2045;29.2792;2.45676;0.581865;0.17408;0.0432413;0.0863961;1;
288.788;287.287;-48.8139;28.186;2.78002;3.68514;0.284875;1.16096;2.31959;1;
289.289;287.787;-48.7648;27.982;2.90932;0.905123;0.276179;0.209755;0.41909;1;
289.789;288.288;-48.7123;28.0606;2.84467;0.323258;0.303259;0.094557;0.188925;1;
290.290;288.788;-48.6011;28.0875;2.65072;0.452562;0.22162;0.114409;0.228589;1;
290.790;289.289;-48.7659;28.2961;2.71537;1.09908;0.233965;0.265874;0.531217;1;
291.291;289.789;-47.9586;28.1975;2.84467;2.84467;0.287696;0.813272;1.62492;1;
291.791;290.290;-46.5478;27.5333;2.45676;4.52562;0.199553;1.55942;3.11572;1;
292.292;290.790;-45.0279;26.866;2.52141;4.71957;0.316523;1.65986;3.31641;1;
292.792;291.291;-44.1909;26.1961;2.32746;3.16793;0.297454;1.07208;2.14201;1;
293.293;291.791;-44.0957;26.5253;2.39211;1.22838;0.447797;0.3426;0.684516;1;
293.793;292.292;-44.0418;26.6323;2.26281;0.517213;0.324146;0.119871;0.239502;1;
294.294;292.792;-43.8701;26.4967;2.52141;0.646517;0.207565;0.218746;0.437055;1;
294.794;293.293;-43.4966;26.157;2.65072;1.81025;0.303475;0.504916;1.00882;1;
295.295;293.793;-43.0728;25.9506;2.52141;1.81025;0.220817;0.471355;0.941768;1;
295.795;294.294;-42.9711;25.7318;2.65072;1.29303;0.089698;0.241305;0.482127;1;
296.296;294.794;-42.9234;25.5207;2.78002;0.77582;0.201886;0.216411;0.43239;1;
296.796;295.295;-43.0617;25.4954;2.58607;0.581865;0.355;0.140579;0.280877;1;
297.297;295.795;-43.0162;25.5155;2.71537;0.129303;0.272695;0.0497624;0.0994253;1;
297.797;296.296;-42.8528;25.6874;2.39211;0.840472;0.259386;0.237136;0.473797;1;
298.298;296.796;-42.5171;25.7158;2.52141;1.29303;0.439252;0.33691;0.673147;1;
298.798;297.297;-42.2686;25.4267;2.39211;1.68094;0.370227;0.381171;0.761578;1;
299.299;297.797;-42.2066;25.3336;2.32746;0.452562;0.371564;0.111809;0.223394;1;
299.799;298.298;-41.9894;25.5256;2.26281;1.09908;0.375492;0.289928;0.579276;1;
300.300;298.798;-41.8611;25.3631;2.32746;1.09908;0.264763;0.206954;0.413494;1;
300.800;299.299;-41.6215;25.0485;2.39211;1.35768;0.380607;0.395429;0.790065;1;
301.301;299.799;-41.6003;24.9624;2.19816;0.193955;0.402772;0.0887567;0.177336;1;
301.801;300.300;-41.5447;24.6927;2.19816;1.29303;0.313365;0.275305;0.550059;1;
302.302;300.800;-41.4296;24.6286;2.26281;0.452562;0.48504;0.131755;0.263248;1;
302.802;301.301;-41.4389;24.6572;2.32746;0.581865;0.486358;0.030121;0.0601816;1;
303.303;301.801;-41.7608;25.0402;2.32746;2.06885;0.455383;0.500305;0.99961;1;
303.803;302.302;-42.0907;25.3316;2.26281;1.8749;0.436604;0.440128;0.879376;1;
304.304;302.802;-42.2846;25.2134;2.65072;0.77582;0.388323;0.22707;0.453687;1;
304.804;303.303;-42.1767;25.4066;2.58607;0.711168;0.285148;0.221272;0.442101;1;
305.305;303.803;-41.6966;24.9789;2.39211;2.78002;0.285474;0.642971;1.28466;1;
305.805;304.304;-41.6565;25.1235;2.1335;0.517213;0.380868;0.149994;0.299688;1;
306.306;304.804;-41.7949;25.1869;2.06885;0.711168;0.467648;0.152258;0.304211;1;
306.806;305.305;-41.7994;25.1851;2.0042;0.193955;0.385853;0.00482734;0.00964501;1;
307.307;305.805;-41.8202;25.2126;1.93955;0.323258;0.490593;0.0344606;0.0688523;1;
307.807;306.306;-41.8778;25.3504;2.0042;0.323258;0.214324;0.149369;0.298439;1;
308.308;306.806;-42.0407;25.2841;2.1335;0.646517;0.318962;0.175919;0.351486;1;
308.808;307.307;-42.1452;25.277;2.26281;0.38791;0.190413;0.104712;0.209215;1;
309.309;307.807;-42.1291;25.2719;2.19816;0.0646517;0.238821;0.016899;0.0337642;1;
309.809;308.308;-42.1538;25.3117;2.1335;0.193955;0.226992;0.0468177;0.0935417;1;
310.310;308.808;-42.2608;25.2693;2.06885;0.323258;0.37582;0.115043;0.229857;1;
310.810;309.309;-42.1706;25.2817;2.19816;0.258607;0.248142;0.0909827;0.181783;1;
311.311;309.809;-42.1633;25.3437;2.32746;0.129303;0.338342;0.062429;0.124733;1;
311.811;310.310;-42.205;25.3037;2.32746;0.258607;0.402509;0.0577134;0.115311;1;
312.312;310.810;-42.2387;25.4619;2.45676;0.905123;0.225203;0.161712;0.323102;1;
312.812;311.311;-42.2869;25.5299;2.45676;0.38791;0.379217;0.0834084;0.16665;1;
313.313;311.811;-42.2807;25.379;2.26281;0.452562;0.390413;0.15105;0.301798;1;
313.813;312.312;-42.066;25.7289;2.39211;1.42234;0.338831;0.410545;0.820267;1;
314.314;312.812;-41.9117;25.8206;2.45676;0.581865;0.330379;0.179516;0.358674;1;
314.814;313.313;-41.8552;25.8646;2.45676;0.258607;0.252556;0.0715824;0.143022;1;
315.315;313.813;-41.8123;25.8899;2.65072;0.323258;0.32803;0.0497893;0.0994791;1;
315.815;314.314;-41.972;26.3753;2.32746;1.8749;0.416469;0.510968;1.02091;1;
316.316;314.814;-42.0763;26.5035;2.65072;0.581865;0.330652;0.165297;0.330263;1;
316.816;315.315;-42.0843;26.6651;2.45676;0.711168;0.338555;0.161759;0.323193;1;
317.317;315.815;-42.1119;26.7886;2.58607;0.38791;0.306053;0.126595;0.252937;1;
317.817;316.316;-42.0469;26.7323;2.39211;0.581865;0.309075;0.0859762;0.17178;1;
318.318;316.816;-41.9937;26.6944;2.32746;0.323258;0.299672;0.0653082;0.130486;1;
318.818;317.317;-42.2029;26.662;2.26281;0.840472;0.424981;0.211688;0.422951;1;
319.319;317.817;-42.2515;26.6167;2.32746;0.581865;0.396957;0.0664291;0.132726;1;
319.819;318.318;-42.4257;26.6814;2.19816;0.77582;0.471735;0.185807;0.371243;1;
320.320;318.818;-42.4892;26.7213;2.39211;0.323258;0.403661;0.0749173;0.149685;1;
320.820;319.319;-42.4399;26.2304;2.52141;1.55164;0.408829;0.493404;0.98582;1;
321.321;319.819;-42.3715;25.7123;2.45676;1.8749;0.26096;0.522495;1.04395;1;
321.821;320.320;-42.1288;25.4514;2.26281;1.35768;0.379581;0.356353;0.711993;1;
322.322;320.820;-41.9083;25.2589;2.26281;1.16373;0.262597;0.292787;0.584989;1;
322.822;321.321;-41.3788;24.9578;2.19816;2.0042;0.342367;0.609086;1.21695;1;
323.323;321.821;-41.1296;24.7533;2.45676;1.29303;0.354917;0.322395;0.644145;1;
323.823;322.322;-40.9197;24.6656;2.32746;1.55164;0.553709;0.227487;0.454518;1;
324.324;322.822;-39.8661;25.9108;2.39211;4.59027;0.277199;1.63107;3.25889;1;
324.824;323.323;-39.4464;29.1136;2.19816;4.59027;0.51903;3.23017;6.45388;1;
325.325;323.823;-39.2176;32.357;2.58607;4.78422;0.37849;3.25147;6.49645;1;
325.825;324.324;-37.6801;36.5359;3.03863;5.62469;0.25983;4.45281;8.8967;1;
326.326;324.824;-37.163;40.5009;2.45676;5.49539;0.34803;3.99853;7.98907;1;
326.826;325.325;-35.0565;43.8684;2.78002;5.23678;0.269696;3.97214;7.93632;1;
327.327;325.825;-31.0875;45.6625;2.65072;5.43074;0.365753;4.35569;8.70268;1;
327.827;326.326;-27.037;48.4281;2.39211;5.04283;0.418341;4.90454;9.79925;1;
328.328;326.826;-23.4287;52.8111;2.78002;5.17213;0.427822;5.67726;11.3432;1;
328.828;327.327;-22.9688;52.9188;2.90932;1.81025;0.481391;0.472349;0.943752;1;
329.329;327.827;-22.0335;53.0351;2.58607;3.29723;0.29984;0.942438;1.88299;1;
329.829;328.328;-21.1944;53.1527;2.71537;2.84467;0.53369;0.847367;1.69304;1;
330.330;328.828;-19.0993;53.1479;2.45676;5.17213;0.460413;2.09509;4.18598;1;
330.830;329.329;-18.0735;52.8137;2.78002;3.68514;0.472988;1.07892;2.15569;1;
331.331;329.829;-17.0076;52.6718;2.90932;3.36189;0.37377;1.07523;2.14832;1;
331.831;330.330;-16.2421;52.2646;2.71537;2.90932;0.465017;0.867032;1.73233;1;
332.332;330.830;-15.3939;52.2069;2.90932;2.65072;0.288167;0.850198;1.6987;1;
332.832;331.331;-14.9585;52.1812;2.32746;1.48699;0.288025;0.436121;0.871369;1;
333.333;331.831;-14.8126;52.0536;2.52141;0.840472;0.396642;0.19391;0.387432;1;
333.833;332.332;-13.301;51.2828;2.65072;4.65492;0.405995;1.69675;3.3901;1;
334.334;332.832;-12.242;50.4831;2.58607;4.07305;0.370381;1.32701;2.65137;1;
334.834;333.333;-10.3956;49.2593;2.39211;4.97818;0.337968;2.21514;4.42584;1;
335.335;333.833;-9.31056;48.4912;2.39211;3.7498;0.378419;1.3294;2.65615;1;
335.835;334.334;-7.70202;46.2575;3.10328;5.49539;0.384119;2.75263;5.49975;1;
336.336;334.834;-5.37083;43.3874;2.52141;5.62469;0.357267;3.6975;7.38761;1;
336.836;335.335;-4.31064;41.6225;2.52141;5.04283;0.321897;2.05894;4.11375;1;
337.337;335.835;-4.1025;41.1815;2.32746;1.61629;0.217451;0.487645;0.974316;1;
337.837;336.336;-3.99337;41.0769;2.0042;0.581865;0.346042;0.151123;0.301943;1;
338.338;336.836;-3.86794;40.5979;2.0042;1.55164;0.360593;0.495119;0.98925;1;
338.838;337.337;-4.43647;41.0148;2.65072;1.93955;0.355858;0.704966;1.40852;1;
339.339;337.837;-4.54707;40.9846;2.52141;0.38791;0.325099;0.11465;0.229072;1;
339.839;338.338;-4.63672;40.6593;2.58607;1.35768;0.391523;0.33736;0.674045;1;
340.340;338.838;-4.65824;40.6013;2.45676;0.517213;0.456866;0.0619109;0.123698;1;
340.840;339.339;-4.58469;40.456;2.0042;0.969775;0.408023;0.1628;0.325275;1;
341.341;339.839;-4.55915;40.658;2.19816;0.711168;0.317352;0.20356;0.406714;1;
341.841;340.340;-4.69923;40.5367;2.39211;0.711168;0.49157;0.185267;0.370164;1;
342.342;340.840;-4.9319;40.2882;2.65072;1.16373;0.421648;0.340485;0.680291;1;
342.842;341.341;-5.21309;39.1731;3.03863;4.39631;0.371578;1.14999;2.29767;1;
343.343;341.841;-5.18679;38.61;2.90932;2.19816;0.33634;0.563641;1.12616;1;
343.843;342.342;-5.89215;39.1913;2.39211;3.10328;0.43381;0.914016;1.8262;1;
344.344;342.842;-7.02378;40.125;2.71537;4.20236;0.494054;1.46706;2.93118;1;
344.844;343.343;-8.32204;41.5015;2.52141;5.10748;0.401516;1.89216;3.78054;1;
345.345;343.843;-8.27019;41.6134;2.45676;0.581865;0.475591;0.123339;0.246431;1;
345.845;344.344;-8.40267;41.5794;2.32746;0.517213;0.531548;0.136765;0.273256;1;
346.346;344.844;-8.2894;41.783;2.58607;0.77582;0.481489;0.232983;0.4655;1;
346.846;345.345;-8.20435;41.8323;2.58607;0.517213;0.40433;0.0983052;0.196414;1;
347.347;345.845;-8.24955;41.6856;2.32746;0.77582;0.319889;0.153461;0.306616;1;
347.847;346.346;-8.23794;41.5923;2.58607;0.258607;0.401121;0.0940506;0.187913;1;
348.348;346.846;-8.30605;41.4359;2.19816;0.905123;0.479546;0.170623;0.340905;1;
348.848;347.347;-8.28112;41.2544;2.39211;0.581865;0.473608;0.183188;0.36601;1;
349.349;347.847;-8.34926;41.2328;2.39211;0.38791;0.442098;0.07148;0.142817;1;
349.849;348.348;-8.58397;41.3075;2.1335;1.03443;0.395274;0.246325;0.492157;1;
350.350;348.848;-8.74954;41.5519;2.1335;1.42234;0.484252;0.295212;0.589834;1;
350.850;349.349;-9.13289;42.0068;2.1335;2.19816;0.516731;0.594836;1.18848;1;
351.351;349.849;-9.34784;42.3531;2.19816;1.74559;0.400499;0.407605;0.814395;1;
351.851;350.350;-9.44856;42.1608;2.26281;0.711168;0.36783;0.217039;0.433643;1;
352.352;350.850;-9.47598;41.9934;2.52141;0.646517;0.425617;0.169684;0.339029;1;
352.852;351.351;-9.29487;42.2349;2.32746;1.09908;0.472956;0.301874;0.603143;1;
353.353;351.851;-8.60446;43.1441;2.26281;3.68514;0.376861;1.14167;2.28105;1;
353.853;352.352;-8.48221;42.5556;2.39211;2.19816;0.391303;0.601075;1.20095;1;
354.354;352.852;-8.47556;42.7889;2.0042;0.77582;0.618609;0.233339;0.466212;1;
354.854;353.353;-8.45549;42.418;1.8749;1.03443;0.498384;0.37146;0.742177;1;
355.355;353.853;-8.61221;42.4954;2.26281;0.646517;0.465773;0.174824;0.349298;1;
355.855;354.354;-8.21494;42.1702;1.93955;1.8749;0.505138;0.513444;1.02586;1;
356.356;354.854;-8.26544;42.7115;2.26281;1.74559;0.453875;0.543727;1.08637;1;
356.856;355.355;-8.85204;43.6669;2.06885;2.78002;0.465487;1.12106;2.23989;1;
357.357;355.855;-10.6264;45.4866;2.45676;4.52562;0.480176;2.54161;5.07815;1;
357.857;356.356;-12.1468;48.1516;2.58607;5.04283;0.504804;3.06821;6.13027;1;
358.358;356.856;-12.8596;49.1268;2.71537;3.36189;0.411975;1.20794;2.41347;1;
358.858;357.357;-14.3893;51.1473;2.71537;5.43074;0.353516;2.53422;5.06337;1;
359.359;357.857;-15.1207;51.644;2.90932;2.78002;0.402394;0.884074;1.76638;1;
359.859;358.358;-15.5547;51.876;2.71537;2.0042;0.354704;0.49219;0.983395;1;
360.360;358.858;-15.7337;51.835;2.52141;0.840472;0.241781;0.183621;0.366875;1;
360.860;359.359;-15.7888;51.784;2.26281;0.38791;0.229014;0.0750618;0.149973;1;
361.361;359.859;-15.7118;51.522;2.1335;1.16373;0.335632;0.273024;0.545502;1;
361.861;360.360;-15.9803;51.9128;2.06885;1.74559;0.400698;0.474151;0.947353;1;
362.362;360.860;-16.1296;52.2062;1.42234;1.16373;0.380573;0.329216;0.657774;1;
362.862;361.361;-16.0773;52.1744;1.55164;0.129303;0.360273;0.061285;0.122447;1;
363.363;361.861;-16.0036;52.0965;1.93955;0.77582;0.364683;0.107241;0.214267;1;
363.863;362.362;-15.8145;51.8683;1.93955;1.29303;0.376819;0.29634;0.592087;1;
364.364;362.862;-15.778;51.9051;2.06885;0.129303;0.359753;0.0518642;0.103625;1;
364.864;363.363;-15.543;51.3123;3.03863;2.26281;0.28368;0.637748;1.27422;1;
365.365;363.863;-14.2347;50.4903;2.58607;4.71957;0.257744;1.54503;3.08697;1;
365.865;364.364;-14.7444;50.3371;2.52141;2.1335;0.399561;0.532216;1.06337;1;
366.366;364.864;-15.6649;50.9352;2.52141;3.36189;0.335019;1.09772;2.19325;1;
366.866;365.365;-17.9186;51.1124;2.45676;4.97818;0.47403;2.26066;4.51679;1;
367.367;365.865;-20.4261;51.1172;2.39211;4.84887;0.440761;2.50749;5.00997;1;
367.867;366.366;-23.639;50.3919;2.52141;4.91353;0.345815;3.29372;6.58084;1;
368.368;366.866;-27.3042;48.7603;2.58607;5.10748;0.326712;4.01202;8.01601;1;
368.868;367.367;-29.1004;47.526;2.58607;5.17213;0.387327;2.17941;4.35446;1;
369.369;367.867;-30.9528;46.1179;2.45676;5.04283;0.368587;2.32681;4.64897;1;
369.869;368.368;-34.1944;44.5118;2.52141;4.97818;0.390261;3.61763;7.22802;1;
370.370;368.868;-38.6034;41.8156;2.78002;5.30144;0.191923;5.16808;10.3258;1;
370.870;369.369;-41.945;37.4295;2.26281;5.04283;0.246382;5.51401;11.017;1;
371.371;369.869;-43.7225;34.934;2.39211;4.65492;0.24318;3.06384;6.12157;1;
371.871;370.370;-43.4354;33.4696;2.90932;4.65492;0.269284;1.49226;2.98152;1;
372.372;370.870;-43.6506;33.3867;2.65072;1.16373;0.390323;0.230637;0.460814;1;
372.872;371.371;-43.8626;33.2948;2.39211;0.646517;0.266561;0.231072;0.461681;1;
373.373;371.871;-44.1671;33.017;2.39211;1.29303;0.354965;0.412182;0.823541;1;
373.873;372.372;-44.4751;32.6093;2.32746;1.61629;0.349076;0.510974;1.02093;1;
374.374;372.872;-44.7021;32.7222;2.32746;0.905123;0.319205;0.253493;0.50648;1;
374.874;373.373;-44.7378;32.7478;2.58607;0.258607;0.366611;0.0439841;0.0878802;1;
375.375;373.873;-44.7378;32.7537;2.58607;0.129303;0.33914;0.00584522;0.0116788;1;
375.875;374.374;-44.8255;32.8063;2.52141;0.323258;0.400634;0.10225;0.204294;1;
376.376;374.874;-45.0239;32.7861;2.58607;0.711168;0.356833;0.199442;0.398486;1;
376.876;375.375;-45.0335;32.3395;2.52141;1.74559;0.265652;0.446689;0.892484;1;
377.377;375.875;-44.9958;32.2197;2.39211;0.646517;0.24091;0.125565;0.250879;1;
377.877;376.376;-45.1216;31.6656;2.65072;2.06885;0.368752;0.568226;1.13531;1;
378.378;376.876;-44.9324;31.5698;2.26281;1.03443;0.247665;0.21211;0.423796;1;
378.878;377.377;-44.7544;31.7955;2.19816;0.840472;0.228534;0.287388;0.5742;1;
379.379;377.877;-44.3378;31.9317;1.8749;1.48699;0.304658;0.438344;0.875813;1;
379.879;378.378;-44.6527;31.924;2.0042;1.03443;0.115141;0.315038;0.629446;1;
380.380;378.878;-44.5622;31.9972;2.0042;0.38791;0.187409;0.116424;0.232614;1;
380.880;379.379;-44.3511;32.1724;1.81025;0.840472;0.260808;0.274326;0.548103;1;
381.381;379.879;-44.3843;32.2538;2.26281;0.452562;0.309945;0.0879689;0.175762;1;
381.881;380.380;-44.2298;32.1278;2.1335;0.905123;0.317496;0.199363;0.398327;1;
382.382;380.880;-43.9269;31.5598;2.1335;2.45676;0.431034;0.643782;1.28628;1;
382.882;381.381;-43.4585;32.0292;2.58607;2.0042;0.228298;0.663134;1.32494;1;
383.383;381.881;-43.336;32.2158;2.58607;0.905123;0.31703;0.223203;0.445959;1;
383.883;382.382;-43.5305;32.0207;2.65072;1.09908;0.246322;0.275481;0.550411;1;
384.384;382.882;-43.6853;32.0227;2.90932;0.517213;0.372937;0.154817;0.309324;1;
384.884;383.383;-45.0525;31.8551;2.39211;4.13771;0.428205;1.37745;2.75213;1;
385.385;383.883;-45.7597;31.8389;2.71537;2.26281;0.49098;0.707381;1.41335;1;
385.885;384.384;-45.8294;31.852;2.58607;0.258607;0.395762;0.0709323;0.141723;1;
386.386;384.884;-46.7586;31.9723;2.19816;2.97398;0.348284;0.936956;1.87204;1;
386.886;385.385;-45.5095;32.2636;2.71537;3.49119;0.46994;1.28261;2.56266;1;
387.387;385.885;-43.7957;32.7688;2.58607;4.78422;0.311026;1.78676;3.56996;1;
387.887;386.386;-43.2038;32.2179;2.71537;3.23258;0.336597;0.808566;1.61551;1;
388.388;386.886;-43.5103;30.0386;2.58607;5.30144;0.275574;2.20078;4.39717;1;
388.888;387.387;-45.1986;29.2288;2.78002;5.10748;0.419947;1.87243;3.74111;1;
389.389;387.887;-46.171;28.2264;2.65072;4.26701;0.237437;1.39653;2.79026;1;
389.889;388.388;-46.9672;27.6915;2.45676;3.16793;0.323947;0.959168;1.91642;1;
390.390;388.888;-46.6936;27.9795;2.26281;1.48699;0.330468;0.39723;0.793667;1;
390.890;389.389;-46.9817;27.7202;2.26281;1.29303;0.202371;0.387692;0.774608;1;
391.391;389.889;-47.4798;27.4691;2.32746;1.8749;0.320441;0.557725;1.11434;1;
391.891;390.390;-47.8573;27.4877;2.65072;1.35768;0.319402;0.377949;0.755142;1;
392.392;390.890;-48.1754;27.2082;2.32746;1.48699;0.280642;0.423477;0.846107;1;
392.892;391.391;-47.7005;27.5889;2.06885;1.81025;0.291906;0.608709;1.2162;1;
393.393;391.891;-46.9363;28.1821;2.32746;2.71537;0.380569;0.967345;1.93276;1;
393.893;392.392;-46.3992;28.4279;2.52141;2.1335;0.400883;0.590766;1.18035;1;
394.394;392.892;-46.1153;27.6044;2.71537;2.78002;0.381794;0.871144;1.74055;1;
394.894;393.393;-45.0594;25.0668;2.78002;5.49539;0.382947;2.74843;5.49136;1;
395.395;393.893;-44.7119;22.8498;2.39211;5.17213;0.404082;2.24411;4.48374;1;
395.895;394.394;-44.615;22.6282;2.39211;0.905123;0.336756;0.241859;0.483233;1;
396.396;394.894;-44.863;22.2332;2.52141;1.55164;0.480966;0.466307;0.931683;1;
396.896;395.395;-44.863;22.2332;2.52141;0;0.480966;0;0;1;
397.397;395.895;-44.974;22.2342;2.58607;0.581865;0.371293;0.111047;0.221873;1;
397.897;396.396;-45.031;22.2393;2.52141;0.323258;0.442835;0.0571781;0.114242;1;
398.398;396.896;-45.1251;22.2674;2.58607;0.452562;0.407485;0.0981973;0.196198;1;
398.898;397.397;-45.1134;22.2484;2.58607;0.258607;0.396249;0.0223058;0.044567;1;
399.399;397.897;-45.0165;22.1071;2.65072;0.840472;0.397676;0.171264;0.342186;1;
399.899;398.398;-45.2526;21.81;2.71537;1.22838;0.43758;0.379444;0.758129;1;
400.400;398.898;-45.3774;21.2379;2.78002;2.26281;0.36826;0.585536;1.1699;1;
400.900;399.399;-45.4021;21.0489;2.90932;0.905123;0.321891;0.190579;0.380777;1;
401.401;399.899;-45.1692;21.3306;2.71537;1.35768;0.22613;0.36548;0.730231;1;
401.901;400.400;-44.4953;22.4976;2.58607;4.13771;0.275494;1.34758;2.69246;1;
402.402;400.900;-43.6721;21.7693;2.65072;3.68514;0.332908;1.09909;2.19599;1;
402.902;401.401;-43.0718;21.0115;2.84467;2.90932;0.365902;0.966823;1.93171;1;
403.403;401.901;-42.6628;20.7062;2.97398;2.06885;0.23271;0.510339;1.01966;1;
403.903;402.402;-42.6109;20.6083;2.71537;0.517213;0.239112;0.11075;0.221278;1;
404.404;402.902;-42.2067;20.3142;2.45676;1.93955;0.499759;0.499902;0.998805;1;
404.904;403.403;-41.652;19.8652;2.52141;2.52141;0.347785;0.713644;1.42586;1;
405.405;403.903;-39.1132;17.3386;2.58607;5.10748;0.363362;3.58178;7.1564;1;
405.905;404.404;-37.0123;14.6281;2.32746;4.91353;0.371775;3.42936;6.85186;1;
406.406;404.904;-34.6756;13.069;2.58607;4.91353;0.333499;2.80902;5.61244;1;
406.906;405.405;-32.0727;9.3202;2.65072;5.23678;0.34115;4.56388;9.11862;1;
407.407;405.905;-29.0034;7.5263;2.65072;5.30144;0.35405;3.55511;7.10312;1;
407.907;406.406;-28.0136;7.28013;2.90932;2.97398;0.510486;1.0199;2.03775;1;
408.408;406.906;-26.8558;7.39128;2.58607;3.42654;0.350048;1.16311;2.3239;1;
408.908;407.407;-24.5749;7.24661;2.71537;5.30144;0.332327;2.28553;4.56649;1;
409.409;407.907;-22.2868;7.22012;2.84467;5.56004;0.29519;2.28829;4.57201;1;
409.909;408.408;-23.4524;8.15981;2.26281;4.46096;0.295001;1.49723;2.99146;1;
410.410;408.908;-23.4811;7.48863;2.06885;2.26281;0.237687;0.671789;1.34224;1;
410.910;409.409;-23.1858;7.40425;2.19816;0.905123;0.337047;0.307144;0.613673;1;
411.411;409.909;-23.7449;7.79918;2.32746;2.06885;0.517467;0.684533;1.3677;1;
411.911;410.410;-23.7915;8.27683;2.58607;1.81025;0.415244;0.479915;0.95887;1;
412.412;410.910;-25.9126;7.28051;2.71537;5.30144;0.30431;2.34347;4.68226;1;
412.912;411.411;-30.0883;6.90399;2.71537;5.43074;0.444476;4.19257;8.37674;1;
413.413;411.911;-31.358;6.97767;2.32746;3.49119;0.292368;1.27184;2.54114;1;
413.913;412.412;-31.747;7.03774;1.42234;1.29303;0.367238;0.393695;0.786601;1;
414.414;412.912;-31.6562;7.11947;1.81025;0.517213;0.245557;0.122172;0.2441;1;
414.914;413.413;-32.1496;7.03472;2.45676;1.55164;0.481897;0.500569;1.00014;1;
415.415;413.913;-33.7273;8.09416;2.78002;5.10748;0.355574;1.90041;3.79703;1;
415.915;414.414;-37.8591;9.98906;3.03863;5.81865;0.456725;4.54564;9.08218;1;
416.416;414.914;-40.8016;12.4869;2.90932;5.94795;0.402394;3.85972;7.71174;1;
416.916;415.415;-42.1859;14.4756;2.39211;5.30144;0.358553;2.42307;4.84129;1;
417.417;415.915;-42.2191;14.2775;2.52141;0.77582;0.418863;0.200909;0.401416;1;
417.917;416.416;-41.8225;13.5068;2.58607;3.03863;0.389846;0.866691;1.73165;1;
418.418;416.916;-42.4355;13.6897;2.32746;2.19816;0.354206;0.639636;1.27799;1;
418.918;417.417;-42.9807;14.3058;3.03863;2.78002;0.474121;0.82267;1.64369;1;
419.419;417.917;-43.4796;14.3334;2.71537;2.0042;0.369351;0.499748;0.998498;1;
419.919;418.418;-43.9646;15.0112;2.39211;2.65072;0.394898;0.833392;1.66512;1;
420.420;418.918;-44.1031;14.6646;2.06885;1.48699;0.314607;0.373183;0.74562;1;
420.920;419.419;-44.3345;15.2657;1.68094;1.81025;0.517374;0.644093;1.2869;1;
421.421;419.919;-44.6803;15.482;1.03443;0.905123;0.538765;0.407963;0.81511;1;
421.921;420.420;-44.9071;15.4612;1.03443;0.646517;0.448935;0.227712;0.454968;1;
422.422;420.920;-45.0248;15.4581;1.29303;0.258607;0.249947;0.117738;0.23524;1;
422.922;421.421;-44.9164;15.4317;1.8749;0.581865;0.38043;0.111615;0.223007;1;
423.423;421.921;-44.9744;15.5349;2.45676;0.581865;0.397594;0.118425;0.236613;1;
423.923;422.422;-44.9038;15.5542;2.45676;0.258607;0.353301;0.0731578;0.146169;1;
424.424;422.922;-44.3611;15.1204;2.58607;2.06885;0.425915;0.69478;1.38817;1;
424.924;423.423;-43.2217;13.8176;3.03863;4.71957;0.459089;1.73074;3.45802;1;
425.425;423.923;-42.7091;14.0964;2.84467;2.65072;0.379408;0.583526;1.16589;1;
425.925;424.424;-42.2253;16.0968;2.32746;5.17213;0.499362;2.05808;4.11204;1;
426.426;424.924;-42.2549;18.1518;2.65072;4.97818;0.29667;2.05526;4.1064;1;
426.926;425.425;-42.6758;19.1932;2.78002;3.23258;0.43965;1.12318;2.24411;1;
427.427;425.925;-42.7618;19.3911;2.97398;0.840472;0.278616;0.215763;0.431096;1;
427.927;426.426;-43.4679;20.696;2.84467;4.52562;0.366191;1.48375;2.96454;1;
428.428;426.926;-45.1591;21.7079;2.84467;5.43074;0.394464;1.97079;3.93764;1;
428.928;427.427;-47.6878;24.1638;2.71537;5.56004;0.313631;3.52503;7.04299;1;
429.429;427.927;-48.2125;27.2483;2.84467;5.56004;0.382755;3.12875;6.25125;1;
429.929;428.428;-48.4544;30.9157;2.71537;5.56004;0.342255;3.6754;7.34344;1;
430.430;428.928;-48.4741;32.7955;2.97398;5.43074;0.30799;1.87993;3.75609;1;
430.930;429.429;-48.3798;32.6635;2.90932;0.581865;0.283472;0.162201;0.324077;1;
431.431;429.929;-48.6282;33.3439;2.84467;2.65072;0.324155;0.724345;1.44724;1;
431.931;430.430;-48.6643;33.4833;3.03863;0.711168;0.354548;0.143964;0.28764;1;
432.432;430.930;-48.6702;33.3893;2.58607;0.452562;0.328887;0.0941695;0.188151;1;
432.932;431.431;-48.8558;33.0829;2.32746;1.29303;0.364003;0.358225;0.715734;1;
433.433;431.931;-48.7953;33.0215;2.06885;0.38791;0.263057;0.0862206;0.172269;1;
433.933;432.432;-48.9109;32.8921;1.68094;0.646517;0.13667;0.173558;0.346768;1;
434.434;432.932;-48.9109;32.6332;1.74559;0.711168;0.176062;0.258848;0.517179;1;
434.934;433.433;-48.7938;32.5695;1.8749;0.38791;0.371261;0.133283;0.266299;1;
435.435;433.933;-48.6285;32.406;2.32746;0.840472;0.372357;0.232468;0.464471;1;
435.935;434.434;-48.868;32.5385;1.68094;0.905123;0.231313;0.273692;0.546836;1;
436.436;434.934;-49.1159;33.648;1.48699;2.65072;0.66353;1.13687;2.27147;1;
436.936;435.435;-49.3935;34.1012;2.32746;1.74559;0.425877;0.531457;1.06185;1;
437.437;435.935;-49.2448;36.0298;2.32746;4.52562;0.339641;1.93435;3.86484;1;
437.937;436.436;-49.1568;36.439;2.58607;1.29303;0.439854;0.418532;0.836226;1;
438.438;436.936;-48.9435;36.6992;2.65072;1.22838;0.416042;0.33648;0.672289;1;
438.938;437.437;-48.8421;36.9763;2.45676;0.969775;0.508611;0.295054;0.589517;1;
439.439;437.937;-48.8291;37.0679;2.71537;0.517213;0.480414;0.0925094;0.184834;1;
439.939;438.438;-48.7797;37.3193;2.71537;1.03443;0.487886;0.256256;0.512;1;
440.440;438.938;-48.6672;37.4981;2.97398;0.77582;0.277773;0.211268;0.422113;1;
440.940;439.439;-48.7637;38.4644;2.71537;3.10328;0.403457;0.971118;1.94029;1;
441.441;439.939;-48.3698;39.7234;2.90932;4.20236;0.202944;1.31917;2.63571;1;
441.941;440.440;-48.0203;41.5539;2.97398;5.62469;0.366501;1.86358;3.72343;1;
442.442;440.940;-46.8667;42.3668;2.45676;4.13771;0.370304;1.41121;2.8196;1;
442.942;441.441;-44.8745;44.0356;2.58607;5.04283;0.417959;2.59877;5.19234;1;
443.443;441.941;-42.3383;45.7977;2.65072;5.23678;0.402325;3.08831;6.17045;1;
443.943;442.442;-39.142;49.1673;2.65072;5.30144;0.483218;4.64444;9.27958;1;
444.444;442.942;-36.8596;50.9351;2.58607;5.23678;0.386309;2.88688;5.768;1;
444.944;443.443;-32.7488;52.3631;2.97398;5.56004;0.341401;4.35179;8.69488;1;
445.445;443.943;-28.5164;53.7952;2.58607;5.56004;0.362047;4.46808;8.92724;1;
445.945;444.444;-24.4358;53.6164;2.52141;5.10748;0.458488;4.08451;8.16085;1;
446.446;444.944;-19.9218;53.074;2.71537;5.23678;0.489397;4.54648;9.08388;1;
446.946;445.445;-14.8934;51.8246;2.84467;5.56004;0.503265;5.18133;10.3523;1;
447.447;445.945;-13.2308;49.4943;2.52141;5.36609;0.289757;2.86258;5.71943;1;
447.947;446.446;-12.9817;47.1069;2.39211;4.91353;0.335931;2.40041;4.796;1;
448.448;446.946;-11.7378;44.3754;2.32746;4.71957;0.336574;3.00138;5.99676;1;
448.948;447.447;-8.63151;41.4557;2.32746;4.65492;0.348064;4.26309;8.51764;1;
449.449;447.947;-5.26679;36.846;3.10328;5.43074;0.270977;5.70704;11.4027;1;
449.949;448.448;-3.17908;34.0346;2.52141;5.62469;0.234168;3.50181;6.9966;1;
450.450;448.948;-2.90493;33.2557;2.71537;2.78002;0.411975;0.825777;1.6499;1;
450.950;449.449;-2.63461;29.1042;2.71537;5.43074;0.378444;4.16022;8.31211;1;
451.451;449.949;-3.19353;24.0866;2.45676;5.17213;0.335676;5.04866;10.0872;1;
451.951;450.450;-5.47059;18.2205;2.1335;4.59027;0.0983002;6.29251;12.5724;1;
452.452;450.950;-7.86271;14.3002;2.90932;5.04283;0.268065;4.5925;9.17582;1;
452.952;451.451;-10.6808;11.7591;2.39211;5.30144;0.262767;3.79461;7.58162;1;
453.453;451.951;-10.8593;11.4862;2.19816;0.969775;0.461636;0.326117;0.651583;1;
453.953;452.452;-11.0715;11.2686;2.1335;0.969775;0.456657;0.303891;0.607174;1;
454.454;452.952;-11.5164;10.9369;2.32746;1.8749;0.470883;0.554925;1.10874;1;
454.954;453.453;-11.5813;10.8245;2.0042;0.711168;0.397047;0.1298;0.25934;1;
455.455;453.953;-11.6582;10.7207;2.26281;0.517213;0.371756;0.129211;0.258164;1;
455.955;454.454;-11.8492;10.5613;2.1335;0.905123;0.344189;0.248784;0.497069;1;
456.456;454.954;-12.1568;10.3802;2.45676;1.09908;0.383668;0.35699;0.713266;1;
456.956;455.455;-12.4209;10.1989;2.39211;1.35768;0.343585;0.320239;0.639838;1;
457.457;455.955;-12.52;9.85544;2.58607;1.74559;0.347828;0.357518;0.714321;1;
457.957;456.456;-12.4971;9.9216;2.26281;0.581865;0.417657;0.0700088;0.139877;1;
458.458;456.956;-12.5821;9.87486;2.32746;0.323258;0.397446;0.0969358;0.193678;1;
458.958;457.457;-12.4511;9.87643;2.45676;0.517213;0.333197;0.130984;0.261706;1;
459.459;457.957;-12.4209;10.159;2.39211;0.969775;0.2575;0.284225;0.567882;1;
459.959;458.458;-12.2608;10.1741;2.32746;0.840472;0.417188;0.160808;0.321295;1;
460.460;458.958;-12.3219;10.1799;2.52141;0.193955;0.418866;0.0614578;0.122793;1;
460.960;459.459;-12.4695;10.1067;2.58607;0.711168;0.28626;0.16471;0.329091;1;
461.461;459.959;-12.9578;9.91152;2.32746;1.81025;0.301533;0.52592;1.05079;1;
461.961;460.460;-13.0191;9.54581;2.32746;1.42234;0.351821;0.37081;0.740878;1;
462.462;460.960;-13.4874;8.89181;2.06885;2.45676;0.423544;0.804388;1.60717;1;
462.962;461.461;-12.7832;9.62497;2.58607;2.84467;0.131481;1.01658;2.03113;1;
463.463;461.961;-12.06;10.183;2.26281;2.90932;0.328335;0.913495;1.82517;1;
463.963;462.462;-11.6605;10.6999;2.1335;2.06885;0.27643;0.653299;1.30529;1;
464.464;462.962;-11.7851;12.1927;2.0042;3.49119;0.418916;1.49796;2.99294;1;
464.964;463.463;-11.9359;12.7818;2.32746;1.8749;0.390942;0.608095;1.21497;1;
465.465;463.963;-10.7675;12.7363;2.26281;3.29723;0.514373;1.16926;2.33619;1;
465.965;464.464;-9.07238;13.8734;2.26281;4.52562;0.369626;2.0412;4.07831;1;
466.466;464.964;-7.53246;15.988;2.45676;4.71957;0.350271;2.61586;5.22649;1;
466.966;465.465;-5.36836;19.0549;2.58607;5.04283;0.367897;3.75355;7.49959;1;
467.467;465.965;-3.68503;22.0107;2.1335;4.71957;0.446118;3.40151;6.79623;1;
467.967;466.466;-2.60748;25.312;3.03863;5.17213;0.311574;3.47275;6.93856;1;
468.468;466.966;-2.68757;30.322;2.78002;5.81865;0.376671;5.01063;10.0113;1;
468.968;467.467;-3.49656;35.864;2.52141;5.30144;0.483321;5.60068;11.1902;1;
469.469;467.967;-5.49782;40.9483;2.78002;5.30144;0.355382;5.464;10.9171;1;
469.969;468.468;-8.63178;45.1083;2.39211;5.17213;0.468788;5.2084;10.4064;1;
470.470;468.968;-11.351;48.4065;2.52141;4.91353;0.363604;4.27458;8.54061;1;
470.970;469.469;-14.3987;51.6481;2.71537;5.23678;0.312667;4.44942;8.88993;1;
471.471;469.969;-17.207;52.9022;2.32746;5.04283;0.357488;3.07557;6.145;1;
471.971;470.470;-19.0791;53.3779;2.52141;4.84887;0.340605;1.93157;3.85927;1;
472.472;470.970;-19.2411;53.5028;2.45676;0.969775;0.473971;0.204553;0.408697;1;
472.972;471.471;-19.7548;53.6355;2.84467;1.93955;0.322003;0.530564;1.06007;1;
473.473;471.971;-19.934;53.663;2.97398;0.905123;0.351784;0.181319;0.362277;1;
473.973;472.472;-20.0847;53.7104;3.10328;0.77582;0.449968;0.157985;0.315655;1;
474.474;472.972;-19.9679;53.5775;2.84467;0.646517;0.431037;0.176932;0.353511;1;
474.974;473.473;-20.1402;53.6668;2.97398;0.77582;0.412515;0.194074;0.38776;1;
475.475;473.973;-20.1907;53.5857;2.78002;0.452562;0.357001;0.0954493;0.190708;1;
475.975;474.474;-20.1603;53.5972;2.65072;0.517213;0.37854;0.0324072;0.0647495;1;
476.476;474.974;-20.1162;53.8679;2.90932;1.16373;0.407383;0.274313;0.548077;1;
476.976;475.475;-20.0823;54.0359;3.03863;0.77582;0.488103;0.171377;0.342411;1;
477.477;475.975;-19.1699;53.2508;2.52141;3.7498;0.417724;1.20371;2.40502;1;
477.977;476.476;-20.3364;53.2609;3.03863;3.49119;0.406155;1.16657;2.33081;1;
478.478;476.976;-22.0304;53.0101;2.52141;4.91353;0.364196;1.71244;3.42146;1;
478.978;477.477;-22.6734;52.8284;2.90932;2.32746;0.475203;0.668175;1.33501;1;
479.479;477.977;-22.9547;52.4684;2.45676;2.0042;0.435683;0.456827;0.912742;1;
479.979;478.478;-23.2912;52.0433;2.32746;2.06885;0.471078;0.542232;1.08338;1;
480.480;478.978;-21.8542;50.5779;2.0042;4.33166;0.515826;2.05233;4.10057;1;
480.980;479.479;-21.0422;49.6994;2.32746;3.55584;0.333574;1.19632;2.39025;1;
481.481;479.979;-21.2071;49.5578;2.0042;0.840472;0.45828;0.217299;0.434164;1;
481.981;480.480;-22.0993;50.1958;2.52141;2.97398;0.378391;1.09685;2.1915;1;
482.482;480.980;-21.5185;49.728;2.45676;2.1335;0.416298;0.745742;1.48999;1;
482.982;481.481;-21.5873;49.7482;2.26281;0.452562;0.313135;0.0716393;0.143135;1;
483.483;481.981;-22.0958;49.7905;2.26281;1.68094;0.367447;0.510296;1.01957;1;
483.983;482.482;-22.6892;50.1278;2.58607;2.1335;0.373294;0.682553;1.36374;1;
484.484;482.982;-22.6089;50.0328;2.97398;0.517213;0.451742;0.124357;0.248466;1;
484.984;483.483;-22.4941;50.0044;2.65072;0.452562;0.40423;0.118199;0.236161;1;
485.485;483.983;-22.3502;49.9285;2.52141;0.77582;0.383602;0.162726;0.325126;1;
485.985;484.484;-22.9219;49.9226;2.52141;1.93955;0.482359;0.57168;1.14222;1;
486.486;484.984;-26.1983;48.2683;2.32746;4.84887;0.300163;3.67039;7.33344;1;
486.986;485.485;-30.3425;44.3813;3.16793;5.49539;0.284685;5.68182;11.3523;1;
487.487;485.985;-35.3144;41.2828;2.84467;6.0126;0.426207;5.85836;11.705;1;
487.987;486.486;-40.66;40.0001;2.58607;5.43074;0.499865;5.49735;10.9837;1;
488.488;486.986;-45.5807;39.3378;3.23258;5.81865;0.461011;4.96506;9.92021;1;
488.988;487.487;-47.457;36.1768;2.45676;5.68935;0.455085;3.67591;7.34446;1;
489.489;487.987;-47.5795;31.621;2.71537;5.17213;0.476243;4.5574;9.10569;1;
489.989;488.488;-47.3345;26.596;2.52141;5.23678;0.442901;5.031;10.0519;1;
490.490;488.988;-47.0639;22.221;2.19816;4.71957;0.304105;4.38332;8.75788;1;
490.990;489.489;-45.5822;18.8483;3.36189;5.56004;0.202062;3.68379;7.3602;1;
491.491;489.989;-42.3124;14.8798;2.52141;5.8833;0.294531;5.14209;10.2739;1;
491.991;490.490;-38.9417;11.2808;2.65072;5.17213;0.243395;4.93092;9.85197;1;
492.492;490.990;-35.7655;9.18455;2.78002;5.43074;0.345276;3.80562;7.60363;1;
492.992;491.491;-31.2779;7.65883;2.45676;5.23678;0.312128;4.73989;9.4703;1;
493.493;491.991;-27.9932;7.67695;3.03863;5.49539;0.350457;3.28473;6.56289;1;
493.993;492.492;-26.0143;7.29463;2.65072;5.43074;0.405995;2.0155;4.02696;1;
494.494;492.992;-23.993;7.13384;2.58607;5.23678;0.177449;2.02769;4.05132;1;
494.994;493.493;-22.7787;7.29926;2.90932;3.68514;0.504749;1.22552;2.44859;1;
495.495;493.993;-18.6671;8.5172;2.58607;5.49539;0.38484;4.28826;8.56794;1;
495.995;494.494;-12.9132;11.2917;2.52141;5.10748;0.445218;6.38782;12.7628;1;
496.496;494.994;-7.647;14.8615;2.65072;5.17213;0.446053;6.36212;12.7115;1;
496.996;495.495;-4.50476;19.1421;2.78002;5.43074;0.390733;5.3101;10.6096;1;
497.497;495.995;-2.98007;23.2881;2.65072;5.43074;0.488946;4.41753;8.82623;1;
497.997;496.496;-2.29405;28.6389;2.71537;5.36609;0.343753;5.3946;10.7784;1;
498.498;496.996;-1.89385;29.9041;2.58607;3.8791;0.387883;1.32698;2.65132;1;
498.998;497.497;-1.82894;30.7886;2.52141;2.52141;0.377295;0.886852;1.77193;1;
499.499;497.997;-1.80106;30.8426;2.71537;0.452562;0.34905;0.0607512;0.121381;1;
499.999;498.498;-1.94467;29.2124;2.45676;4.78422;0.293665;1.63645;3.26962;1;
500.500;498.998;-2.9382;30.2138;2.52141;4.07305;0.316006;1.41062;2.81841;1;
501.001;499.499;-3.64603;31.0745;2.45676;3.16793;0.413313;1.11437;2.2265;1;
501.501;499.999;-4.99196;32.4614;2.65072;4.84887;0.379275;1.93263;3.86139;1;
502.002;500.500;-5.80746;33.609;2.32746;3.81445;0.530279;1.40783;2.81285;1;
502.502;501.001;-5.85679;33.6238;2.26281;0.193955;0.476112;0.0514954;0.102888;1;
503.003;501.501;-5.90817;34.0894;2.26281;1.29303;0.612593;0.468478;0.936019;1;
503.503;502.002;-6.06954;34.0424;2.26281;0.905123;0.418868;0.16809;0.335844;1;
504.004;502.502;-6.66531;34.4108;2.39211;2.45676;0.422061;0.700486;1.39957;1;
504.504;503.003;-6.7971;34.9163;2.52141;1.68094;0.384713;0.522403;1.04376;1;
505.005;503.503;-7.36461;34.9558;2.90932;2.32746;0.259534;0.568889;1.13664;1;
505.505;504.004;-7.52348;34.4631;2.71537;2.0042;0.330849;0.517752;1.03447;1;
506.006;504.504;-8.19362;34.8484;2.32746;2.84467;0.576513;0.77304;1.54453;1;
506.506;505.005;-8.90487;35.5329;2.1335;3.29723;0.544244;0.987107;1.97224;1;
507.007;505.505;-9.15939;35.5511;2.1335;1.29303;0.467804;0.255172;0.509833;1;
507.507;506.006;-9.16226;35.4036;2.26281;0.38791;0.476112;0.147525;0.294755;1;
508.008;506.506;-9.14808;35.5863;2.1335;0.517213;0.531158;0.183221;0.366076;1;
508.508;507.007;-9.21506;35.7245;1.93955;0.452562;0.662156;0.153564;0.30682;1;
509.009;507.507;-8.85696;36.7234;2.0042;2.39211;0.590907;1.06115;2.12018;1;
509.509;508.008;-8.29608;39.4197;2.45676;4.46096;0.562246;2.75399;5.50249;1;
510.010;508.508;-7.28246;42.3504;2.84467;5.30144;0.339685;3.10109;6.19597;1;
510.510;509.009;-6.57936;42.6055;2.32746;2.84467;0.486837;0.747935;1.49438;1;
511.011;509.509;-7.36097;43.7211;3.10328;3.8791;0.395777;1.36219;2.72165;1;
511.511;510.010;-8.66372;45.5816;2.32746;5.43074;0.49011;2.27121;4.53789;1;
512.012;510.510;-10.0456;47.3636;2.78002;5.10748;0.390926;2.25501;4.50551;1;
512.512;511.011;-12.0431;49.017;2.39211;5.17213;0.313871;2.59309;5.181;1;
513.013;511.511;-14.0833;50.4463;2.65072;5.04283;0.340646;2.49101;4.97704;1;
513.513;512.012;-14.1436;49.6032;2.52141;3.49119;0.519288;0.845192;1.6887;1;
514.014;512.512;-17.0584;48.5719;2.32746;4.84887;0.498626;3.09185;6.17752;1;
514.514;513.013;-18.1768;48.4916;2.39211;2.90932;0.433506;1.12133;2.24042;1;
515.015;513.513;-18.7538;48.9757;2.32746;2.39211;0.375164;0.753164;1.50482;1;
515.515;514.014;-18.0184;48.4647;2.26281;2.65072;0.338194;0.895591;1.78939;1;
516.016;514.514;-17.8807;48.7741;2.71537;1.35768;0.358344;0.33871;0.676742;1;
516.516;515.015;-18.4116;49.0417;2.45676;1.93955;0.335356;0.594565;1.18794;1;
517.017;515.515;-20.2409;50.3931;2.84467;5.30144;0.438221;2.27432;4.54408;1;
517.517;516.016;-21.6383;51.5202;2.45676;4.78422;0.382285;1.79526;3.58693;1;
518.018;516.516;-23.3643;53.2781;2.32746;4.78422;0.249841;2.46356;4.92219;1;
518.518;517.017;-27.0838;54.2684;2.58607;4.91353;0.409427;3.8491;7.69052;1;
519.019;517.517;-30.2064;53.5947;2.78002;5.36609;0.443897;3.1944;6.3824;1;
519.519;518.018;-33.0597;52.6881;2.97398;5.754;0.489714;2.99391;5.98184;1;
520.020;518.518;-34.8505;52.1406;2.26281;4.97818;0.403681;1.87259;3.74144;1;
520.520;519.019;-38.0274;50.2274;3.03863;5.30144;0.474474;3.70857;7.40974;1;
521.021;519.519;-41.0879;48.0392;2.78002;5.81865;0.330303;3.76229;7.51705;1;
521.521;520.020;-43.8386;44.7992;2.39211;5.17213;0.243883;4.25019;8.49189;1;
522.022;520.520;-46.7676;40.7149;2.58607;4.97818;0.391762;5.02598;10.0419;1;
522.522;521.021;-48.6285;35.3276;2.71537;5.30144;0.278663;5.69966;11.3879;1;
523.023;521.521;-48.6522;32.2133;2.97398;5.68935;0.239102;3.11437;6.2225;1;
523.523;522.022;-48.5451;30.6418;2.78002;4.97818;0.263905;1.57512;3.14709;1;
524.024;522.522;-47.7243;25.644;2.78002;5.56004;0.351074;5.06473;10.1193;1;
524.524;523.023;-47.6236;25.1028;2.52141;2.06885;0.244571;0.550528;1.09996;1;
525.025;523.523;-47.7683;23.8224;3.03863;4.26701;0.142518;1.28856;2.57455;1;
525.525;524.024;-46.921;20.4037;2.39211;5.43074;0.36889;3.52209;7.03714;1;
526.026;524.524;-44.2737;16.5273;2.58607;4.97818;0.375348;4.69413;9.37886;1;
526.526;525.025;-42.6125;14.7331;2.90932;5.49539;0.354704;2.44511;4.88534;1;
527.027;525.525;-42.6471;14.8855;2.71537;0.452562;0.193889;0.15629;0.312267;1;
527.527;526.026;-42.6686;14.917;2.84467;0.129303;0.251747;0.0380744;0.0760727;1;
528.028;526.526;-42.8247;14.9594;2.84467;0.77582;0.216382;0.161766;0.323208;1;
528.528;527.027;-43.77;16.18;2.65072;4.84887;0.239518;1.54387;3.08466;1;
529.029;527.527;-44.8818;16.9853;2.52141;4.26701;0.400482;1.37283;2.7429;1;
529.529;528.028;-41.9804;17.1846;2.65072;5.17213;0.406437;2.90822;5.81063;1;
530.030;528.528;-38.7811;16.9188;2.45676;5.10748;0.462941;3.21036;6.4143;1;
530.530;529.029;-36.2754;15.5445;2.52141;4.97818;0.29415;2.85782;5.70992;1;
531.031;529.529;-32.8913;11.851;2.97398;5.49539;0.356884;5.00934;10.0086;1;
531.531;530.030;-27.5221;9.97639;2.84467;5.81865;0.294604;5.68708;11.3628;1;
532.032;530.530;-22.9276;9.79049;3.03863;5.8833;0.433126;4.59826;9.18731;1;
532.532;531.031;-18.563;10.8009;2.52141;5.56004;0.370986;4.48003;8.9511;1;
533.033;531.531;-14.0563;10.9033;2.19816;4.71957;0.329766;4.50794;9.00685;1;
533.533;532.032;-11.2166;12.9156;2.06885;4.26701;0.504425;3.48032;6.95368;1;
534.034;532.532;-8.30605;16.8548;2.1335;4.20236;0.465981;4.89785;9.78589;1;
534.534;533.033;-4.62389;20.0902;2.45676;4.59027;0.336761;4.90165;9.79351;1;
535.035;533.533;-2.89147;23.9761;2.39211;4.84887;0.342909;4.25453;8.50054;1;
535.535;534.034;-2.3408;28.7245;2.65072;5.04283;0.393557;4.78021;9.55088;1;
536.036;534.534;-2.69851;34.5147;2.84467;5.49539;0.391396;5.80127;11.5909;1;
536.536;535.035;-3.54854;38.8661;2.45676;5.30144;0.310452;4.43362;8.85839;1;
537.037;535.535;-3.92525;40.8628;2.32746;4.78422;0.322098;2.03198;4.05989;1;
537.537;536.036;-4.68981;42.381;2.52141;4.46096;0.252027;1.6998;3.39621;1;
538.038;536.536;-4.74026;42.7007;2.06885;1.48699;0.470291;0.323695;0.646742;1;
538.538;537.037;-4.73959;42.8258;2.78002;0.711168;0.447482;0.125117;0.249985;1;
539.039;537.537;-4.85715;42.9959;2.90932;0.905123;0.254197;0.206747;0.413081;1;
539.539;538.038;-4.94893;42.9698;2.84467;0.323258;0.323621;0.0954232;0.190656;1;
540.040;538.538;-4.99159;42.9891;2.90932;0.193955;0.386087;0.0468227;0.0935516;1;
540.540;539.039;-5.03057;42.9802;2.90932;0.129303;0.387781;0.0399719;0.079864;1;
541.041;539.539;-5.20373;42.9738;2.78002;1.03443;0.379078;0.173274;0.3462;1;
541.541;540.040;-7.17805;44.726;2.90932;5.68935;0.364627;2.63976;5.27425;1;
542.042;540.540;-8.08273;45.9429;2.71537;4.46096;0.317817;1.51633;3.02962;1;
542.542;541.041;-9.18295;45.0395;2.39211;4.59027;0.418665;1.42363;2.84442;1;
543.043;541.541;-13.6569;46.4221;2.39211;4.78422;0.386126;4.68268;9.35598;1;
543.543;542.042;-16.8596;50.8036;2.78002;5.17213;0.278144;5.42729;10.8437;1;
544.044;542.542;-19.8051;53.1988;2.52141;5.30144;0.447601;3.79639;7.58517;1;
544.544;543.043;-21.4022;53.009;2.65072;4.78422;0.451797;1.60837;3.21352;1;
545.045;543.543;-27.1544;53.4775;2.39211;5.04283;0.398066;5.77124;11.5309;1;
545.545;544.044;-30.4677;53.8003;2.90932;5.30144;0.397217;3.32897;6.6513;1;
546.046;544.544;-32.9372;53.7871;2.58607;5.49539;0.461772;2.46957;4.93419;1;
546.546;545.045;-33.6772;53.3822;2.78002;2.78002;0.379188;0.843503;1.68532;1;
547.047;545.545;-33.862;53.1533;2.58607;1.22838;0.379429;0.294213;0.587838;1;
547.547;546.046;-34.5803;52.5795;2.39211;2.90932;0.288898;0.919332;1.83683;1;
548.048;546.546;-36.0913;51.542;2.84467;5.23678;0.248575;1.8329;3.66212;1;
548.548;547.047;-40.0573;48.9644;2.84467;5.68935;0.363327;4.73004;9.45064;1;
549.049;547.547;-41.5191;47.5549;2.71537;5.56004;0.402002;2.03068;4.05729;1;
549.549;548.048;-43.0702;45.5985;2.71537;5.43074;0.496157;2.49661;4.98824;1;
550.050;548.548;-44.4167;43.9897;2.52141;5.23678;0.456462;2.09788;4.19155;1;
550.550;549.049;-45.2432;42.4432;2.58607;4.84887;0.442669;1.7535;3.50349;1;
551.051;549.549;-47.0296;39.1669;2.32746;4.91353;0.449991;3.73175;7.45602;1;
551.551;550.050;-47.0899;35.8661;2.19816;4.52562;0.403474;3.30137;6.59615;1;
552.052;550.550;-48.3616;34.6707;2.65072;4.59027;0.279273;1.7453;3.48711;1;
552.552;551.051;-49.3027;33.1285;2.45676;5.10748;0.298683;1.8067;3.60979;1;
553.053;551.551;-49.4867;30.3001;2.52141;4.97818;0.179669;2.83431;5.66294;1;
553.553;552.052;-48.3869;26.5629;3.03863;5.56004;0.20425;3.89571;7.78363;1;
554.054;552.552;-47.8566;25.0282;2.97398;5.36609;0.229025;1.62373;3.24421;1;
554.554;553.053;-47.995;24.202;2.97398;2.84467;0.295419;0.837701;1.67373;1;
555.055;553.553;-48.1273;23.3293;2.90932;3.16793;0.216329;0.882693;1.76362;1;
555.555;554.054;-47.8869;23.0921;2.90932;1.55164;0.261265;0.33772;0.674766;1;
556.056;554.554;-47.6362;23.2442;2.26281;1.29303;0.14127;0.293301;0.586015;1;
556.556;555.055;-47.6311;22.9133;2.52141;1.16373;0.215225;0.330971;0.661281;1;
557.057;555.555;-46.7691;21.6111;2.39211;4.26701;0.419444;1.56167;3.12021;1;
557.557;556.056;-44.2059;17.9765;2.32746;4.71957;0.488358;4.44752;8.88614;1;
558.058;556.556;-42.1703;14.4538;2.65072;4.97818;0.293237;4.06857;8.129;1;
558.558;557.057;-40.9862;13.4884;2.71537;4.33166;0.31333;1.52774;3.05242;1;
559.059;557.557;-37.9811;11.3172;3.03863;5.754;0.323875;3.70737;7.40732;1;
559.559;558.058;-35.8765;9.3655;2.58607;5.62469;0.419726;2.87033;5.73492;1;
560.060;558.558;-33.5796;8.6068;2.71537;5.30144;0.369987;2.4189;4.83297;1;
560.560;559.059;-30.7084;7.7396;2.71537;5.43074;0.387803;2.99936;5.99272;1;
561.061;559.559;-27.3997;7.00971;2.65072;5.36609;0.432241;3.38824;6.7697;1;
561.561;560.060;-26.1676;6.50719;2.58607;3.68514;0.452797;1.33066;2.65865;1;
562.062;560.560;-26.3775;6.51231;2.45676;0.646517;0.273373;0.209986;0.419551;1;
562.562;561.061;-27.0154;6.73897;2.19816;2.32746;0.251521;0.676984;1.35262;1;
563.063;561.561;-26.0112;6.90612;2.58607;3.36189;0.360409;1.01801;2.03399;1;
563.563;562.062;-25.1736;8.49182;3.10328;5.30144;0.362813;1.79333;3.58309;1;
564.064;562.562;-23.2503;10.4295;2.52141;5.62469;0.355026;2.73013;5.4548;1;
564.564;563.063;-20.1567;11.1447;2.90932;5.43074;0.55909;3.17523;6.34412;1;
565.065;563.563;-16.6545;11.9117;2.26281;5.17213;0.419095;3.58518;7.16318;1;
565.565;564.064;-12.0408;13.4227;2.19816;4.46096;0.218168;4.85479;9.69988;1;
566.066;564.564;-7.61784;15.8239;2.45676;4.65492;0.529768;5.03274;10.0554;1;
566.566;565.065;-6.68833;16.9953;2.06885;3.8791;0.41225;1.49544;2.98789;1;
567.067;565.565;-7.25508;16.7463;2.65072;2.1335;0.20386;0.619062;1.23688;1;
567.567;566.066;-7.3405;18.4319;2.32746;4.97818;0.12335;1.68772;3.37207;1;
568.068;566.566;-7.94365;20.4276;2.58607;4.91353;0.410873;2.08486;4.16555;1;
568.568;567.067;-7.94506;21.5734;2.45676;3.62049;0.287197;1.14588;2.28947;1;
569.069;567.567;-8.49204;22.8981;1.81025;3.7498;0.618977;1.43319;2.8635;1;
569.569;568.068;-9.10518;24.2421;2.0042;3.29723;0.533712;1.47723;2.95152;1;
570.070;568.568;-8.9841;25.2445;2.0042;2.58607;0.618609;1.00962;2.01722;1;
570.570;569.069;-8.85091;25.798;2.0042;1.68094;0.541758;0.569333;1.13753;1;
571.071;569.569;-8.61839;28.8514;2.45676;4.46096;0.44641;3.06229;6.11844;1;
571.571;570.070;-7.01985;33.4814;2.58607;5.04283;0.400199;4.89819;9.7866;1;
572.072;570.570;-4.74035;38.0672;3.10328;5.68935;0.323879;5.12107;10.2319;1;
572.572;571.071;-5.49338;41.4055;3.03863;6.14191;0.382282;3.42221;6.83758;1;
573.073;571.571;-6.73733;44.232;2.65072;5.68935;0.421887;3.08811;6.17004;1;
573.573;572.072;-7.52829;45.3156;2.97398;4.07305;0.380582;1.34154;2.68041;1;
574.074;572.572;-8.77978;47.557;2.58607;5.56004;0.379421;2.56711;5.12908;1;
574.574;573.073;-10.5648;49.3871;2.71537;5.30144;0.254705;2.55648;5.10786;1;
575.075;573.573;-10.7158;49.2447;2.39211;0.840472;0.371242;0.207556;0.414697;1;
575.575;574.074;-11.9732;50.422;2.52141;4.52562;0.401837;1.72261;3.44179;1;
576.076;574.574;-13.465;51.0885;2.39211;4.52562;0.403194;1.6338;3.26433;1;
576.576;575.075;-14.2138;51.3713;2.39211;2.58607;0.377174;0.800526;1.59945;1;
577.077;575.575;-17.9627;52.8985;2.78002;5.17213;0.439438;4.048;8.08789;1;
577.577;576.076;-22.0164;53.3791;2.52141;5.30144;0.472429;4.0821;8.15605;1;
578.078;576.576;-26.5658;53.9283;2.52141;5.04283;0.332996;4.58241;9.15564;1;
578.578;577.077;-31.5851;53.7003;2.58607;5.10748;0.453501;5.02447;10.0389;1;
579.079;577.577;-32.9712;53.0857;2.84467;4.52562;0.368729;1.51627;3.02951;1;
579.579;578.078;-37.9654;50.6749;2.90932;5.754;0.502298;5.54559;11.0801;1;
580.080;578.578;-42.8605;46.1459;2.65072;5.56004;0.512395;6.66889;13.3244;1;
580.580;579.079;-46.2298;41.1912;2.58607;5.23678;0.249424;5.9917;11.9714;1;
581.081;579.579;-48.6724;34.751;3.10328;5.68935;0.262476;6.88788;13.762;1;
581.581;580.080;-49.0936;30.9358;2.58607;5.68935;0.299047;3.83838;7.66909;1;
582.082;580.580;-49.5006;29.7625;2.32746;3.49119;0.361039;1.24187;2.48125;1;
582.582;581.081;-49.5007;28.2796;2.32746;4.13771;0.223281;1.48296;2.96295;1;
583.083;581.581;-48.4887;29.3933;2.65072;4.33166;0.313222;1.5048;3.00658;1;
583.583;582.082;-48.0293;28.7801;2.39211;3.10328;0.399948;0.766159;1.53079;1;
584.084;582.582;-48.1754;27.5949;2.90932;3.8791;0.26801;1.19419;2.38599;1;
584.584;583.083;-47.3563;27.7151;2.26281;3.10328;0.422127;0.827835;1.65402;1;
585.085;583.583;-44.8883;27.5066;2.32746;4.59027;0.447263;2.4768;4.94864;1;
585.585;584.084;-45.6409;28.2286;2.97398;3.49119;0.431545;1.04296;2.08383;1;
586.086;584.584;-47.4426;31.8437;2.84467;5.81865;0.344527;4.0392;8.07031;1;
586.586;585.085;-48.4111;34.403;2.90932;5.754;0.419509;2.73637;5.46728;1;
587.087;585.585;-48.0753;36.9652;3.16793;6.07726;0.266472;2.58418;5.16319;1;
587.587;586.086;-47.3832;40.2669;2.45676;5.62469;0.456573;3.37345;6.74016;1;
588.088;586.586;-45.2757;43.3189;2.97398;5.43074;0.297452;3.70888;7.41033;1;
588.588;587.087;-43.8887;44.8993;2.45676;5.43074;0.411056;2.10273;4.20126;1;
589.089;587.587;-40.8613;47.8152;2.90932;5.36609;0.300584;4.20331;8.3982;1;
589.589;588.088;-37.0988;50.7898;2.58607;5.49539;0.352014;4.79639;9.58319;1;
590.090;588.588;-33.1629;52.7024;2.84467;5.43074;0.445282;4.37591;8.74305;1;
590.590;589.089;-30.4432;54.1945;3.03863;5.8833;0.468727;3.10211;6.19802;1;
591.091;589.589;-26.9719;54.7767;2.97398;6.0126;0.321311;3.51979;7.03253;1;
591.591;590.090;-23.4072;55.2475;2.65072;5.62469;0.28053;3.59573;7.18428;1;
592.092;590.590;-19.4466;54.1616;2.71537;5.36609;0.354959;4.10678;8.20533;1;
592.592;591.091;-15.3036;52.2199;3.16793;5.8833;0.472274;4.57539;9.14163;1;
593.093;591.591;-11.0895;49.4623;2.78002;5.94795;0.295846;5.03616;10.0622;1;
593.593;592.092;-8.77631;47.8323;2.78002;5.56004;0.301012;2.82986;5.65407;1;
594.094;592.592;-8.60187;47.4665;2.26281;1.42234;0.255781;0.405241;0.809672;1;
594.594;593.093;-8.28008;47.3347;2.71537;1.09908;0.429588;0.347742;0.69479;1;
595.095;593.593;-7.87565;47.0632;2.78002;1.61629;0.4056;0.487073;0.973171;1;
595.595;594.094;-6.60478;45.483;2.52141;5.30144;0.303827;2.02789;4.05173;1;
596.096;594.594;-4.5136;41.7802;2.65072;5.17213;0.249091;4.25245;8.49638;1;
596.596;595.095;-4.37953;41.2263;2.58607;2.1335;0.28146;0.569903;1.13867;1;
597.097;595.595;-2.96645;39.3947;2.52141;5.10748;0.326444;2.31333;4.62204;1;
597.597;596.096;-1.81886;34.56;2.32746;4.84887;0.294451;4.9691;9.92826;1;
598.098;596.596;-1.44569;29.0228;1.81025;4.13771;0.413845;5.54977;11.0884;1;
598.598;597.097;-1.95644;25.2515;2.71537;4.52562;0.199689;3.80565;7.6037;1;
599.099;597.597;-3.27888;21.0776;2.39211;5.10748;0.438747;4.37845;8.74814;1;
599.599;598.098;-5.52987;17.3092;2.26281;4.65492;0.263618;4.3895;8.77023;1;
600.100;598.598;-9.20658;13.2749;2.19816;4.46096;0.462499;5.45838;10.9058;1;
600.600;599.099;-12.8087;10.431;2.58607;4.78422;0.304093;4.58942;9.16966;1;
601.101;599.599;-17.519;8.03907;2.78002;5.36609;0.4171;5.28282;10.5551;1;
601.601;600.100;-21.1223;7.05591;2.58607;5.36609;0.357724;3.73505;7.46263;1;
602.102;600.600;-21.4329;7.09755;2.58607;1.16373;0.369605;0.313411;0.626194;1;
602.602;601.101;-21.7849;6.77088;2.71537;1.68094;0.422942;0.480217;0.959475;1;
603.103;601.601;-21.9934;6.62243;2.65072;0.969775;0.463058;0.255897;0.511282;1;
603.603;602.102;-24.3995;6.39227;2.32746;4.97818;0.428226;2.41707;4.8293;1;
604.104;602.602;-28.4727;6.38275;2.84467;5.17213;0.325769;4.07324;8.13832;1;
604.604;603.103;-32.7439;7.6882;3.10328;5.94795;0.498714;4.46629;8.92366;1;
605.105;603.603;-36.9032;9.35922;2.52141;5.62469;0.365591;4.48242;8.95588;1;
605.605;604.104;-40.0665;11.5806;2.78002;5.30144;0.47478;3.86536;7.72299;1;
606.106;604.604;-42.2507;14.068;2.58607;5.36609;0.371931;3.31023;6.61382;1;
606.606;605.105;-44.7695;17.8526;2.52141;5.10748;0.349729;4.54619;9.08329;1;
607.107;605.605;-46.9716;22.2653;2.32746;4.84887;0.415657;4.93164;9.85341;1;
607.607;606.106;-48.5371;25.1901;2.90932;5.23678;0.29317;3.31748;6.62832;1;
608.108;606.606;-48.7096;26.7156;2.65072;4.78422;0.301645;1.53515;3.06723;1;
608.608;607.107;-48.7273;29.653;2.71537;5.36609;0.381216;2.93747;5.86908;1;
609.109;607.607;-48.802;34.3684;2.58607;5.30144;0.401337;4.71602;9.4226;1;
609.609;608.108;-48.2935;37.2913;3.16793;5.754;0.24194;2.96682;5.92771;1;
610.110;608.608;-48.1764;38.2039;2.90932;3.36189;0.347977;0.92008;1.83832;1;
610.610;609.109;-48.2233;38.7558;2.90932;2.32746;0.300462;0.553899;1.10669;1;
611.111;609.609;-47.7331;40.508;2.84467;5.23678;0.330084;1.81943;3.63522;1;
611.611;610.110;-46.7886;42.6684;2.32746;5.17213;0.466785;2.35787;4.71102;1;
612.112;610.610;-45.0148;45.2179;2.39211;4.71957;0.361229;3.10583;6.20545;1;
612.612;611.111;-43.1128;46.8733;3.16793;5.56004;0.324363;2.52157;5.03811;1;
613.113;611.611;-41.0142;48.8223;2.58607;5.754;0.334297;2.86398;5.72223;1;
613.613;612.112;-37.5236;50.7185;2.84467;5.43074;0.214088;3.97236;7.93678;1;
614.114;612.612;-36.6462;51.1606;2.58607;3.49119;0.433086;0.98249;1.96301;1;
614.614;613.113;-36.1605;51.2254;2.65072;1.8749;0.427333;0.490035;0.979091;1;
615.115;613.613;-36.3647;50.8746;2.52141;1.42234;0.392115;0.405978;0.811143;1;
615.615;614.114;-36.4042;50.6888;2.39211;0.646517;0.435654;0.189956;0.379532;1;
616.116;614.614;-36.3223;51.1203;2.19816;1.48699;0.477999;0.439211;0.877542;1;
616.616;615.115;-36.38;50.9435;2.19816;0.646517;0.440729;0.185907;0.371443;1;
617.117;615.615;-36.6109;50.4526;2.26281;1.8749;0.53945;0.542572;1.08406;1;
617.617;616.116;-36.4573;51.2109;2.52141;2.32746;0.466605;0.773748;1.54595;1;
618.118;616.616;-34.0215;52.8028;2.52141;5.04283;0.379331;2.90976;5.8137;1;
618.618;617.117;-29.5614;53.6927;2.65072;5.17213;0.382273;4.5481;9.08712;1;
619.119;617.617;-25.3482;54.4991;3.03863;5.68935;0.523634;4.28967;8.57075;1;
619.619;618.118;-21.8612;54.2407;2.71537;5.754;0.245565;3.49652;6.98605;1;
620.120;618.618;-17.8011;52.915;3.10328;5.81865;0.419222;4.27111;8.53366;1;
620.620;619.119;-14.1669;51.6473;2.71537;5.81865;0.358164;3.84893;7.69017;1;
621.121;619.619;-9.8631;48.6839;2.78002;5.49539;0.47737;5.22534;10.4402;1;
621.621;620.120;-7.09229;45.1923;2.52141;5.30144;0.284041;4.4574;8.90589;1;
622.122;620.620;-5.10777;40.755;2.97398;5.49539;0.266901;4.8609;9.71207;1;
622.622;621.121;-3.17764;36.6492;2.71537;5.68935;0.347081;4.53687;9.06468;1;
623.123;621.621;-2.37988;34.4875;2.78002;5.49539;0.397764;2.3042;4.6038;1;
623.623;622.122;-2.52605;34.7481;2.26281;1.16373;0.479351;0.298859;0.597122;1;
624.124;622.622;-2.56346;34.7754;2.39211;0.517213;0.400093;0.0462799;0.0924671;1;
624.624;623.123;-2.67352;34.784;2.52141;0.38791;0.400482;0.110398;0.220576;1;
625.125;623.623;-2.78716;34.8232;2.39211;0.517213;0.432083;0.12019;0.24014;1;
625.625;624.124;-2.95458;34.843;2.32746;0.711168;0.467558;0.168602;0.336867;1;
626.126;624.624;-3.23701;34.5624;2.32746;1.42234;0.416469;0.398176;0.795555;1;
626.626;625.125;-3.2645;34.4786;2.65072;0.840472;0.335411;0.088173;0.17617;1;
627.127;625.625;-2.34449;32.1373;2.90932;5.56004;0.255925;2.51553;5.02602;1;
627.627;626.126;-2.25342;28.56;2.90932;5.81865;0.281163;3.57854;7.14994;1;
628.128;626.626;-3.14555;23.5237;2.39211;5.30144;0.414989;5.11468;10.2191;1;
628.628;627.127;-5.28502;18.415;2.65072;5.04283;0.282443;5.53863;11.0662;1;
629.129;627.627;-7.4974;14.7628;2.71537;5.36609;0.247198;4.27003;8.53151;1;
629.629;628.128;-8.7202;13.4704;2.1335;4.46096;0.399952;1.77919;3.55483;1;
630.130;628.628;-10.9176;11.8711;2.26281;4.39631;0.289721;2.71776;5.43007;1;
630.630;629.129;-15.3527;8.92462;2.58607;4.84887;0.337607;5.32462;10.6386;1;
631.131;629.629;-20.2523;6.77327;2.71537;5.30144;0.341753;5.35113;10.6915;1;
631.631;630.130;-24.593;6.61959;2.32746;5.04283;0.471496;4.3434;8.67813;1;
632.132;630.630;-29.6025;7.07221;2.45676;4.78422;0.279119;5.02997;10.0499;1;
632.632;631.131;-33.1572;7.86587;2.78002;5.23678;0.345862;3.64221;7.27715;1;
633.133;631.631;-34.9924;8.14319;2.39211;4.91353;0.450848;1.85605;3.70839;1;
633.633;632.132;-36.1907;7.99842;2.45676;3.29723;0.388401;1.20693;2.41144;1;
634.134;632.632;-37.5044;8.47693;2.71537;3.7498;0.440525;1.39815;2.79349;1;
634.634;633.133;-38.0605;9.04408;2.84467;2.58607;0.447283;0.794314;1.58704;1;
635.135;633.633;-38.3728;9.28433;2.65072;1.35768;0.467145;0.39399;0.787191;1;
635.635;634.134;-38.3047;9.6355;1.68094;1.61629;0.486833;0.357704;0.714694;1;
636.136;634.634;-38.2862;9.60369;1.48699;0.193955;0.548466;0.0368215;0.0735692;1;
636.636;635.135;-38.7588;9.95879;1.8749;1.42234;0.43558;0.591127;1.18107;1;
637.137;635.635;-39.1538;9.86323;2.32746;1.61629;0.493121;0.406421;0.812029;1;
637.637;636.136;-39.1737;9.89314;2.32746;0.129303;0.465781;0.0359519;0.0718319;1;
638.138;636.636;-39.3008;9.96525;2.58607;0.77582;0.405908;0.146074;0.291855;1;
638.638;637.137;-39.1513;9.72059;2.58607;0.905123;0.422734;0.286718;0.572862;1;
639.139;637.637;-38.3996;9.14831;2.84467;2.84467;0.365716;0.944721;1.88755;1;
639.639;638.138;-37.7286;8.58629;2.78002;2.90932;0.452166;0.875305;1.74886;1;
640.140;638.638;-37.6593;8.41565;2.65072;0.646517;0.441481;0.184175;0.367982;1;
640.640;639.139;-37.5225;8.34389;2.52141;0.517213;0.548946;0.154423;0.308537;1;
641.141;639.639;-37.4435;8.2213;2.52141;0.517213;0.478156;0.14586;0.291428;1;
641.641;640.140;-37.1211;8.00756;2.19816;1.22838;0.5231;0.386789;0.772805;1;
642.142;640.640;-37.0997;8.15981;2.32746;0.646517;0.445853;0.153742;0.307177;1;
642.642;641.141;-37.2043;8.27384;2.32746;0.517213;0.365295;0.154766;0.309222;1;
643.143;641.641;-37.339;8.37419;2.26281;0.711168;0.364073;0.16795;0.335564;1;
643.643;642.142;-37.233;8.20197;2.52141;1.03443;0.335514;0.202235;0.404065;1;
644.144;642.642;-37.1213;8.17214;2.26281;0.517213;0.489671;0.115642;0.231052;1;
644.644;643.143;-37.0619;8.19417;2.32746;0.323258;0.503458;0.0632893;0.126452;1;
645.145;643.643;-37.0619;8.19417;2.32746;0;0.503458;0;0;1;
645.645;644.144;-37.07;8.27603;2.19816;0.38791;0.397108;0.0822549;0.164345;1;
646.146;644.644;-36.7302;9.32964;2.45676;3.62049;0.442246;1.10706;2.2119;1;
646.646;645.145;-36.6391;10.4588;2.45676;3.62049;0.459273;1.13287;2.26348;1;
647.147;645.645;-36.8934;11.4759;2.45676;2.97398;0.459273;1.04837;2.09464;1;
647.647;646.146;-38.5652;13.979;2.71537;5.17213;0.358188;3.01011;6.0142;1;
648.148;646.646;-41.6235;16.7308;2.26281;4.97818;0.370811;4.114;8.21977;1;
648.648;647.147;-44.4599;20.7331;2.45676;4.71957;0.413055;4.90555;9.8013;1;
649.149;647.647;-45.6972;26.2548;2.90932;5.36609;0.410552;5.65857;11.3058;1;
649.649;648.148;-46.725;31.7957;2.52141;5.43074;0.424366;5.63542;11.2596;1;
650.150;648.648;-47.0563;37.4552;2.32746;4.84887;0.499362;5.66921;11.3271;1;
650.650;649.149;-46.378;40.7372;2.58607;4.91353;0.408613;3.35135;6.69601;1;
651.151;649.649;-45.5248;42.6063;3.10328;5.56004;0.194718;2.0546;4.10509;1;
651.651;650.150;-42.391;47.0774;2.58607;5.68935;0.406784;5.46001;10.9091;1;
652.152;650.650;-40.2347;48.8949;2.58607;5.17213;0.30092;2.82009;5.63454;1;
652.652;651.151;-37.5239;51.3942;2.78002;5.36609;0.310874;3.68714;7.36692;1;
653.153;651.651;-37.0643;51.6586;2.39211;1.93955;0.470511;0.530191;1.05932;1;
653.653;652.152;-37.0514;51.5842;2.06885;0.581865;0.306915;0.0755058;0.150861;1;
654.154;652.652;-37.0303;51.5708;2.0042;0.0646517;0.37064;0.0249236;0.0497973;1;
654.654;653.153;-37.1983;51.3939;2.06885;0.711168;0.304029;0.243957;0.487427;1;
655.155;653.653;-37.1677;51.114;2.45676;1.42234;0.363729;0.281553;0.562542;1;
655.655;654.154;-37.0484;51.264;2.58607;0.77582;0.444074;0.19163;0.382877;1;
656.156;654.654;-36.0302;51.6964;2.65072;3.42654;0.426066;1.10622;2.21023;1;
656.656;655.155;-34.7377;52.0203;2.52141;3.7498;0.459691;1.33249;2.66231;1;
657.157;655.655;-33.8429;52.8056;2.65072;3.23258;0.474421;1.19051;2.37865;1;
657.657;656.156;-31.441;54.3832;2.39211;5.04283;0.396737;2.87368;5.74162;1;
658.158;656.656;-29.8131;54.5326;2.65072;4.39631;0.290215;1.63472;3.26616;1;
658.658;657.157;-28.3259;54.3649;2.58607;4.20236;0.473916;1.49665;2.99031;1;
659.159;657.657;-26.6411;54.3367;2.71537;4.52562;0.371186;1.6851;3.36682;1;
659.659;658.158;-23.4213;54.5999;2.65072;5.36609;0.533503;3.23051;6.45456;1;
660.160;658.658;-20.0371;53.4322;2.78002;5.43074;0.446;3.58001;7.15285;1;
660.660;659.159;-16.6107;52.1165;2.71537;5.49539;0.31707;3.67024;7.33316;1;
661.161;659.659;-12.6286;49.2459;2.65072;5.36609;0.487273;4.90897;9.8081;1;
661.661;660.160;-9.1551;46.6453;2.52141;5.17213;0.397123;4.33913;8.66959;1;
662.162;660.660;-7.18155;44.1123;3.03863;5.56004;0.183581;3.21108;6.41574;1;
662.662;661.161;-5.21677;40.7797;2.97398;6.0126;0.346483;3.86865;7.72957;1;
663.163;661.661;-3.80302;38.7475;2.45676;5.43074;0.290514;2.47566;4.94637;1;
663.663;662.162;-4.30495;39.018;2.39211;2.1335;0.288429;0.570191;1.13924;1;
664.164;662.662;-4.65472;39.1981;2.71537;1.61629;0.340791;0.393439;0.786091;1;
664.664;663.163;-4.93894;38.8605;2.84467;1.81025;0.216382;0.441351;0.88182;1;
665.165;663.663;-4.98414;38.0578;2.90932;3.03863;0.240401;0.80392;1.60623;1;
665.665;664.164;-3.65892;33.7778;2.32746;5.23678;0.443273;4.48045;8.95196;1;
666.166;664.664;-2.82136;31.532;2.65072;4.97818;0.304596;2.39695;4.78911;1;
666.666;665.165;-3.44238;32.186;2.32746;2.78002;0.387125;0.901868;1.80193;1;
667.167;665.665;-3.98195;33.5585;2.45676;4.39631;0.411958;1.47481;2.94668;1;
667.667;666.166;-3.56428;36.5024;2.52141;4.97818;0.467416;2.97339;5.94085;1;
668.168;666.666;-4.28834;38.9251;2.58607;5.10748;0.33162;2.52859;5.05212;1;
668.668;667.167;-4.64652;40.2275;2.78002;3.94375;0.332515;1.3507;2.69871;1;
669.169;667.667;-4.77659;40.6373;2.58607;1.8749;0.128168;0.429959;0.859057;1;
669.669;668.168;-4.84422;41.2935;2.65072;2.65072;0.330418;0.659706;1.31809;1;
670.170;668.668;-4.95103;41.6646;2.90932;1.93955;0.383613;0.386104;0.771435;1;
670.670;669.169;-4.8888;41.943;3.03863;1.16373;0.298204;0.285288;0.570006;1;
671.171;669.669;-4.8605;41.5938;3.16793;1.55164;0.216851;0.350302;0.699902;1;
671.671;670.170;-5.30866;40.906;2.90932;3.36189;0.353552;0.820924;1.64021;1;
672.172;670.670;-5.64025;40.4444;2.39211;2.32746;0.372076;0.568351;1.13556;1;
672.672;671.171;-5.76809;40.5446;2.52141;1.16373;0.440304;0.162404;0.324484;1;
673.173;671.671;-5.17672;40.0285;2.84467;2.90932;0.48134;0.784903;1.56823;1;
673.673;672.172;-4.55985;39.6165;2.26281;2.65072;0.250289;0.741807;1.48213;1;
674.174;672.672;-4.24086;39.4191;2.45676;1.35768;0.367617;0.37513;0.749509;1;
674.674;673.173;-4.01353;39.1836;2.19816;1.16373;0.286524;0.327312;0.65397;1;
675.175;673.673;-3.94565;39.1066;2.1335;0.452562;0.397045;0.102637;0.205069;1;
675.675;674.174;-4.01611;39.0544;2.32746;0.452562;0.296648;0.0876911;0.175207;1;
676.176;674.674;-4.15487;39.2216;2.1335;0.840472;0.559028;0.217255;0.434075;1;
676.676;675.175;-4.00047;39.2193;2.65072;0.905123;0.345638;0.15442;0.308532;1;
677.177;675.675;-4.08057;39.1489;2.71537;0.581865;0.388129;0.106617;0.213021;1;
677.677;676.176;-3.69272;37.744;2.58607;4.91353;0.398055;1.45744;2.91196;1;
678.178;676.676;-2.91643;35.3459;2.65072;5.23678;0.379937;2.52066;5.03627;1;
678.678;677.177;-2.75528;34.8978;2.65072;1.81025;0.341082;0.476201;0.951451;1;
679.179;677.677;-2.70638;34.2691;3.10328;2.39211;0.345832;0.630531;1.2598;1;
679.679;678.178;-2.05817;32.765;2.90932;5.36609;0.222753;1.63786;3.27244;1;
680.180;678.678;-1.76292;30.6883;2.32746;5.23678;0.499362;2.09757;4.19095;1;
680.680;679.179;-1.84634;28.8983;2.39211;4.46096;0.299711;1.79192;3.58025;1;
681.181;679.679;-2.02425;26.585;2.71537;5.10748;0.308494;2.32016;4.63568;1;
681.681;680.180;-2.96808;23.6729;2.39211;5.10748;0.316317;3.06125;6.11638;1;
682.182;680.680;-4.20532;19.584;2.19816;4.59027;0.39652;4.27203;8.5355;1;
682.682;681.181;-5.41965;16.5462;2.45676;4.65492;0.29743;3.2715;6.53646;1;
683.183;681.681;-5.97527;15.8917;1.74559;2.52141;0.384786;0.858537;1.71536;1;
683.683;682.182;-6.09072;15.8639;1.42234;0.452562;0.486179;0.118735;0.237233;1;
684.184;682.682;-6.0346;15.9815;1.29303;0.258607;0.376234;0.130307;0.260353;1;
684.684;683.183;-6.15962;15.8832;1.8749;0.711168;0.447994;0.159043;0.317769;1;
685.185;683.683;-6.17398;15.7495;2.06885;0.323258;0.425747;0.134495;0.26872;1;
685.685;684.184;-6.28355;15.3291;2.32746;1.29303;0.484248;0.43439;0.867913;1;
686.186;684.684;-6.58975;14.8844;2.39211;1.74559;0.45727;0.539959;1.07884;1;
686.686;685.185;-7.22043;14.3175;2.90932;2.71537;0.335252;0.848034;1.69437;1;
687.187;685.685;-9.67651;12.2034;2.65072;5.56004;0.320905;3.24063;6.47478;1;
687.687;686.186;-10.4838;11.8284;2.58607;3.03863;0.164743;0.890148;1.77852;1;
688.188;686.686;-10.3025;12.1268;2.78002;1.35768;0.344723;0.349123;0.697547;1;
688.688;687.187;-10.0308;12.404;2.65072;1.42234;0.327086;0.388146;0.775516;1;
689.189;687.687;-9.92359;12.0999;2.58607;1.61629;0.210267;0.3224;0.644155;1;
689.689;688.188;-10.059;11.8119;2.84467;1.03443;0.394038;0.318306;0.635977;1;
690.190;688.688;-10.6262;11.0606;2.19816;2.71537;0.332755;0.94137;1.88086;1;
690.690;689.189;-10.7797;10.8895;1.35768;0.840472;0.51275;0.229799;0.459138;1;
691.191;689.689;-10.793;10.9795;1.68094;0.323258;0.433643;0.0909448;0.181707;1;
691.691;690.190;-10.9309;10.9052;1.61629;0.323258;0.469163;0.15661;0.312908;1;
692.192;690.690;-11.0107;10.7771;2.06885;0.452562;0.593934;0.150896;0.301491;1;
692.692;691.191;-11.4891;10.747;2.1335;1.61629;0.512318;0.479347;0.957736;1;
693.193;691.691;-13.9423;9.60281;2.39211;4.52562;0.466247;2.70692;5.40842;1;
693.693;692.192;-17.4124;8.2213;2.78002;5.17213;0.253806;3.73501;7.46256;1;
694.194;692.692;-20.7577;6.9232;2.52141;5.30144;0.43843;3.58831;7.16943;1;
694.694;693.193;-24.7896;6.83744;2.65072;5.17213;0.454651;4.03278;8.0575;1;
695.195;693.693;-28.9319;7.24509;2.65072;5.30144;0.421372;4.16239;8.31645;1;
695.695;694.194;-30.7024;7.78562;2.65072;5.04283;0.357153;1.85109;3.69849;1;
696.196;694.694;-34.5016;8.54972;2.52141;5.17213;0.493379;3.87532;7.74287;1;
696.696;695.195;-36.5839;9.40926;2.71537;5.23678;0.324995;2.2527;4.5009;1;
697.197;695.695;-38.9172;10.8199;2.39211;5.10748;0.337523;2.72664;5.44782;1;
697.697;696.196;-41.7968;13.5882;2.78002;5.17213;0.437094;3.99445;7.98092;1;
698.198;696.696;-42.832;14.6235;2.90932;4.13771;0.412284;1.46399;2.92505;1;
698.698;697.197;-42.8101;14.8732;2.71537;0.969775;0.4444;0.250649;0.500797;1;
699.199;697.697;-42.7319;15.0112;2.06885;0.905123;0.37945;0.158567;0.316816;1;
699.699;698.198;-43.2404;15.0112;2.06885;1.29303;0.37945;0.508534;1.01605;1;
700.200;698.698;-42.9644;15.0575;1.81025;0.77582;0.422434;0.279889;0.559218;1;
700.700;699.199;-42.7712;15.0452;1.8749;0.581865;0.575822;0.193636;0.386885;1;
701.201;699.699;-42.5995;15.2321;1.8749;0.77582;0.383653;0.253784;0.507059;1;
701.701;700.200;-42.3763;15.0285;2.58607;1.22838;0.487857;0.302076;0.603549;1;
702.202;700.700;-42.2115;14.989;2.39211;1.22838;0.431456;0.169507;0.338674;1;
702.702;701.201;-42.3312;15.208;2.65072;0.905123;0.407004;0.249605;0.498711;1;
703.203;701.701;-43.1662;16.2394;3.10328;4.33166;0.384292;1.32703;2.65139;1;
703.703;702.202;-44.1012;17.0345;2.65072;3.81445;0.325938;1.22735;2.45224;1;
704.204;702.702;-44.9972;17.5764;2.45676;2.90932;0.414193;1.0472;2.0923;1;
704.704;703.203;-45.6446;17.8805;2.52141;2.0042;0.461959;0.715232;1.42904;1;
705.205;703.703;-45.772;17.9918;1.93955;0.711168;0.300828;0.169193;0.338046;1;
705.705;704.204;-45.8358;18.1377;1.09908;0.840472;0.361833;0.159227;0.318135;1;
706.206;704.704;-46.0393;18.3004;1.29303;0.581865;0.436712;0.260496;0.520471;1;
706.706;705.205;-45.9668;18.468;1.48699;0.711168;0.514282;0.182531;0.364698;1;
707.207;705.705;-46.1434;18.5706;1.42234;0.452562;0.609227;0.204251;0.408093;1;
707.707;706.206;-46.2602;18.8404;1.55164;0.646517;0.595364;0.293983;0.587379;1;
708.208;706.706;-46.3423;19.0891;1.8749;0.969775;0.471285;0.261927;0.523329;1;
708.708;707.207;-47.0865;19.959;2.1335;2.71537;0.508421;1.14481;2.28734;1;
709.209;707.707;-47.813;20.5787;2.52141;2.71537;0.3827;0.954872;1.90783;1;
709.709;708.208;-48.9615;22.0168;2.58607;5.10748;0.431243;1.84048;3.67728;1;
710.210;708.708;-49.5531;24.1754;1.8749;4.33166;0.70055;2.23822;4.47197;1;
710.710;709.209;-49.3476;25.6178;2.19816;3.29723;0.54602;1.45697;2.91102;1;
711.211;709.709;-49.4269;28.3436;2.45676;4.65492;0.493064;2.72688;5.44829;1;
711.711;710.210;-49.4456;31.2303;2.65072;5.10748;0.344509;2.88679;5.76782;1;
712.212;710.710;-49.3669;32.3571;2.39211;3.36189;0.43453;1.12954;2.25682;1;
712.712;711.211;-48.7905;34.9314;2.65072;5.04283;0.373713;2.63808;5.27088;1;
713.213;711.711;-48.4122;35.8131;2.90932;3.49119;0.33634;0.959421;1.91692;1;
713.713;712.212;-47.0893;38.9936;2.58607;5.49539;0.409285;3.44467;6.88245;1;
714.214;712.712;-45.1209;43.0707;2.84467;5.43074;0.364631;4.52731;9.04557;1;
714.714;713.213;-44.4543;44.4478;2.45676;4.26701;0.506427;1.53;3.05695;1;
715.215;713.713;-42.7658;46.113;3.10328;5.56004;0.336107;2.37153;4.73831;1;
715.715;714.214;-40.0919;49.1508;2.97398;6.07726;0.262806;4.04692;8.08576;1;
716.216;714.714;-37.2046;51.5204;2.45676;5.43074;0.370304;3.73522;7.46296;1;
716.716;715.215;-35.5614;52.5793;2.90932;5.10748;0.389043;1.9548;3.90569;1;
717.217;715.715;-31.4851;54.0203;2.45676;5.36609;0.503544;4.32352;8.63839;1;
717.717;716.216;-28.7352;54.5312;2.58607;5.04283;0.413622;2.79695;5.58831;1;
718.218;716.716;-26.2873;54.6918;2.39211;4.97818;0.543784;2.45317;4.90142;1;
718.718;717.217;-25.2547;54.6936;2.97398;3.29723;0.502415;1.0326;2.06314;1;
719.219;717.717;-24.6657;54.7503;2.1335;2.0042;0.263922;0.591724;1.18226;1;
719.719;718.218;-24.5808;54.6292;2.32746;0.581865;0.274548;0.147956;0.295617;1;
720.220;718.718;-23.9858;54.7605;2.71537;1.81025;0.442677;0.609271;1.21732;1;
720.720;719.219;-23.3222;54.7793;2.45676;2.19816;0.417286;0.66392;1.32651;1;
721.221;719.719;-22.6789;54.5888;3.03863;2.39211;0.496136;0.670933;1.34052;1;
721.721;720.220;-20.2857;54.1171;2.97398;6.0126;0.585755;2.43923;4.87359;1;
722.222;720.720;-18.7813;53.1992;2.58607;5.04283;0.288181;1.76231;3.52109;1;
722.722;721.221;-14.1966;50.811;2.90932;5.49539;0.356736;5.16945;10.3286;1;
723.223;721.721;-12.9003;50.4202;2.84467;4.07305;0.345784;1.35386;2.70501;1;
723.723;722.222;-12.8032;50.4815;2.97398;0.517213;0.473879;0.114893;0.229557;1;
724.224;722.722;-13.0724;50.519;2.52141;0.969775;0.44056;0.271841;0.543137;1;
724.724;723.223;-13.0768;50.4942;2.65072;0.38791;0.410601;0.0251207;0.0501913;1;
725.225;723.723;-13.2059;50.3912;2.39211;1.03443;0.372076;0.165168;0.330005;1;
725.725;724.224;-13.4279;50.2557;2.58607;0.969775;0.213611;0.260123;0.519727;1;
726.226;724.724;-13.2032;48.4759;2.65072;4.97818;0.365142;1.79392;3.58426;1;
726.726;725.225;-12.991;45.7374;2.58607;5.23678;0.330089;2.74677;5.48805;1;
727.227;725.725;-12.0918;42.6321;2.39211;4.97818;0.302463;3.23284;6.45921;1;
727.727;726.226;-8.73908;39.3898;2.45676;4.84887;0.405567;4.66403;9.31875;1;
728.228;726.726;-6.85442;37.1815;2.52141;4.97818;0.295334;2.90317;5.80052;1;
728.728;727.227;-4.92907;35.9788;2.84467;5.36609;0.484049;2.27015;4.53577;1;
729.229;727.727;-3.1965;32.3697;2.26281;5.10748;0.306324;4.00336;7.99871;1;
729.729;728.228;-2.45509;31.3568;2.65072;3.49119;0.402038;1.25531;2.50811;1;
730.230;728.728;-1.86123;30.5731;2.26281;2.97398;0.241501;0.98329;1.96461;1;
730.730;729.229;-2.28472;27.9288;3.03863;5.30144;0.105291;2.67792;5.3505;1;
731.231;729.729;-2.66451;25.0837;2.84467;5.8833;0.317681;2.87037;5.73498;1;
731.731;730.230;-4.34585;20.2142;2.06885;4.91353;0.180743;5.15157;10.2929;1;
732.232;730.730;-6.64833;16.1983;1.74559;3.81445;0.260298;4.62915;9.24904;1;
732.732;731.231;-8.58453;14.0885;2.26281;4.0084;0.298207;2.86361;5.72151;1;
733.233;731.731;-11.5563;11.4933;2.26281;4.52562;0.296238;3.94546;7.88302;1;
733.733;732.232;-16.8198;8.37419;2.39211;4.65492;0.395268;6.11826;12.2243;1;
734.234;732.732;-22.6059;6.76986;2.84467;5.23678;0.410004;6.00438;11.9967;1;
734.734;733.233;-24.1806;6.35848;2.19816;4.39631;0.42163;1.62753;3.25182;1;
735.235;733.733;-25.1764;6.37521;2.84467;2.84467;0.536814;0.995935;1.98988;1;
735.735;734.234;-25.7369;6.01925;2.45676;2.58607;0.307565;0.664007;1.32669;1;
736.236;734.734;-25.7965;5.98837;2.45676;0.38791;0.128222;0.0671286;0.134123;1;
736.736;735.235;-25.7192;6.14395;2.32746;0.905123;0.321413;0.17375;0.347153;1;
737.237;735.735;-25.707;6.17412;2.32746;0.258607;0.194496;0.032522;0.064979;1;
737.737;736.236;-25.1564;6.2959;2.45676;1.81025;0.543223;0.563911;1.1267;1;
738.238;736.736;-25.0071;6.17869;2.65072;0.840472;0.403918;0.189803;0.379227;1;
738.738;737.237;-24.926;6.4273;2.45676;1.09908;0.362477;0.261524;0.522525;1;
739.239;737.737;-24.7819;6.39754;2.52141;0.452562;0.432794;0.147105;0.293916;1;
739.739;738.238;-24.7104;6.41982;2.32746;0.193955;0.365814;0.0749121;0.149674;1;
740.240;738.738;-25.0061;6.37906;2.45676;0.77582;0.517173;0.298485;0.596372;1;
740.740;739.239;-25.016;6.62072;2.39211;0.969775;0.497336;0.241858;0.483234;1;
741.241;739.739;-24.5813;6.56965;1.8749;1.16373;0.3335;0.437634;0.874393;1;
741.741;740.240;-24.5052;6.51077;2.45676;0.840472;0.351318;0.0962485;0.192305;1;
742.242;740.740;-24.4997;6.58445;2.19816;0.258607;0.474141;0.0738839;0.14762;1;
742.742;741.241;-24.617;6.60012;2.26281;0.711168;0.457565;0.118369;0.236502;1;
743.243;741.741;-24.5653;6.64445;2.1335;0.129303;0.392112;0.0680767;0.136017;1;
743.743;742.242;-24.6764;6.72395;2.52141;0.646517;0.406824;0.136622;0.27297;1;
744.244;742.742;-24.6529;6.74749;2.52141;0.129303;0.376109;0.0332952;0.0665237;1;
744.744;743.243;-24.4805;6.86002;2.26281;0.77582;0.391461;0.205842;0.411273;1;
745.245;743.743;-24.1277;7.15264;2.1335;1.42234;0.535554;0.458379;0.91584;1;
745.745;744.244;-24.0643;7.54482;2.45676;1.35768;0.440488;0.397273;0.793753;1;
746.246;744.744;-24.081;7.55217;2.52141;0.193955;0.400837;0.0182346;0.0364328;1;
746.746;745.245;-24.0429;7.56055;2.32746;0.193955;0.437867;0.038994;0.0779101;1;
747.247;745.745;-24.1338;7.47699;2.39211;0.581865;0.350188;0.12344;0.246632;1;
747.747;746.246;-23.851;7.51628;2.06885;0.969775;0.407267;0.285493;0.570415;1;
748.248;746.746;-23.5898;7.42768;2.45676;1.03443;0.352383;0.275822;0.551091;1;
748.748;747.247;-23.8457;7.11774;2.26281;1.35768;0.392668;0.401945;0.803087;1;
749.249;747.747;-23.7172;7.27459;2.45676;0.711168;0.377724;0.202799;0.405192;1;
749.749;748.248;-24.1517;7.18259;2.19816;1.29303;0.462968;0.444196;0.887505;1;
750.250;748.748;-24.6574;6.89943;2.39211;1.8749;0.488948;0.579507;1.15785;1;
750.750;749.249;-24.659;6.54411;2.45676;1.61629;0.480159;0.355325;0.709941;1;
751.251;749.749;-24.8883;6.30488;2.52141;1.61629;0.407837;0.331403;0.662143;1;
751.751;750.250;-24.9248;5.99937;2.45676;1.35768;0.437356;0.307677;0.614739;1;
752.252;750.750;-24.9878;5.87451;2.26281;0.581865;0.657719;0.139874;0.279468;1;
752.752;751.251;-24.8795;5.85367;2.26281;0.258607;0.498623;0.110366;0.220512;1;
753.253;751.751;-24.861;5.55445;2.1335;1.16373;0.475876;0.299785;0.59897;1;
753.753;752.252;-24.8936;5.49573;2.0042;0.258607;0.575008;0.0671725;0.134211;1;
754.254;752.752;-24.8758;5.54342;2.06885;0.193955;0.459869;0.0509172;0.101732;1;
754.754;753.253;-24.7703;5.67863;2.1335;0.581865;0.528599;0.171466;0.342589;1;
755.255;753.753;-24.6304;5.84025;2.1335;1.03443;0.426616;0.213794;0.427161;1;
755.755;754.254;-24.7809;5.85661;2.39211;0.517213;0.492248;0.151358;0.302413;1;
756.256;754.754;-24.7855;5.89236;2.19816;0.193955;0.535977;0.0360451;0.072018;1;
756.756;755.255;-24.6215;5.96997;2.32746;0.77582;0.378301;0.181425;0.362487;1;
757.257;755.755;-24.4578;6.29518;2.39211;1.48699;0.293159;0.364083;0.727437;1;
757.757;756.256;-24.2672;6.79668;2.26281;2.32746;0.329135;0.536516;1.07196;1;
758.258;756.756;-23.9435;6.9892;2.45676;1.48699;0.360097;0.376619;0.752485;1;
758.758;757.257;-23.6991;7.06357;2.19816;0.905123;0.363189;0.255416;0.510321;1;
759.259;757.757;-23.6295;7.14888;2.26281;0.452562;0.483276;0.110094;0.219967;1;
759.759;758.258;-23.8596;7.20423;2.19816;0.969775;0.471081;0.236652;0.472831;1;
760.260;758.758;-23.9391;7.11255;2.26281;0.581865;0.36871;0.121364;0.242485;1;
760.760;759.259;-24.2019;6.9483;2.39211;1.16373;0.404704;0.309863;0.619106;1;
761.261;759.759;-24.2153;6.81973;2.0042;0.646517;0.454458;0.129271;0.258282;1;
761.761;760.260;-23.8232;6.62926;1.81025;1.48699;0.408909;0.435911;0.87095;1;
762.262;760.760;-23.7178;6.40936;1.81025;0.905123;0.473745;0.243849;0.487209;1;
762.762;761.261;-23.988;6.08719;1.93955;1.55164;0.353613;0.420464;0.840088;1;
763.263;761.761;-23.9235;6.11238;1.81025;0.258607;0.448425;0.0692361;0.138334;1;
763.763;762.262;-23.735;6.29226;1.42234;0.646517;0.329085;0.260597;0.520673;1;
764.264;762.762;-23.6722;6.28887;1.55164;0.258607;0.323701;0.0628107;0.125496;1;
764.764;763.263;-23.3926;6.56326;1.68094;1.16373;0.379101;0.391819;0.782854;1;
765.265;763.763;-23.2288;6.66295;2.06885;0.646517;0.326152;0.191691;0.382997;1;
765.765;764.264;-23.2908;6.67663;1.93955;0.258607;0.324007;0.0635156;0.126904;1;
766.266;764.764;-23.3251;6.68221;2.06885;0.129303;0.259272;0.0347396;0.0694096;1;
766.766;765.265;-23.283;6.65642;2.0042;0.193955;0.311165;0.0494096;0.0987205;1;
767.267;765.765;-23.2252;6.60458;1.93955;0.193955;0.338774;0.077661;0.155167;1;
767.767;766.266;-23.1792;6.56553;2.52141;0.840472;0.292635;0.0603465;0.120572;1;
768.268;766.766;-23.0967;6.59432;2.39211;0.258607;0.28095;0.087294;0.174413;1;
768.768;767.267;-23.2348;6.68266;2.84467;0.711168;0.353209;0.163883;0.327438;1;
769.269;767.767;-23.2669;6.6124;2.58607;0.258607;0.408532;0.0772426;0.15433;1;
769.769;768.268;-23.3883;6.6293;2.65072;0.452562;0.357981;0.122605;0.244965;1;
770.270;768.768;-24.0373;6.41873;2.58607;2.1335;0.473399;0.682294;1.36322;1;
770.770;769.269;-23.8975;6.28454;2.26281;0.840472;0.495089;0.193793;0.387199;1;
771.271;769.769;-23.8048;6.68133;2.71537;1.74559;0.259962;0.407461;0.814106;1;
771.771;770.270;-23.7836;6.48752;2.58607;0.905123;0.480578;0.194965;0.38954;1;
772.272;770.770;-23.5557;6.59495;2.45676;0.646517;0.311723;0.251995;0.503486;1;
772.772;771.271;-23.612;6.60186;2.52141;0.323258;0.440268;0.0567642;0.113415;1;
773.273;771.771;-23.7346;6.95294;2.52141;1.68094;0.418983;0.371849;0.742953;1;
773.773;772.272;-24.6399;7.74475;2.45676;4.33166;0.536974;1.20276;2.40311;1;
774.274;772.772;-24.9195;6.95953;2.71537;2.97398;0.488864;0.833517;1.66537;1;
774.774;773.273;-25.0143;6.22954;2.39211;2.78002;0.441915;0.736122;1.47077;1;
775.275;773.773;-25.0575;6.40264;2.58607;1.09908;0.395657;0.178407;0.356456;1;
775.775;774.274;-23.7104;8.00335;2.52141;5.10748;0.456939;2.09213;4.18007;1;
776.276;774.774;-23.0522;8.96257;2.78002;3.36189;0.359203;1.16333;2.32432;1;
776.776;775.275;-22.5867;9.08189;2.84467;1.61629;0.490364;0.480513;0.960066;1;
777.277;775.775;-21.7658;9.25026;2.52141;2.39211;0.376656;0.837972;1.67427;1;
777.777;776.276;-21.6432;9.64689;2.32746;1.61629;0.47708;0.415155;0.829481;1;
778.278;776.776;-21.2818;10.6971;2.45676;3.10328;0.427377;1.11069;2.21915;1;
778.778;777.277;-21.4216;10.872;2.39211;1.22838;0.421741;0.223839;0.447232;1;
779.279;777.777;-21.4249;10.7523;2.32746;0.323258;0.315777;0.119701;0.239163;1;
779.779;778.278;-22.1417;12.1011;2.58607;4.13771;0.457834;1.52736;3.05168;1;
780.280;778.778;-23.7598;16.5791;2.45676;5.04283;0.511691;4.76148;9.51342;1;
780.780;779.279;-25.7604;21.1677;2.90932;5.36609;0.299085;5.00573;10.0015;1;
781.281;779.779;-28.4157;25.6836;2.84467;5.754;0.308381;5.23865;10.4668;1;
781.781;780.280;-31.4026;27.7891;2.78002;5.62469;0.419434;3.65447;7.30163;1;
782.282;780.780;-34.6731;28.5946;2.45676;5.23678;0.377988;3.36816;6.72958;1;
782.782;781.281;-39.5393;29.7652;2.45676;4.91353;0.476977;5.00507;10.0001;1;
783.283;781.781;-44.1075;30.3551;2.45676;4.91353;0.366139;4.60608;9.20294;1;
783.783;782.282;-47.1693;33.5759;2.65072;5.10748;0.313826;4.444;8.87911;1;
784.284;782.782;-47.489;35.9134;2.58607;5.23678;0.339109;2.35922;4.71371;1;
784.784;783.283;-47.3403;37.4761;2.65072;4.59027;0.29667;1.56978;3.13642;1;
785.285;783.783;-46.5308;36.2067;2.58607;4.33166;0.337019;1.50549;3.00796;1;
785.785;784.284;-46.0468;34.8672;2.39211;4.46096;0.31398;1.42435;2.84586;1;
786.286;784.784;-47.0178;33.03;2.45676;4.84887;0.393891;2.07797;4.15177;1;
786.786;785.285;-47.9312;28.6388;3.03863;5.49539;0.291566;4.48522;8.96147;1;
787.287;785.785;-47.8616;24.1541;2.90932;5.94795;0.13648;4.48525;8.96153;1;
787.787;786.286;-47.1747;22.1376;2.71537;5.62469;0.306067;2.13026;4.25626;1;
788.288;786.786;-46.1413;20.0142;2.58607;5.30144;0.427567;2.36153;4.71834;1;
788.788;787.287;-43.852;16.337;2.65072;5.23678;0.297546;4.33159;8.65453;1;
789.289;787.787;-40.4149;13.1912;2.97398;5.62469;0.300951;4.65937;9.30942;1;
789.789;788.288;-38.2209;11.5871;2.84467;5.81865;0.353148;2.71782;5.43021;1;
790.290;788.788;-36.5756;10.4005;2.58607;5.43074;0.212909;2.02855;4.05303;1;
790.790;789.289;-35.1511;9.19466;2.84467;5.30144;0.325589;1.86641;3.7291;1;
791.291;789.789;-34.8761;8.45637;2.39211;2.78002;0.214791;0.787818;1.57406;1;
791.791;790.290;-34.2666;7.97893;2.52141;2.58607;0.397038;0.77431;1.54707;1;
792.292;790.790;-32.8637;7.03114;3.03863;4.91353;0.435592;1.69302;3.38264;1;
792.792;791.291;-32.6351;7.03055;2.71537;0.969775;0.38346;0.228612;0.456767;1;
793.293;791.791;-32.5556;6.77731;2.45676;1.03443;0.261488;0.265425;0.530319;1;
793.793;792.292;-32.5973;6.79214;2.58607;0.258607;0.387388;0.0442851;0.0884817;1;
794.294;792.792;-32.156;6.62574;2.71537;1.55164;0.300433;0.471622;0.9423;1;
794.794;793.293;-32.1191;6.57438;2.32746;0.38791;0.499303;0.0632744;0.126422;1;
795.295;793.793;-32.1534;6.4398;2.32746;0.646517;0.415561;0.13888;0.277482;1;
795.795;794.294;-32.3871;6.56187;2.52141;0.969775;0.430288;0.263668;0.526808;1;
796.296;794.794;-32.2589;6.72395;2.45676;0.969775;0.373134;0.206603;0.412792;1;
796.796;795.295;-32.1131;6.74347;2.45676;0.646517;0.405851;0.147098;0.293901;1;
797.297;795.795;-31.3916;6.37266;2.32746;2.19816;0.432002;0.81127;1.62092;1;
797.797;796.296;-31.2714;6.45181;2.19816;0.517213;0.364428;0.143914;0.28754;1;
798.298;796.796;-31.1883;6.54737;2.19816;0.38791;0.332186;0.126618;0.252983;1;
798.798;797.297;-31.0655;6.66975;2.19816;0.77582;0.31052;0.173347;0.346348;1;
799.299;797.797;-30.9737;6.70651;2.19816;0.38791;0.312856;0.0989428;0.197688;1;
799.799;798.298;-31.0157;6.71688;2.32746;0.258607;0.260222;0.0432575;0.0864285;1;
800.300;798.798;-31.0404;7.0798;2.1335;1.35768;0.28075;0.363758;0.726787;1;
800.800;799.299;-31.0676;7.20611;2.1335;0.38791;0.304973;0.129218;0.258178;1;
801.301;799.799;-30.9985;7.05867;2.1335;0.517213;0.275338;0.162872;0.325418;1;
801.801;800.300;-31.141;7.202;1.8749;0.646517;0.151629;0.202149;0.403894;1;
802.302;800.800;-31.5793;7.00358;2.19816;1.61629;0.198394;0.481076;0.96119;1;
802.802;801.301;-31.2669;6.45325;2.0042;2.1335;0.140977;0.632772;1.26428;1;
803.303;801.801;-31.0375;6.25158;1.29303;1.09908;0.429926;0.305472;0.610333;1;
803.803;802.302;-31.3396;6.46137;0.969775;0.840472;0.396385;0.367826;0.734917;1;
804.304;802.802;-31.4585;6.78045;1.03443;0.581865;0.532854;0.340487;0.680292;1;
804.804;803.303;-31.249;6.61831;1.22838;0.452562;0.351415;0.264862;0.529194;1;
805.305;803.803;"-";"-";"-";"-";"-";"-";"-";1;
805.805;804.304;"-";"-";"-";"-";"-";"-";"-";1;
806.306;804.804;"-";"-";"-";"-";"-";"-";"-";1;
806.806;805.305;"-";"-";"-";"-";"-";"-";"-";1;
807.307;805.805;"-";"-";"-";"-";"-";"-";"-";1;
807.807;806.306;"-";"-";"-";"-";"-";"-";"-";1;
808.308;806.806;"-";"-";"-";"-";"-";"-";"-";1;
808.808;807.307;"-";"-";"-";"-";"-";"-";"-";1;
809.309;807.807;"-";"-";"-";"-";"-";"-";"-";1;
809.809;808.308;"-";"-";"-";"-";"-";"-";"-";1;
810.310;808.808;"-";"-";"-";"-";"-";"-";"-";1;
810.810;809.309;"-";"-";"-";"-";"-";"-";"-";1;
811.311;809.809;"-";"-";"-";"-";"-";"-";"-";1;
811.811;810.310;"-";"-";"-";"-";"-";"-";"-";1;
812.312;810.810;"-";"-";"-";"-";"-";"-";"-";1;
812.812;811.311;"-";"-";"-";"-";"-";"-";"-";1;
813.313;811.811;"-";"-";"-";"-";"-";"-";"-";1;
813.813;812.312;"-";"-";"-";"-";"-";"-";"-";1;
814.314;812.812;"-";"-";"-";"-";"-";"-";"-";1;
814.814;813.313;"-";"-";"-";"-";"-";"-";"-";1;
815.315;813.813;-28.9864;7.11947;0.452562;"-";0.5;"-";"-";1;
815.815;814.314;-29.0806;7.10064;0.581865;0.129303;0.358195;0.0960379;0.191884;1;
816.316;814.814;-29.0712;7.10406;0.711168;0.129303;0.616715;0.0100206;0.0200211;1;
816.816;815.315;-29.3678;7.37374;0.646517;0.581865;0.475864;0.400904;0.801006;1;
817.317;815.815;-28.9622;7.14369;0.517213;0.646517;0.228302;0.466313;0.931693;1;
817.817;816.316;-28.7322;6.99234;0.38791;0.38791;0.6;0.275373;0.550195;1;
818.318;816.816;-28.7322;6.73807;0.38791;0.38791;0.6;0.254267;0.508025;1;
818.818;817.317;"-";"-";"-";"-";"-";"-";"-";1;
819.319;817.817;"-";"-";"-";"-";"-";"-";"-";1;
819.819;818.318;"-";"-";"-";"-";"-";"-";"-";1;
820.320;818.818;"-";"-";"-";"-";"-";"-";"-";1;
820.820;819.319;"-";"-";"-";"-";"-";"-";"-";1;
821.321;819.819;"-";"-";"-";"-";"-";"-";"-";1;
821.821;820.320;"-";"-";"-";"-";"-";"-";"-";1;
822.322;820.820;"-";"-";"-";"-";"-";"-";"-";1;
822.822;821.321;"-";"-";"-";"-";"-";"-";"-";1;
823.323;821.821;"-";"-";"-";"-";"-";"-";"-";1;
823.823;822.322;"-";"-";"-";"-";"-";"-";"-";1;
824.324;822.822;-26.1707;6.5921;1.03443;"-";0.576324;"-";"-";1;
824.824;823.323;-25.7233;6.32136;0.77582;0.905123;0.798778;0.522877;1.04471;1;
825.325;823.823;-24.8595;6.135;1.35768;1.48699;0.757528;0.883727;1.76569;1;
825.825;824.324;-23.7921;5.87841;1.48699;2.06885;0.536327;1.09777;2.19335;1;
826.326;824.824;-22.5075;5.95571;2.39211;3.10328;0.552412;1.28693;2.57128;1;
826.826;825.325;-20.5094;6.55348;2.58607;4.97818;0.462988;2.08558;4.167;1;
827.327;825.825;-18.9478;7.45361;2.39211;4.84887;0.387753;1.8025;3.60138;1;
827.827;826.326;-16.7448;9.34871;2.39211;4.78422;0.425955;2.90592;5.80603;1;
828.328;826.826;-14.0084;10.8725;2.32746;4.71957;0.523638;3.13206;6.25786;1;
828.828;827.327;-10.9468;12.2464;2.39211;4.71957;0.31336;3.35578;6.70485;1;
829.329;827.827;-9.5438;13.6121;2.45676;4.84887;0.310451;1.95793;3.91195;1;
829.829;828.328;-7.33484;16.041;2.71537;5.17213;0.375599;3.28321;6.55985;1;
830.330;828.828;-5.85434;20.5357;2.0042;4.71957;0.429913;4.73218;9.45488;1;
830.830;829.329;-5.17871;24.2042;2.71537;4.71957;0.405624;3.73022;7.45299;1;
831.331;829.829;-3.9208;28.1694;2.32746;5.04283;0.399402;4.15993;8.31154;1;
831.831;830.330;-4.02118;27.9825;2.1335;0.711168;0.421563;0.212101;0.423777;1;
832.332;830.830;-3.61841;28.4779;2.39211;2.06885;0.367466;0.638432;1.27559;1;
832.832;831.331;-2.63289;29.7848;2.78002;4.39631;0.346804;1.63682;3.27037;1;
833.333;831.831;-2.28583;30.6006;2.90932;3.10328;0.338078;0.886616;1.77146;1;
833.833;832.332;-2.3923;30.1593;2.71537;1.74559;0.39006;0.453961;0.907015;1;
834.334;832.832;-2.33502;30.2352;2.71537;0.517213;0.309769;0.0950271;0.189864;1;
834.834;833.333;-2.41927;30.1418;2.90932;0.581865;0.352071;0.125725;0.251199;1;
835.335;833.833;-2.5339;30.0722;2.65072;0.517213;0.461965;0.134138;0.268008;1;
835.835;834.334;-2.40706;30.1179;2.71537;0.840472;0.321678;0.134836;0.269402;1;
836.336;834.834;-2.46313;31.872;2.84467;5.17213;0.350736;1.75501;3.50651;1;
836.836;835.335;-3.18415;33.5798;2.39211;4.97818;0.501625;1.85379;3.70387;1;
837.337;835.835;-4.17763;35.246;2.71537;4.84887;0.308218;1.9399;3.87591;1;
837.837;836.336;-4.77124;35.889;2.97398;2.84467;0.332668;0.875102;1.74846;1;
838.338;836.836;-5.5448;36.9654;2.65072;3.94375;0.3864;1.32547;2.64829;1;
838.838;837.337;-6.30017;38.1832;2.39211;4.0084;0.491531;1.43312;2.86338;1;
839.339;837.837;-6.70982;39.2291;2.65072;3.23258;0.248587;1.12326;2.24428;1;
839.839;838.338;-7.87072;40.6609;2.90932;5.43074;0.387483;1.84324;3.68279;1;
840.340;838.838;-8.51794;42.8985;2.58607;5.49539;0.442296;2.32931;4.65396;1;
840.840;839.339;-8.06697;44.7307;2.97398;5.17213;0.45581;1.88696;3.77015;1;
841.341;839.839;-8.80046;46.7537;2.39211;5.36609;0.366947;2.15186;4.2994;1;
841.841;840.340;-10.3728;48.4463;2.90932;5.30144;0.391529;2.31022;4.61582;1;
842.342;840.840;-12.0551;49.8617;2.71537;5.62469;0.31665;2.19853;4.39265;1;
842.842;841.341;-11.8234;49.6047;2.45676;1.29303;0.336579;0.345996;0.691301;1;
843.343;841.841;-12.2851;50.1054;2.58607;2.19816;0.44697;0.681075;1.36079;1;
843.843;842.342;-12.2305;49.8091;2.58607;1.16373;0.425433;0.30136;0.602118;1;
844.344;842.842;-12.1314;50.181;2.65072;1.48699;0.362177;0.384914;0.769058;1;
844.844;843.343;-11.5616;49.5715;2.58607;2.78002;0.306783;0.834375;1.66708;1;
845.345;843.843;-11.5534;49.5255;2.52141;0.193955;0.379498;0.0466233;0.0931532;1;
845.845;844.344;-11.4541;49.3451;2.26281;1.03443;0.397259;0.205996;0.411581;1;
846.346;844.844;-11.4776;49.1829;1.61629;0.646517;0.468214;0.163886;0.327444;1;
846.846;845.345;-11.6217;49.4769;1.29303;1.48699;0.511275;0.3275;0.654345;1;
847.347;845.845;-11.781;49.569;0.905123;0.77582;0.786451;0.184022;0.367675;1;
847.847;846.346;-12.5592;51.6008;0.711168;1.61629;0.395971;2.1757;4.34706;1;
848.348;846.846;-14.891;52.8916;2.84467;3.55584;0.433804;2.66523;5.32513;1;
848.848;847.347;-18.1578;53.3199;2.65072;5.49539;0.206674;3.29476;6.58293;1;
849.349;847.847;-22.6178;53.5751;3.10328;5.754;0.426611;4.46729;8.92565;1;
849.849;848.348;-27.7787;53.9286;2.78002;5.8833;0.536847;5.17293;10.3355;1;
850.350;848.848;-33.1677;52.666;2.58607;5.36609;0.448525;5.53499;11.0589;1;
850.850;849.349;-37.5729;50.1661;2.52141;5.10748;0.422592;5.06512;10.1201;1;
851.351;849.849;-41.2901;46.8374;2.65072;5.17213;0.202399;4.98976;9.96954;1;
851.851;850.350;-44.4402;42.9162;2.52141;5.17213;0.282696;5.0298;10.0495;1;
852.352;850.850;-47.6861;37.2377;2.90932;5.43074;0.392491;6.54071;13.0683;1;
852.852;851.351;-48.0328;32.1984;3.03863;5.94795;0.216867;5.05121;10.0923;1;
853.353;851.851;-47.4504;27.6558;2.71537;5.754;0.357756;4.57982;9.15048;1;
853.853;852.352;-46.4624;21.9889;2.58607;5.30144;0.27838;5.75236;11.4932;1;
854.354;852.852;-43.9759;16.8869;2.71537;5.30144;0.267476;5.67569;11.34;1;
854.854;853.353;-40.6015;12.3908;3.16793;5.8833;0.267843;5.62149;11.2318;1;
855.355;853.853;-37.4771;9.75447;2.52141;5.68935;0.350291;4.08802;8.16785;1;
855.855;854.354;-35.7849;9.2606;2.71537;4.97818;0.391415;1.76278;3.52204;1;
856.356;854.854;-35.7213;9.17891;2.90932;0.323258;0.359803;0.103528;0.206848;1;
856.856;855.355;-35.7215;9.09392;3.03863;0.38791;0.416423;0.0849874;0.169805;1;
857.357;855.855;-35.7854;9.17215;2.78002;0.258607;0.325655;0.10101;0.201818;1;
857.857;856.356;-35.7792;9.18232;2.71537;0.193955;0.345235;0.0119279;0.0238319;1;
858.358;856.856;-35.7643;9.15232;2.84467;0.129303;0.360003;0.0334764;0.0668857;1;
858.858;857.357;-35.7643;9.15232;2.84467;0;0.360003;0;0;1;
859.359;857.857;-35.7555;9.15867;2.90932;0.0646517;0.340863;0.010862;0.0217023;1;
859.859;858.358;-35.7408;9.16795;2.84467;0.193955;0.388361;0.0173804;0.0347261;1;
860.360;858.858;-35.7408;9.16795;2.84467;0;0.388361;0;0;1;
860.860;859.359;-35.7213;9.17891;2.90932;0.0646517;0.359803;0.0223341;0.0446235;1;
861.361;859.859;-35.7332;9.18851;2.97398;0.0646517;0.379373;0.0152792;0.0305278;1;
861.861;860.360;-35.7775;9.19466;2.84467;0.129303;0.366374;0.0446733;0.0892574;1;
862.362;860.860;-35.7757;9.16246;2.90932;0.193955;0.380962;0.0322454;0.0644262;1;
862.862;861.361;-35.7528;9.17801;2.90932;0.129303;0.408516;0.0277444;0.0554334;1;
863.363;861.861;-35.7757;9.16246;2.90932;0.129303;0.380962;0.0277444;0.0554332;1;
863.863;862.362;-35.7824;9.21859;2.65072;0.258607;0.403593;0.0565208;0.112929;1;
864.364;862.862;-35.7929;9.24383;2.71537;0.0646517;0.396806;0.0273161;0.0545775;1;
864.864;863.363;-34.3769;8.42471;2.65072;4.59027;0.340254;1.63582;3.26838;1;
865.365;863.863;-31.604;8.08569;2.65072;5.30144;0.318064;2.79357;5.58155;1;
865.865;864.364;-28.1402;7.29669;2.90932;5.56004;0.288938;3.55253;7.09797;1;
866.366;864.864;-23.8464;6.99781;2.71537;5.62469;0.398281;4.30414;8.59966;1;
866.866;865.365;-21.2629;7.10252;2.45676;5.17213;0.371038;2.58565;5.16614;1;
867.367;865.865;-21.405;6.98104;2.65072;0.840472;0.40817;0.186995;0.373616;1;
867.867;866.366;-20.1149;6.63244;2.97398;3.94375;0.477566;1.33639;2.6701;1;
868.368;866.866;-18.9059;6.43061;2.19816;3.23258;0.638039;1.22573;2.44901;1;
868.868;867.367;-17.4163;6.87839;2.06885;3.49119;0.547858;1.55542;3.10774;1;
869.369;867.867;-17.5906;6.92299;1.16373;0.905123;0.10037;0.179922;0.359484;1;
869.869;868.368;-15.9794;7.4585;2.06885;3.10328;0.630998;1.69791;3.39243;1;
870.370;868.868;-12.5536;10.1332;2.71537;4.78422;0.473471;4.34628;8.68386;1;
870.870;869.369;-8.78326;13.3895;2.1335;4.84887;0.452874;4.98189;9.95382;1;
871.371;869.869;-5.65151;18.6276;2.45676;4.59027;0.377299;6.10287;12.1935;1;
871.871;870.370;-4.06162;24.7653;2.39211;4.84887;0.547534;6.34025;12.6678;1;
872.372;870.870;-3.36374;27.3566;2.26281;4.65492;0.410266;2.68371;5.36205;1;
872.872;871.371;-3.09358;28.422;2.32746;2.78002;0.501455;1.09903;2.19586;1;
873.373;871.871;-2.90903;29.0753;2.71537;2.32746;0.326696;0.678894;1.35643;1;
873.873;872.372;-2.73915;29.6349;2.90932;2.1335;0.277032;0.584869;1.16857;1;
874.374;872.872;-2.53583;30.6405;2.84467;3.29723;0.322624;1.02594;2.04983;1;
874.874;873.373;-2.36204;31.5986;2.78002;3.16793;0.304962;0.973675;1.9454;1;
875.375;873.873;-2.39302;32.4243;2.84467;2.90932;0.298873;0.82634;1.65103;1;
875.875;874.374;-2.60829;31.6166;2.71537;2.97398;0.242679;0.835934;1.6702;1;
876.376;874.874;-2.92861;31.5987;2.52141;1.35768;0.360788;0.320822;0.641001;1;
876.876;875.375;-3.35563;31.7453;2.19816;1.8749;0.317576;0.451483;0.902063;1;
877.377;875.875;-3.47498;32.0018;2.1335;1.09908;0.427189;0.282939;0.565311;1;
877.877;876.376;-3.59552;32.1921;2.1335;0.646517;0.333381;0.225205;0.449961;1;
878.378;876.876;-3.93445;32.1744;2.52141;1.42234;0.386748;0.339382;0.678085;1;
878.878;877.377;-3.53578;31.8939;2.1335;1.68094;0.362942;0.487463;0.973951;1;
879.379;877.877;-3.34948;31.8616;2.39211;0.905123;0.283822;0.189088;0.377798;1;
879.879;878.378;-3.18812;31.842;2.45676;1.09908;0.425109;0.162543;0.324761;1;
880.380;878.878;-3.29664;32.5885;2.26281;2.1335;0.497366;0.754349;1.50719;1;
880.880;879.379;-3.0289;33.5171;2.65072;2.97398;0.427685;0.966423;1.93092;1;
881.381;879.879;-2.96645;34.1523;2.71537;2.1335;0.380508;0.63821;1.27514;1;
881.881;880.380;-2.80085;34.5412;2.90932;1.61629;0.337209;0.422688;0.844531;1;
882.382;880.880;-2.95414;37.4223;2.84467;5.754;0.347998;2.88524;5.76471;1;
882.882;881.381;-3.37583;38.671;2.39211;3.81445;0.359527;1.3179;2.63316;1;
883.383;881.881;-3.79831;37.9564;2.45676;3.16793;0.419179;0.830109;1.65856;1;
883.883;882.382;-4.40155;37.6157;2.58607;2.84467;0.423935;0.6928;1.38422;1;
884.384;882.882;-4.48734;37.4997;2.45676;0.646517;0.480099;0.144311;0.288334;1;
884.884;883.383;-4.76327;36.9407;2.71537;2.71537;0.466997;0.623316;1.24539;1;
885.385;883.883;-5.4118;36.7369;2.45676;2.58607;0.323469;0.679831;1.3583;1;
885.885;884.384;-6.00035;36.9535;2.26281;2.0042;0.437833;0.62714;1.25303;1;
886.386;884.884;-6.169;36.8051;2.45676;0.840472;0.397519;0.224591;0.448732;1;
886.886;885.385;-6.38063;37.4159;2.19816;2.19816;0.486452;0.646416;1.29154;1;
887.387;885.885;-6.52927;39.4869;2.45676;4.65492;0.361946;2.07628;4.1484;1;
887.887;886.386;-5.70493;42.011;2.58607;5.04283;0.340061;2.65535;5.30539;1;
888.388;886.886;-6.65589;44.6714;2.84467;5.43074;0.369995;2.82518;5.64471;1;
888.888;887.387;-8.12613;46.4282;2.65072;5.49539;0.32985;2.29091;4.57725;1;
889.389;887.887;-9.44149;47.8358;2.58607;4.97818;0.390788;1.92648;3.84911;1;
889.889;888.388;-10.711;49.1189;2.52141;5.10748;0.251938;1.80501;3.60642;1;
890.390;888.888;-11.7127;50.256;2.65072;4.26701;0.304856;1.51536;3.02769;1;
890.890;889.389;-12.7004;51.01;2.65072;3.62049;0.437837;1.24262;2.48275;1;
891.391;889.889;-12.8643;51.1633;2.78002;0.905123;0.346495;0.224423;0.448397;1;
891.891;890.390;-13.3806;51.5909;2.19816;2.1335;0.351982;0.670386;1.33943;1;
892.392;890.890;-13.7819;51.8069;1.48699;1.48699;0.539044;0.455714;0.910516;1;
892.892;891.391;-13.265;51.7472;2.45676;1.61629;0.370916;0.520282;1.03953;1;
893.393;891.891;-12.45;51.2263;2.84467;3.10328;0.530084;0.967288;1.93264;1;
893.893;892.392;-11.7737;51.572;2.1335;2.52141;0.434075;0.759502;1.51749;1;
894.394;892.892;-12.0764;50.4667;2.84467;3.81445;0.274424;1.14598;2.28966;1;
894.894;893.393;-12.8286;46.2749;2.32746;5.17213;0.245362;4.25877;8.50902;1;
895.395;893.893;-16.3396;40.8971;2.45676;4.78422;0.449508;6.42241;12.832;1;
895.895;894.394;-21.106;35.491;2.26281;4.71957;0.412276;7.20726;14.4001;1;
896.396;894.894;-23.9876;29.8478;2.26281;4.52562;0.215493;6.33631;12.6599;1;
896.896;895.395;-25.178;25.7087;2.71537;4.97818;0.257789;4.30686;8.60511;1;
897.397;895.895;-26.3025;20.0053;2.58607;5.30144;0.45865;5.81324;11.6148;1;
897.897;896.396;-27.8326;14.01;2.71537;5.30144;0.222206;6.18751;12.3627;1;
898.398;896.896;-29.5676;8.82215;2.52141;5.23678;0.363718;5.47026;10.9296;1;
898.898;897.397;-29.4818;8.96802;2.58607;0.840472;0.426746;0.169232;0.338126;1;
899.399;897.897;-32.3814;8.89934;2.52141;5.10748;0.547892;2.90037;5.79492;1;
899.899;898.398;-34.6075;9.15841;2.45676;4.97818;0.525163;2.24115;4.47782;1;
900.400;898.898;-37.1018;9.31253;2.52141;4.97818;0.513922;2.49905;4.9931;1;
900.900;899.399;-38.8782;10.146;2.52141;4.78422;0.31762;1.96222;3.92052;1;
901.401;899.899;-42.2428;12.8987;2.58607;5.10748;0.340258;4.34713;8.68556;1;
901.901;900.400;-44.9112;16.7832;2.45676;5.04283;0.39911;4.71275;9.41608;1;
902.402;900.900;-46.8487;20.2566;2.52141;4.97818;0.324869;3.97724;7.94652;1;
902.902;901.401;-47.9704;24.0207;3.03863;5.56004;0.391018;3.92774;7.84764;1;
903.403;901.901;-49.0575;29.5509;2.52141;5.56004;0.32723;5.63602;11.2608;1;
903.903;902.402;-49.0046;33.3407;2.32746;4.84887;0.396384;3.79018;7.5728;1;
904.404;902.902;-48.1531;38.1255;2.84467;5.17213;0.318502;4.8599;9.71008;1;
904.904;903.403;-47.5201;39.988;2.71537;5.30144;0.385619;1.96714;3.93036;1;
905.405;903.903;-46.9823;41.6634;2.32746;4.52562;0.454389;1.75967;3.51581;1;
905.905;904.404;-44.8453;45.0449;2.78002;5.10748;0.362221;4.00011;7.99223;1;
906.406;904.904;-40.5542;49.0166;2.84467;5.62469;0.303515;5.847;11.6823;1;
906.906;905.405;-35.2609;52.589;2.90932;5.754;0.449066;6.38607;12.7594;1;
907.407;905.905;-29.153;54.7989;2.58607;5.49539;0.415848;6.49536;12.9777;1;
907.907;906.406;-22.6525;54.7192;2.97398;5.56004;0.466131;6.50098;12.989;1;
908.408;906.906;-16.1228;52.9291;2.45676;5.43074;0.468983;6.77071;13.5279;1;
908.908;907.407;-10.2818;49.1638;2.71537;5.17213;0.439142;6.94937;13.8848;1;
909.409;907.907;-5.22122;43.2967;2.78002;5.49539;0.329726;7.74811;15.4807;1;
909.909;908.408;-4.04361;41.6428;2.52141;5.30144;0.38749;2.03032;4.05658;1;
910.410;908.908;-1.97337;38.0649;2.39211;4.91353;0.361802;4.13366;8.25905;1;
910.910;909.409;-1.23367;35.5879;1.81025;4.20236;0.305672;2.58502;5.16487;1;
911.411;909.909;-0.983611;33.7238;1.93955;3.7498;0.472932;1.88082;3.75788;1;
911.911;910.410;-0.791695;32.2572;2.06885;3.36189;0.445526;1.4791;2.95525;1;
912.412;910.910;-0.702261;31.3475;2.0042;2.26281;0.562191;0.914133;1.82643;1;
912.912;911.411;-0.708315;29.6766;2.0042;3.49119;0.577718;1.67091;3.33848;1;
913.413;911.911;-1.3272;26.1067;2.1335;4.13771;0.494498;3.62317;7.23908;1;
913.913;912.412;-3.29391;21.6319;2.1335;4.26701;0.497158;4.88784;9.76592;1;
914.414;912.912;-6.94075;16.1791;2.1335;4.26701;0.192508;6.55994;13.1068;1;
914.914;913.413;-9.46504;14.5445;2.06885;4.20236;0.44982;3.00734;6.00868;1;
915.415;913.913;-10.4706;14.5274;2.32746;3.10328;0.227285;1.00569;2.00936;1;
915.915;914.414;-10.4457;14.6552;2.06885;0.517213;0.31997;0.130157;0.260054;1;
916.416;914.914;-10.5408;14.7976;2.19816;0.646517;0.198394;0.171319;0.342294;1;
916.916;915.415;-10.9028;13.9703;2.19816;2.45676;0.427411;0.903109;1.80441;1;
917.417;915.915;-11.5051;13.2022;2.06885;2.71537;0.44789;0.976051;1.95015;1;
917.917;916.416;-11.3384;12.5495;2.1335;2.39211;0.289015;0.673627;1.34591;1;
918.418;916.916;-11.4617;11.9486;2.06885;2.0042;0.444669;0.61343;1.22563;1;
918.918;917.417;-11.5732;11.9869;2.0042;0.581865;0.462647;0.117854;0.235473;1;
919.419;917.917;-11.6316;11.9952;1.93955;0.323258;0.465707;0.0590001;0.117882;1;
919.919;918.418;-11.745;12.2281;2.0042;1.35768;0.479433;0.259107;0.517697;1;
920.420;918.918;-11.8589;13.2253;2.19816;2.78002;0.352109;1.0037;2.00539;1;
920.920;919.419;-11.8678;13.3853;2.0042;0.840472;0.384875;0.160247;0.320174;1;
921.421;919.919;-12.0605;13.4094;2.19816;0.581865;0.342354;0.194239;0.388089;1;
921.921;920.420;-12.535;13.2854;2.19816;1.68094;0.35501;0.490389;0.979799;1;
922.422;920.920;-13.3334;13.1349;1.81025;2.19816;0.199785;0.812465;1.6233;1;
922.922;921.421;-13.3758;13.1639;1.81025;0.258607;0.28862;0.0513479;0.102593;1;
923.423;921.921;-13.4374;12.9507;1.68094;0.77582;0.450608;0.221953;0.443462;1;
923.923;922.422;-13.5397;12.8829;1.55164;0.258607;0.301394;0.12274;0.245236;1;
924.424;922.922;-13.4422;12.6484;1.48699;0.711168;0.317807;0.253941;0.507374;1;
924.924;923.423;-13.4625;12.5766;1.55164;0.323258;0.33598;0.0745223;0.148896;1;
925.425;923.923;-13.4871;12.0954;1.55164;1.42234;0.338893;0.481822;0.962679;1;
925.925;924.424;-13.5294;12.0232;1.68094;0.129303;0.471516;0.0837476;0.167328;1;
926.426;924.924;-13.4986;11.953;1.74559;0.323258;0.354266;0.0766341;0.153115;1;
926.926;925.425;-13.7538;12.1054;1.48699;1.03443;0.403664;0.297255;0.593917;1;
927.427;925.925;-13.9847;12.0911;1.81025;0.581865;0.315717;0.231334;0.462204;1;
927.927;926.426;-14.067;12.0498;1.74559;0.452562;0.394933;0.0920808;0.183978;1;
928.428;926.926;-14.0624;11.0535;1.74559;2.58607;0.361833;0.996293;1.99059;1;
928.928;927.427;-14.1836;9.45458;2.26281;4.0084;0.425227;1.60356;3.20391;1;
929.429;927.927;-15.3284;9.18289;2.52141;3.49119;0.42406;1.17664;2.35093;1;
929.929;928.428;-16.4582;9.10345;2.32746;3.03863;0.588826;1.13251;2.26275;1;
930.430;928.928;-17.5469;8.99548;2.97398;3.10328;0.456145;1.09413;2.18606;1;
930.930;929.429;-19.4023;8.88239;2.32746;4.91353;0.499362;1.85876;3.7138;1;
931.431;929.929;-22.5758;8.0672;2.97398;5.30144;0.349784;3.27659;6.54661;1;
931.931;930.430;-24.8238;8.24727;2.78002;5.754;0.421273;2.25521;4.50592;1;
932.432;930.930;-26.3129;8.9499;2.52141;4.65492;0.400482;1.64652;3.28975;1;
932.932;931.431;-26.731;9.22424;2.45676;1.74559;0.365114;0.500052;0.999105;1;
933.433;931.931;-26.8571;9.29338;2.52141;0.581865;0.359618;0.143849;0.28741;1;
933.933;932.432;-28.1996;9.06885;2.71537;3.94375;0.323747;1.36113;2.71954;1;
934.434;932.932;-28.7566;9.24162;2.39211;2.1335;0.396291;0.583177;1.16519;1;
934.934;933.433;-28.7073;9.25736;2.58607;0.193955;0.321417;0.0517422;0.103381;1;
935.435;933.933;-28.5278;9.31707;2.45676;0.646517;0.238616;0.189149;0.37792;1;
935.935;934.434;-28.3553;9.37788;2.78002;0.581865;0.258331;0.182922;0.365478;1;
936.436;934.934;-28.5035;9.24316;2.45676;0.840472;0.356852;0.200251;0.400102;1;
936.936;935.435;-28.458;9.26163;2.32746;0.258607;0.385198;0.0491324;0.0981667;1;
937.437;935.935;-28.1856;9.25739;2.26281;0.840472;0.300703;0.272411;0.544277;1;
937.937;936.436;-28.0973;9.1728;2.45676;0.581865;0.375087;0.122267;0.24429;1;
938.438;936.936;-28.2305;9.17264;2.32746;0.77582;0.231605;0.133253;0.266239;1;
938.938;937.437;-28.3392;9.25185;2.1335;0.581865;0.34997;0.134466;0.268663;1;
939.439;937.937;-28.4334;9.26379;1.93955;0.581865;0.291798;0.0949484;0.189707;1;
939.939;938.438;-28.6192;9.34051;1.8749;0.711168;0.160207;0.200974;0.401546;1;
940.440;938.938;-28.800