body_nose_x,body_nose_y,body_nose_z,body_left_eye_inner_x,body_left_eye_inner_y,body_left_eye_inner_z,body_left_eye_x,body_left_eye_y,body_left_eye_z,body_left_eye_outer_x,body_left_eye_outer_y,body_left_eye_outer_z,body_right_eye_inner_x,body_right_eye_inner_y,body_right_eye_inner_z,body_right_eye_x,body_right_eye_y,body_right_eye_z,body_right_eye_outer_x,body_right_eye_outer_y,body_right_eye_outer_z,body_left_ear_x,body_left_ear_y,body_left_ear_z,body_right_ear_x,body_right_ear_y,body_right_ear_z,body_mouth_left_x,body_mouth_left_y,body_mouth_left_z,body_mouth_right_x,body_mouth_right_y,body_mouth_right_z,body_left_shoulder_x,body_left_shoulder_y,body_left_shoulder_z,body_right_shoulder_x,body_right_shoulder_y,body_right_shoulder_z,body_left_elbow_x,body_left_elbow_y,body_left_elbow_z,body_right_elbow_x,body_right_elbow_y,body_right_elbow_z,body_left_wrist_x,body_left_wrist_y,body_left_wrist_z,body_right_wrist_x,body_right_wrist_y,body_right_wrist_z,body_left_pinky_x,body_left_pinky_y,body_left_pinky_z,body_right_pinky_x,body_right_pinky_y,body_right_pinky_z,body_left_index_x,body_left_index_y,body_left_index_z,body_right_index_x,body_right_index_y,body_right_index_z,body_left_thumb_x,body_left_thumb_y,body_left_thumb_z,body_right_thumb_x,body_right_thumb_y,body_right_thumb_z,body_left_hip_x,body_left_hip_y,body_left_hip_z,body_right_hip_x,body_right_hip_y,body_right_hip_z,body_left_knee_x,body_left_knee_y,body_left_knee_z,body_right_knee_x,body_right_knee_y,body_right_knee_z,body_left_ankle_x,body_left_ankle_y,body_left_ankle_z,body_right_ankle_x,body_right_ankle_y,body_right_ankle_z,body_left_heel_x,body_left_heel_y,body_left_heel_z,body_right_heel_x,body_right_heel_y,body_right_heel_z,body_left_foot_index_x,body_left_foot_index_y,body_left_foot_index_z,body_right_foot_index_x,body_right_foot_index_y,body_right_foot_index_z
98.2706241523406,1780.7234228274376,268.6615892792754,106.48687184581017,1794.261344066812,291.37186978389985,112.47414058076434,1799.7816910727786,291.0678607598676,117.18530903909328,1805.7889796805107,291.39088437133853,87.440840232911,1776.582557045443,294.2299108918984,79.63198999960429,1774.0294092781237,296.1098262208743,71.21756576916673,1772.6274645450953,298.09328115565063,113.75353229153183,1821.531499027272,293.8241295652634,52.72623340383183,1781.5354063449151,299.65063205693787,102.21922457344806,1797.8588504189886,253.9885016713646,82.39065354659279,1782.2934291325193,257.6140530227279,155.3161407863295,1859.7559891467952,184.92279952182741,-19.11277169377184,1767.2429838738667,193.50380223440058,194.34953741341383,1859.1691485467609,47.35770918322619,-61.60516932115551,1753.1795504929923,48.02675675547347,125.60167252136617,1792.2758662311167,169.54883531621977,-41.242964856195,1729.5126281829591,-89.30781935314302,121.08437427387871,1779.2350187028587,202.38884539650834,-50.628355469730366,1714.0871739398467,-126.299956065546,115.06340134756454,1783.1979901593616,212.61186501804778,-29.522330360715642,1719.7541921812297,-127.74651129806207,108.58593836763455,1788.1123779128409,200.9527339454539,-19.40572479220798,1724.261996946741,-114.50001540372615,98.55882291607975,1827.0348996382625,-83.7125162847772,-4.7428031303132965,1780.2665784219093,-77.01835679459468,92.07579388887083,1842.8684527411647,-296.5322365365258,-11.297764862395853,1784.6580369995074,-287.4866584253917,84.56806685271434,1832.5440826930608,-467.03881313672866,-5.142610672696155,1764.3618140825643,-457.30598554399086,82.84977810272768,1844.9076424486725,-490.47641480009054,2.2772455924736805,1756.8598316576697,-478.6619113515104,77.95920792934042,1784.49501179288,-516.7303021066639,-3.4385971169889027,1780.842237915275,-523.7704350514203
97.91657409934803,1780.209455760039,271.48444327824564,105.51033145180287,1793.5529166802248,294.6956642799674,111.47475873235075,1799.799222100728,294.61981314365914,116.71143338761458,1805.3834670308831,294.72234882894384,86.53633055700645,1776.5285159616403,296.6554161016942,78.43138897789741,1774.0548344036276,298.2004819838926,69.68659920019299,1773.0840567626287,300.03076593470695,113.68638908195524,1821.523011565067,294.9488921805354,51.615864272691454,1782.567102615637,301.02542883160334,102.12987174741063,1797.0818139866028,255.73840440402185,82.08247359153876,1781.1673193226295,259.134240712218,155.12967044631182,1860.7280468581225,184.45855434597888,-19.515048725997612,1767.8492348193151,193.33181020003184,194.5682956642684,1864.8122072190106,40.71205522564808,-61.71808164612861,1753.9747537471435,48.02993448588232,126.03569339981867,1793.4197261252561,157.6100930155756,-41.936993507947555,1729.8729090961672,-88.96944544913868,118.85889304538736,1783.0331751159583,189.76961475892713,-50.94527808952095,1716.1077191693316,-126.45471650295221,114.63180220464564,1782.9318541029545,201.50469593693575,-30.002289993383403,1720.9795202829944,-127.29081600578382,109.54395752234875,1786.1451749295175,190.68204174418594,-20.046339913078416,1725.71508725271,-114.12856506132539,98.71983737465428,1826.6288569087483,-95.29558398708409,-6.204852453597853,1778.0618157543431,-88.29892374457302,93.16565238875695,1842.9915974334292,-303.0392848390317,-12.221397401980035,1781.5998940079353,-289.3827960096274,83.34899980400363,1835.1040959207417,-478.35404590367085,-10.29106912331332,1763.7981784391118,-469.24596512179176,81.810340361371,1846.116916068263,-500.9051299721652,-3.2261906929699826,1758.2608655848305,-492.80987270294105,74.73690271089106,1798.4810797697103,-534.8041018038961,-5.555240499202951,1770.062259561531,-536.9485914740077
97.56012717977498,1778.4554539326068,274.2422439151018,104.74931963330606,1790.5308458803675,296.86624512455785,110.67765011569792,1797.2210904199887,296.9997087153843,116.31167570395598,1802.8517125365913,297.0328986947254,85.94518645837853,1774.9723203146773,298.3419315969495,77.62494358663164,1772.8073567829574,299.68357855414524,68.79990311791828,1772.1537481267997,301.3897023946074,113.51085139019449,1820.4105477314672,295.58913622117086,50.80475045662997,1782.6151336206144,301.8041582222301,102.04926839402985,1794.6617799223286,257.6352061474271,81.84962907137341,1778.486320477574,260.6945060581997,155.14635058604043,1860.7450297956293,183.12274652201492,-19.809705150732952,1767.799316395624,192.71604706831587,195.51398721741216,1869.2839519427698,33.925247177515125,-61.98364139743477,1755.749402956767,47.36491446428139,127.55851612496753,1791.4262054369576,135.91954450364415,-43.33383756272587,1730.454545452439,-89.27003582805195,118.99359392499831,1780.564564802997,167.38441173315547,-51.24200786524543,1717.6683070293432,-127.05839770514042,114.38687403468029,1779.4409174389953,180.73656175095712,-30.331330067162284,1720.4547991639938,-127.20569283441895,110.30648281546289,1782.3177548407043,170.5066063337812,-20.578358131281664,1724.915649092936,-114.04122074477245,98.40082483854358,1826.6045752284547,-103.3899622344116,-7.963092580169731,1777.0734478036027,-96.5386414906287,93.02437568666609,1844.5092529430347,-308.4296522005054,-13.164237506047218,1780.5238152386155,-292.34002527512826,84.31951652946938,1835.1564318336984,-485.52591572109094,-11.841669456202196,1762.1897592681696,-477.443010841848,83.50909837082574,1844.9794976903395,-507.6899519316113,-4.272793460894394,1757.0649476875828,-502.2193447055558,75.05221270044773,1803.353644674404,-545.3166111815357,-6.331027997926608,1763.1434337361902,-545.9412111111674
97.00213339749756,1775.54312007812,276.6128654723342,104.19920851264487,1785.8382913071343,297.8910879407876,110.10333369486554,1792.6110040687938,298.1513932333278,116.01878824280452,1798.6733654438187,298.2428317130271,85.4792820799362,1772.2836828776374,299.3318839203691,76.87176621812256,1770.7684312618976,300.6561558403203,68.23845611366407,1770.1517003322756,302.2145811815418,113.31858962834417,1818.057177589734,295.7628174147157,50.15484136534882,1781.6277906606658,301.98888428801683,101.97968925867036,1790.7212279563298,259.4748421558726,81.58392768260238,1774.6566139059362,262.18865773935516,155.10178106036486,1859.7707868891953,181.00292274639736,-20.301415465330138,1766.9590071595653,191.74122904309175,196.4432187385594,1872.1251053372637,28.330792921479542,-62.7382820806086,1758.227415050769,46.1027463277512,129.7945044879977,1787.9172296858806,104.17101187900975,-45.85553882654186,1731.2810031315532,-89.79238196955339,121.26051251492123,1771.8216937056561,131.90875900616112,-51.816009166729366,1717.8944187807465,-127.82792213138771,114.55379769024347,1772.623335031356,147.41555675275237,-30.819129725416193,1717.1132876984875,-127.17548132570802,111.024840827312,1776.9838497416085,138.37330450253816,-21.572755656702277,1721.4166820571206,-114.0345794013027,97.55265567965105,1826.8423796157458,-107.22638518221498,-9.865530215866201,1776.778156253499,-100.92090766501454,91.44796588733332,1846.9094230837497,-312.0692186409964,-14.115102753730635,1781.2626921470576,-295.8211068335678,87.16925831069322,1833.0519772188031,-488.4992724587228,-10.226920559171141,1760.2831419730746,-481.3379187104832,87.78483400519106,1841.783877003522,-510.6530390762332,-1.608878115429519,1754.3487195814928,-506.3445131165895,78.16361243753038,1800.6554942045223,-548.4267293730138,-5.8272025911035925,1760.7010888352859,-550.1121588300141
96.09249420733211,1772.2537562578104,278.2729162261489,103.73790347390796,1781.6370349568674,298.5221404872069,109.68037920845805,1788.3139023604986,298.7907450826539,115.84206266072188,1794.7083732674528,298.92860458484387,84.69183671796686,1769.752466337105,300.1413107802375,75.64383156837226,1769.0955853301612,301.5743824402777,67.2875570925143,1768.1537399380393,302.9172559192788,113.25938811937843,1815.191502118659,295.8027665406176,49.31687159740588,1780.182746016219,302.00726957081287,101.92033028784951,1786.5268746528673,260.91503085062413,80.99599540536599,1771.1018639348292,263.46302703065805,154.4912782249452,1858.632012150688,178.73742144689882,-21.55182625580829,1765.9304253666949,190.7446794220619,195.0623088366744,1874.9914214796997,25.570748162404698,-64.15478287946098,1760.3256380612133,44.96370819660283,132.14831486089935,1788.3113446590553,68.486361373886,-49.38484971398711,1731.8441996128922,-89.34912587663824,123.83138837702272,1765.1583377217958,85.41624544398186,-53.33604076445582,1716.6522610684874,-128.03957867234917,115.94842481566941,1766.3371433247814,103.64479200292385,-32.554084724536835,1711.9645527942575,-126.48304204523836,112.82994233020644,1773.001721910373,97.86173461465073,-24.244053162547164,1717.05442627568,-113.53235875649099,96.54633810039043,1826.9507538582423,-108.97848557153026,-11.421719829755357,1775.9197446055475,-103.15261597484273,89.49510006267384,1848.3459212499406,-314.4965970490461,-14.79948640671964,1781.5559937298021,-298.47096071760427,90.35563711570258,1830.4783955184946,-490.2547432564862,-8.010865275780224,1758.7535118412013,-482.6028459927535,92.70649980383813,1838.1670655182738,-512.394724159009,1.3916684287236205,1752.1790541368268,-507.4877887857131,81.36370586742248,1797.157864534931,-549.4244886399096,-4.81889520033477,1759.5235773788916,-551.2094605904375
94.9109009618773,1769.272886585067,279.2082109119659,103.1863486336415,1778.9722657359098,299.1708046480118,109.27632921070729,1785.576789941925,299.37041419187113,115.64947348346213,1791.8689924918365,299.46671864781456,83.34497083843853,1768.019558007974,301.00098696508917,73.98995227124891,1768.0318686448397,302.52682682702874,65.8477635024412,1766.4876653935435,303.625962691691,113.1347886059863,1812.737989067203,295.9201055477954,48.21444739070062,1778.604043779296,302.0989831831141,101.75377277068004,1783.114908840436,261.8532395207008,79.76897330415001,1768.6634237159296,264.43153141662555,153.16432047177275,1858.0254794075793,176.66991967027144,-23.80415617310389,1765.476483027235,189.7644171987396,189.62972407041696,1879.8780688436257,25.85438214425177,-65.9376609944535,1761.512673765271,44.514584672255864,135.16483139195586,1795.965538802349,32.876744099216594,-53.3391742024528,1731.2782562367563,-87.39114049472997,126.42446837732145,1770.115891399491,32.03983294633207,-56.3726175024864,1714.995557222193,-127.35222279594947,119.51253867289716,1766.3710924445354,52.336701317842014,-36.765996227909994,1707.639780674461,-124.90844473900512,116.80119765495984,1774.4666981752512,52.164558093934936,-29.34984705241908,1714.0149199090697,-112.23580984032152,95.7942463651524,1826.8977271677625,-111.27870819110501,-12.253246531860105,1774.442312680015,-105.56086506828895,88.49732658031975,1847.8131510232881,-316.95452507281834,-14.801217786984092,1779.291442364716,-299.8206905375479,93.37612650579928,1827.9732265614448,-492.88247965375086,-6.004920763074734,1756.2173766581918,-482.4825855001555,97.14685432160269,1834.861442441928,-514.9914581834836,3.783655174643488,1749.7137462148469,-507.21587289654144,84.15732145770131,1794.8835803654492,-551.6095244039385,-3.46274125407014,1755.650208924319,-550.6055608983692
93.4683860505223,1767.3561244365405,279.6771856071357,102.15502905849769,1777.7871498820632,299.7535983817017,108.53833541868201,1784.2785362016025,299.8481347561279,114.9974999078477,1790.1279342883554,299.85963917783494,81.42672201089724,1767.19486790627,301.76565771868866,72.245204200259,1767.2537946609568,303.23777533294896,64.30093190576594,1764.9634420873608,304.1069910620152,112.3076271330101,1811.3480927451499,296.147312630531,47.02648727944197,1776.832184840516,302.1238914822323,101.03863949594846,1781.099902057777,262.47847909248753,77.67769631005777,1767.6272062523085,265.1104660631014,151.33010267302458,1857.9457629800427,174.90916599247157,-26.72914439780285,1765.6856163811617,188.629089640557,181.30088353224792,1885.2701452226286,28.07489702234276,-67.68211504674596,1762.2891367534673,44.64198410859852,139.58676840930227,1808.3717588193113,-1.6863372356643884,-57.15225787116372,1729.3334873229376,-84.7939543263864,131.1871607922084,1786.6058622664962,-21.373766998290943,-60.73743073545349,1713.68435158797,-126.07922763497416,125.17533799096594,1775.8539451603554,-1.461811515375409,-43.428679757828654,1705.653319411836,-123.0615219728354,122.35508142881389,1783.5732360291681,4.5644709551504565,-36.158415505057505,1712.5560793739487,-110.55832480050725,95.4445703339311,1827.0336010944525,-114.57477095661513,-12.384971548866188,1773.260973391744,-108.80687535646531,88.77043630853241,1846.1331520725453,-319.83732178323413,-14.107307374726304,1774.7747022090118,-300.4603266591822,96.4509593915664,1825.5016168657369,-495.93767933470593,-3.407599441623499,1751.3392529297887,-481.58020909237905,100.95124088379727,1832.0268498514301,-518.1686199073533,6.721507767516038,1745.0558408832621,-506.05671854855956,87.60628872045821,1792.3144883671766,-554.6134871203462,-1.381422883880367,1748.602137815861,-549.4022814315801
91.45549576301143,1766.968193740641,280.00428173609015,100.15242000470289,1777.8525147460737,300.2202207510521,106.99663068660844,1783.9605960874612,300.1532193588883,113.35431151843123,1789.3797008267932,300.1115686243157,78.92802096358137,1767.3019330939878,302.32888177532107,70.35474869409735,1766.687950487854,303.5741386362169,62.69667082037356,1763.6310336205477,304.2133493306396,110.27215590776444,1811.0222797279012,296.45834861158,45.72443396203885,1775.039687680802,301.93174076666884,99.13960854733834,1780.718699940837,263.04847142129427,74.65443874199661,1767.964856669304,265.6379230696143,149.06479908382235,1858.1444032455965,173.74153041378597,-29.767059551833814,1766.0144895464193,187.4343799072589,173.37134874697972,1887.2582109366458,30.801098099886005,-69.33179576114482,1763.2486480368716,44.83657682797649,145.06726593647352,1820.0200460908518,-32.423545330786176,-60.63303995602068,1726.8336521589524,-82.97700080443461,139.80877719406087,1804.9886623953905,-65.16385428191855,-65.47492843475739,1712.3630793591644,-124.8133367495123,132.1403108385304,1791.5052299109593,-48.63268717430561,-50.88436076267879,1705.2596975966799,-121.78723312093472,128.18631453222463,1797.2151919064713,-38.09708502713839,-42.990526576393755,1711.547631653889,-109.29950680802168,95.37537580108476,1827.3040968407968,-117.17481506099463,-12.184325856828952,1772.510385127791,-111.60623252419892,89.54611211472,1844.8755919499458,-322.32266943106174,-13.25182895053287,1770.4514539181453,-300.9307063242814,99.27012338580263,1823.6922141519021,-497.8726053820337,-0.278403080588584,1745.6224710539648,-480.95805495860486,103.87485886624782,1830.1264019313057,-520.2079908875371,10.19728572368061,1739.1443491812252,-505.0703364239245,91.43095302038556,1790.2739443820271,-557.15594270397,1.3996357048408956,1742.00662192557,-549.4007797814569
88.61160952774753,1767.5462781991685,280.38521123900466,97.11670169514815,1778.6327627726318,300.6876549528571,104.5530776747407,1784.0259110132297,300.38384046698957,110.68688652065595,1789.2618793947638,300.3343172237276,75.86780599070399,1768.036572248223,302.78644813558833,67.96298785165818,1766.3929502853057,303.7239309207576,60.63963293911704,1762.7145189793869,304.13562704106363,107.29439915451346,1810.983849285149,296.75789264733345,43.93123983974394,1773.845437655391,301.6759571551308,95.93443433273426,1781.395122454826,263.6400465650966,70.96763466510873,1768.9609307646635,266.1554450625527,146.3708019793306,1858.4591807462061,173.37806508515914,-32.51270375035604,1766.0018579694377,186.52186244107997,167.92658651723804,1884.9163265740103,32.84703704373294,-70.99229095813679,1763.8591534882453,44.70110937133595,150.34086711608649,1827.9163256611448,-54.72614718803741,-63.83314019923632,1724.6663588465037,-82.55996181123695,150.4408096713641,1817.5330121820655,-92.43668689101634,-69.64683287484193,1710.6083272049796,-124.03848772503913,139.62587855189096,1806.0364263807132,-80.82886930918725,-57.22509974716638,1705.305255811016,-121.49442232817044,133.92282229208877,1808.74653889768,-68.32729170022581,-48.70664562627527,1710.6345001398597,-108.98625644612848,95.33770805376558,1826.8838243057514,-117.67598240425379,-12.016982182502847,1771.1448474668925,-112.64610880507556,90.04616723102221,1844.7498193466824,-323.66105791194025,-12.77235776359653,1768.0689230940716,-301.1174229036091,101.36390399862006,1822.8577134707666,-497.8299233771678,2.2295140726918063,1741.787838399229,-481.4773591615652,105.75465288703805,1829.001908927603,-519.8852575934857,12.855360357272913,1734.7219993253507,-505.2854219102901,94.25844586919465,1790.6783213780045,-558.4086884890819,4.188595335354075,1739.5672228568756,-551.6749270116806
85.30556520939932,1768.0841949369442,280.834182268963,93.71565071069138,1779.3411536065535,301.19858028280845,101.73566153033732,1783.896749844213,300.63788248220123,107.66795273152763,1789.1168099622673,300.58758643067625,72.55212361569814,1768.8729113014167,303.2792365512411,65.06930283291356,1766.3653585652864,303.9659635690883,57.983248517369226,1762.3341133653714,304.210489067108,104.27568949289277,1810.3645929916445,296.9317063439955,41.442379361942315,1773.6295822995535,301.65656355766845,92.29729437731726,1782.0204836439298,264.14539943525546,67.33344742607858,1769.5818586324451,266.6547982437034,143.6734373134583,1858.533654749967,173.52531712909277,-34.777853355806954,1765.5631014891442,186.01791339056408,164.31663719411,1881.5163383644378,33.69692722360567,-72.549074031597,1762.7904453673966,44.067459395598306,154.0631951923222,1832.9471850533262,-67.25255877948626,-66.81707431552644,1722.8247446029848,-83.2424227034342,158.7525729311885,1824.8599099519524,-104.58714412098097,-72.99543390764215,1708.624606721893,-123.99413014038524,146.33952929850955,1814.8945124717443,-97.36746982789397,-61.774541555776885,1705.5688675694269,-122.11407461987274,139.28084176602258,1814.467444564118,-84.73486773558713,-53.25626964922581,1710.3830536666694,-109.6650310316946,95.08336652110835,1825.2078194459368,-116.60169357233863,-11.95473994822005,1768.4535239726874,-112.21842465587119,90.16964559100899,1845.0441665666758,-323.9555478396495,-12.717963531570913,1766.9794788006777,-300.73914284052756,102.89030179478786,1822.0017855294577,-496.150819720712,3.493989339445921,1740.3482534761058,-482.61349108240415,107.02851678021733,1827.2804488949207,-517.553207138381,14.097898358639627,1732.5984345161582,-506.2643876316954,95.71546907252166,1792.421675141843,-557.8005701677594,6.194473191038254,1741.3814050239534,-555.0472725289629
82.38732293469694,1768.353431681147,281.30719922057693,90.84902230186303,1779.7282969535368,301.6675789425109,99.26371926875062,1783.6218374648477,300.918309472687,105.09044354026868,1788.804252395689,300.8548691043982,69.5713488355911,1769.6057964001175,303.82704728531365,62.21592618688203,1766.6825943017334,304.4016814435541,55.206780947511234,1762.5131580948025,304.5758690368897,101.9574797177076,1809.1283215158142,296.98546031840374,38.68374558435718,1773.9337536882774,301.9300129185138,89.38623796291407,1782.1493363857671,264.5249480601814,64.50109008704841,1769.5781305546413,267.0581231720896,141.6075741277708,1857.9556018818812,173.65663907348122,-36.5845931851261,1764.8009510859156,185.70143901475996,161.08515760224725,1880.171924022213,33.71421573712003,-73.84636507089033,1759.7813576495817,42.91425303953227,155.59695362911225,1836.9312714516345,-73.2951364783785,-69.66241664374832,1720.893780021761,-84.65973587290686,162.19965215967312,1830.6381961099637,-108.86403136554453,-75.79624649389548,1706.477773127819,-124.64956382739119,150.54568559924274,1818.943966587346,-104.46915246464438,-65.0677876982878,1705.6888979195346,-123.39302120292982,143.02768524120603,1816.2358396679438,-92.38815248202408,-57.034545085306895,1710.530327645145,-111.15378150767899,94.47251624394725,1823.1171858191137,-115.50076344926845,-11.932976387735826,1765.250935450667,-111.69333439489226,90.15676752806908,1844.4919322171245,-323.54768438442187,-12.835000597555803,1765.9187679290626,-300.0029470636823,104.2240959597494,1820.0555275394063,-494.04804689182356,3.931495037108795,1739.7292995723083,-483.2962709912371,108.24435792760514,1823.935934659215,-514.8961859113467,14.555982918111546,1731.382993958961,-506.87805174602465,96.55417904963254,1792.8492128788835,-555.7526930714743,7.163178847912702,1744.6736722557318,-557.5531742003147
80.33270726777697,1768.9041739477511,281.7499747065473,88.85674581627252,1780.2502483438745,301.99028971497205,97.41678420687217,1783.8269936743877,301.1517673203596,103.18174072835338,1788.9416902188561,301.08359109445075,67.33493899805161,1770.3798623013438,304.26167635952373,59.926393281523495,1767.413348800377,304.83546470751446,52.90294954012591,1763.173828574815,304.99736459012604,100.41524829855865,1808.0036934121517,296.95900231845127,36.333368588100925,1773.943646136026,302.1707222406949,87.4490762428884,1782.4725538538974,264.8715728719341,62.586746682077624,1769.6802155136752,267.34627424948826,140.2507807959815,1856.9017473359922,173.60051617178397,-38.18905796665868,1763.918405401022,185.30730413569762,158.0305646113837,1880.7776495078108,33.63316250175652,-75.0562931713948,1756.4287259516243,41.38658003120724,155.46920185153957,1840.338958878169,-76.46302999565302,-72.40920254986028,1718.809470972784,-86.73891549440592,162.1163210174402,1835.6571453561173,-110.9670154657672,-78.30202086025156,1703.6722679375823,-125.75955120246526,151.8100156639194,1821.0170411222832,-107.98767492693749,-67.83746597103192,1704.4352673573362,-125.04841472011243,144.37075292454438,1817.3636808960623,-96.38759724668343,-60.27570751335847,1709.6603652257363,-113.20193963935021,93.54031768980862,1822.0972094017784,-115.19829511173334,-12.143099568353708,1763.0692283345606,-111.91468816842725,90.10042055456194,1842.7242010078357,-322.57176563741393,-13.077376760893594,1765.020551443098,-299.5171257018005,105.3978913589699,1817.2645519913206,-492.9647980267405,4.202402250220812,1738.7640895657457,-483.3862598006429,109.53147466226015,1819.6453695948057,-513.7508739901846,14.96664986192597,1729.9289684294622,-506.9015109813904,97.38272649875894,1791.4813190566772,-554.1606492182063,7.599324102410982,1746.821476362111,-558.7357310589973
78.87805857368367,1770.1828595825293,282.0275558949868,87.4361290441849,1781.3580661829842,302.09535764461754,95.99843585779891,1784.8967590979867,301.227325796011,101.67368113811754,1790.0170388435033,301.1744577723792,65.75855283162493,1771.3436880898191,304.3478660630922,58.24316940489397,1768.4492617790625,304.9397509167571,51.19558560205345,1764.1363083857295,305.0865230978622,99.2925363799731,1807.584666531668,296.74488536083163,34.62359924073155,1773.4191936604204,301.98913860003654,85.85136511181811,1783.8436015671673,265.16119532368367,61.098744416342285,1770.6390078205632,267.4931243689702,139.0715355575096,1856.1261234713343,173.56967022377563,-39.87938514312029,1763.1863241038013,184.7525191002005,155.81765111600996,1881.4743909582219,33.80445061667974,-76.47930328274029,1754.4952308284203,39.776690693775095,154.8771297151129,1842.753638594858,-77.7596196152173,-74.92773520786422,1716.7584813971278,-89.19827811212434,161.36322530710646,1838.8084373057195,-111.98525122455129,-80.55105136209183,1700.1888400993669,-127.02432211067722,151.5879432822396,1822.520680050165,-109.53366115956665,-70.37974083057512,1701.3223453864284,-126.80210625357265,144.19224003431228,1818.793293022645,-98.12047281011857,-63.03165727716342,1707.1168354185304,-115.42012042827552,92.46966182601909,1822.3938884471431,-115.40510423912085,-12.950861257641517,1762.4620104170249,-112.62117984850201,89.99315378399434,1840.5631461518187,-321.40137220970695,-13.634454764585442,1764.813067602306,-299.6539227961245,106.37255698038798,1814.4893179264134,-493.5494729617379,4.653372330083775,1737.4561136483044,-483.3524196017869,110.8307131990359,1815.745439543077,-514.630199305516,15.573946843491163,1728.2130969957577,-506.7106977290777,98.33769223648544,1789.419568714006,-554.5781325864016,8.389394685291569,1747.0902564090122,-559.4090593119797
77.64749515383076,1772.0253780108121,282.04493265922844,86.25588825650173,1782.8854705819258,302.00540898021285,94.79267510721286,1786.430557066268,301.1243272303202,100.3452471929537,1791.595381201691,301.08892218323064,64.57597279406966,1772.482023705314,304.07671569880034,56.96791208442733,1769.5993708997662,304.64948640742676,49.898625681307195,1765.2245833818486,304.7700384848643,98.23209143656237,1807.7742300085038,296.26832874028185,33.32853694235346,1772.8147713687536,301.4015708352286,84.2515471932999,1786.0306922662792,265.24046908098353,59.70259996620904,1772.3419254666815,267.453685908606,137.67523521603704,1856.1172815788113,173.67373782512814,-41.62636291776688,1762.7008837531102,184.11704390152607,154.6421178599796,1881.2462101767685,34.05753213342245,-78.08540403738257,1754.0705917059881,38.35742452685926,154.64632053563807,1843.969896780292,-77.3957110683967,-77.08879799664209,1714.8919388320326,-91.23562193765788,161.28071497012652,1839.9031573292552,-111.59927240810829,-82.6156803755883,1697.1867079078067,-128.1834938425198,151.4873250946601,1823.4942328999948,-109.23672957244125,-72.67087749282331,1697.861978227744,-128.36230950797804,143.9404035435077,1819.8084582184247,-97.7781573970418,-65.33308500130731,1704.1080128507479,-117.26016619037327,91.49874614888654,1822.810298593351,-115.62488312254268,-14.344032135321655,1762.6814906178256,-113.23804768192701,89.93103225750077,1838.674690397212,-320.7876268209691,-14.45360651167145,1764.6569648752638,-300.17237680679403,107.24487411408124,1811.971890116831,-495.0207127078581,5.201608754823803,1736.1891963302694,-483.1287748253708,112.06523299103698,1812.7110961066974,-516.3080210120961,16.171222177509147,1726.6763842222965,-506.14647180858407,99.45336144257296,1786.7135720023375,-556.2836596049243,9.815753225508285,1746.4851312032886,-559.8556887200119
76.68247949189897,1773.4549401192269,281.9097322266016,85.280911904657,1783.8314052023238,301.81690971886434,93.75870475069745,1787.2830024506472,300.94330147221143,99.1823805842233,1792.4218778588297,300.933467599468,63.69508564434768,1773.3375641229356,303.69189904107276,56.024227963606144,1770.4613265501123,304.23196662501715,48.91258854115082,1766.1340710387144,304.36342983474447,97.00928292438795,1807.8350802801629,295.75952537447415,32.22935591756627,1772.5882036073474,300.82255955450574,83.05491917359527,1787.463145360054,265.13049607069775,58.59366160163005,1773.6585442700625,267.28426786312025,136.21293274920814,1856.5137593871098,173.65084950438745,-43.09464726913615,1762.2317489359234,183.51823370888087,154.0921286219079,1880.4404918512037,34.162412019001195,-79.57537770257557,1753.97781016049,37.22293255209478,154.934857624682,1844.1505577348723,-76.7964083558572,-79.04694550565179,1713.2270195583185,-92.11252250805893,161.59355048367024,1839.754286956045,-111.02529494284548,-84.70707851119053,1695.6415631591515,-128.98402294665476,152.01649543472772,1823.8160270904448,-108.65598609233109,-74.74378530793516,1695.7386482646787,-129.39419456579205,144.32636960381393,1820.0666446581272,-97.0341145823358,-67.32809330947848,1702.0636939696471,-118.25137618856888,90.79010167387074,1822.460071795692,-115.87481742816314,-15.83828405765463,1762.9987792405996,-113.70891562492588,89.98393111902618,1836.85626558204,-321.2178508874454,-15.139185592512685,1763.8258087545403,-300.5321388036149,107.81151842575734,1809.815729283115,-496.03464625290695,5.386953666166784,1735.3220568443533,-482.44842155005597,112.82488989742204,1810.658156667589,-517.2729154612581,16.267253373692153,1725.850705648787,-505.04659950594123,100.39091758251462,1782.9385671215264,-557.2937501772591,10.896216687316043,1746.1831559396621,-559.5971863387592
76.05905816676331,1772.7050042867195,281.570023044433,84.49489263629081,1782.5725808346199,301.35431294740715,92.83432680765296,1785.9931195665226,300.5448608359119,98.14103026937902,1791.141224704335,300.62218272155695,63.03494572547448,1772.6737270450192,303.16064331793785,55.33003892508523,1769.9942488506056,303.7044356869331,48.13959517211663,1766.0590493954899,303.9328285004735,95.5968982616034,1806.6401390970257,295.3713632692184,31.221925216158034,1772.58381398069,300.38743112420957,82.51817177997572,1786.2456838114445,264.85109766999153,57.957794356034306,1772.9634149712788,266.93286009633056,135.01670802701108,1856.4742467350088,173.1210501187878,-44.11249872424949,1761.5197425438446,182.8560586158968,153.8419794061425,1879.727604867775,34.13908403081821,-80.78350421457749,1753.3284494799298,36.17650707740322,155.69120433967794,1843.6901545703695,-77.55242891775693,-81.04489748292575,1711.3848532274258,-92.0370799401783,162.07280398699072,1839.4016806754369,-111.85464415443458,-86.87445379211734,1694.6797319584855,-129.29817316670565,153.2406513677727,1823.7220256083838,-109.55078057503616,-76.85324781196621,1694.3975087932954,-129.75810319538408,145.53730250061272,1820.047846169097,-97.79822091073102,-69.368533366441,1700.6420749913123,-118.44994412067828,90.29075577371775,1821.7569752232548,-116.46879789040888,-17.12533238559991,1763.6088608857333,-114.3551139991058,89.97995079607149,1835.2604485587335,-322.5086996857356,-15.552272983901283,1763.0807605672273,-300.5599481780414,107.36400927060222,1808.83590603085,-496.1048654483651,4.964236465053984,1734.7529477536634,-482.14759020090366,112.30875844738155,1810.2579050053662,-517.216261867542,15.750584432491705,1725.7252946850608,-504.6582726525306,99.95861469812667,1779.3306135008052,-556.6776831728332,10.51012434638419,1745.4791175393393,-558.9702263513199
75.44494359361968,1768.3365735746993,280.23044341688984,83.73778933136454,1777.9892256569321,299.85305381386144,91.88927726876761,1781.7656909527645,299.18951043339825,97.11041837242739,1787.2443110662575,299.43921122464315,62.36038029901058,1769.0935193232967,301.7175858362417,54.640652209654604,1766.867682663906,302.32288911239266,47.332533866024576,1763.8736411390134,302.7418142895777,94.26603994488669,1803.3719600709485,294.4764706717015,30.18576502675795,1772.0202840119593,299.4256375165926,82.08784381096295,1781.8162698559645,263.7380463488155,57.48926807521566,1769.2697588234548,265.7342801705462,134.1206243873489,1855.577092453107,171.8961262901819,-44.93923658739306,1760.6244770177072,181.5484607577058,153.84507794504762,1879.3816412972612,33.99550518603844,-81.7498790972504,1751.9645815775712,34.6916091948697,156.83677793363432,1843.297199654411,-79.86240760168548,-82.92918662369124,1708.6152940024444,-92.18511807596879,163.09632837715762,1839.8869703342586,-114.098360617613,-88.74947863821077,1692.3820663483757,-129.38017955317792,155.42039970038644,1823.773216827312,-111.89731010352837,-79.15417059260473,1691.7345063859884,-129.82827554520466,147.64235227010013,1820.5038021551793,-100.25979977512559,-71.67740859391473,1698.1849206543598,-118.57457782010243,89.76392162015624,1821.3640395633408,-117.52833033256148,-18.443474377431553,1764.7702064796554,-115.31544794852022,89.72810057717841,1834.6882432756968,-324.15938070338774,-16.114951666565716,1763.2061531261377,-300.69230784604446,105.55100632353982,1809.092905760964,-495.77259140180655,4.543784951507124,1733.2004002531723,-483.7968903194535,110.19226936907367,1811.182493769033,-516.7083051952137,15.443683363608539,1724.8191899553535,-506.8555156030881,97.33325882615306,1777.2704976062998,-555.0253725224915,9.61781786070371,1741.640614057697,-559.4763378146038
74.50128804147552,1761.0827171064534,276.6722651137606,82.96922457245425,1770.9710274505296,296.3361836287002,90.9379224603469,1775.56651993455,295.8916325829297,96.11556906555467,1781.739322293872,296.32316246498794,61.581670852699276,1762.687522520568,298.29356563080944,53.84551125324427,1760.9680546264722,299.0226372882224,46.400161401069916,1759.2719294304675,299.7031612102337,93.3180254070829,1798.6612442438245,291.8766362234396,29.11941329560151,1770.1498505343407,296.93329928548553,81.120559804121,1775.7978608924036,260.56520280339237,56.78898049363526,1763.3385105439515,262.5417586381788,133.20529447053394,1854.2782537499666,169.86497077094984,-45.8826146741122,1759.679208111864,178.7250122436033,153.99470771709673,1879.3935016766006,33.34831355511687,-82.55381285181265,1749.8638330180247,32.22416777413156,158.14576010912333,1843.6099105426913,-82.92020805756685,-84.21794138080283,1704.5378782207804,-93.4954189962649,164.97940639348025,1841.3845810291737,-116.75924840686805,-89.8126746229191,1688.0303147244053,-129.68773784258988,158.53707416292625,1824.2553515395493,-114.58420635175553,-81.19247974523799,1686.5538833762278,-130.1261844688713,150.33706722080169,1821.6977571489415,-103.38970097899005,-73.78838986617554,1693.5622098105257,-119.27065652461054,89.06767525411469,1821.070460338629,-119.08768663420379,-20.044035291863768,1765.6623596896782,-116.6560471578301,89.52222185272879,1834.3435359118266,-325.94095459920493,-17.058845599077934,1762.489031238028,-301.541730300561,103.54763825079469,1807.9747992268417,-495.98970524317053,5.120681607963501,1728.9433336764207,-487.5945643111281,107.75475295287107,1810.3770197632045,-516.5475834758912,16.34362342939051,1721.1322219379347,-511.49899006729487,94.70608954496748,1774.511919665518,-553.7821729267378,11.375289866824765,1732.4578237963724,-561.7063548581107
73.4289238748415,1754.0649436226524,270.42624276058825,82.37960565299977,1764.3659797294101,290.38058459796594,90.15484063442521,1769.8941613865336,290.1777729897585,95.31543655322619,1776.7273124883377,290.69097754770297,60.92616036181408,1755.8049382330476,292.42658241633484,53.164244196610724,1754.3451023749917,293.34469517300386,45.59975701527855,1753.6928364932437,294.3213375019846,92.59779094254134,1794.637948220902,286.87159186907394,28.244614392475356,1767.0564395868516,292.4156860497179,79.83408459544052,1770.859130494793,254.7796994459686,55.944256853102445,1757.4901253794956,256.7512697703404,131.88145594971965,1853.3779964690532,166.69016277044284,-46.83147603927331,1758.4356704464067,173.95730411081195,154.02463684680308,1879.6899431971372,31.5040530219407,-83.38784083927636,1747.0963061887571,28.76330516939297,159.48721637834842,1844.3225382112096,-86.06411950230306,-84.86183067455998,1699.6921458790284,-95.52454095862018,167.65282683859897,1842.422264578767,-119.39900905587498,-90.12067187474912,1682.5637580984803,-130.28305249037763,162.02993772167673,1824.5566626068119,-117.08024693015392,-82.23311390527728,1679.3166464395101,-130.55414603090452,153.0524051599821,1822.877944233366,-106.41621181067589,-74.9116001100727,1686.9885062712056,-120.25706198324735,88.34345570385358,1820.3280697741966,-121.43989324351116,-21.632544189850805,1765.0783077294577,-118.84212191116124,90.0848412458885,1831.48357888566,-328.12275293359096,-17.683224130433008,1758.3096197074651,-303.5282835731236,103.54973946416548,1802.5690012266095,-497.9367167850868,7.1189871602628765,1722.323720527667,-492.1705583964038,107.36903262535333,1804.9649300006517,-518.163384069806,18.626979540863616,1715.0686731669466,-516.5954898581768,96.80316304449588,1766.7692781169278,-554.9967368221243,17.982980085431493,1718.9024204563132,-564.4225922948008
72.67549316530327,1750.2106041645138,262.1977835148427,82.08558176175782,1760.65280071032,282.29457070463127,89.60359804370911,1766.754728892581,282.27151174563,94.75299066022258,1773.7775270349955,282.7539898831249,60.565054092689834,1751.286692570522,284.4833673802118,52.77957040383619,1749.6948829442215,285.6212731592921,45.137561413428124,1749.3311617737686,286.85901941645284,91.60746110592956,1792.974850035669,279.73397780940456,27.73890867204003,1763.5420598820797,285.8993679470811,78.95406911315824,1768.413242211851,247.06899119398724,55.34094335975055,1753.7653398044679,248.9035335533423,130.05445721019728,1853.0548347119034,161.92243228057586,-47.41760168163724,1756.543628457112,167.76242157297654,153.7868748351122,1880.1080526733128,27.861864305584813,-84.73894975953691,1744.4501025880736,24.873247542103375,161.0953396431461,1844.2948508930742,-89.22321043886147,-85.69679315722517,1695.0755840534998,-97.16388066883623,170.82199446163207,1841.3879433888017,-122.33857542021961,-90.81334210548899,1677.1718055311792,-130.85829435633627,165.41630460879338,1823.8338597450797,-119.66919834539287,-82.53175395125463,1671.362859384539,-130.66701518571261,155.63156669986566,1823.012877761273,-109.28719962306774,-75.25744873898302,1679.708886427327,-120.85416360280591,87.80311951069761,1819.3260209574175,-124.95449150835415,-22.691558156897752,1763.1978434992589,-122.50825272915266,91.71639679112006,1825.6607764971818,-331.1647449491065,-17.09211007210771,1752.012829927838,-307.0955014002049,106.37457239213684,1794.5810540740306,-502.71316950910267,10.323720478679856,1716.959476427808,-497.3418203976034,110.07587274884325,1797.0983300885832,-523.2911861824615,21.966250769407786,1710.53326108215,-522.0500821471811,105.27673528741978,1755.0467410973436,-560.4126911803069,27.817046716851454,1705.586181540511,-567.1702905256099
72.30528429528606,1749.38426366181,252.96865604136178,81.9335955699879,1759.5896659124805,272.71002160659293,89.12066359353423,1765.7512516959832,272.75474238667033,94.24759130686543,1772.520827740158,273.1973540787269,60.34594430172516,1749.6003167893925,275.10467963047853,52.5308216663311,1747.5485161306603,276.4063239894198,44.85174727153332,1746.8204011689945,277.7858311265949,90.20160412058944,1793.0221373894765,271.2152807342837,27.53133461892377,1760.1220114193557,277.52284132679995,78.6508444986518,1767.4928617856497,238.34616586249282,55.09401368150276,1752.0912986255742,239.96465007861386,128.10122855640918,1852.615136405708,155.55707384140345,-47.52361175463305,1754.1667764734375,161.1762717057614,153.41839500615538,1880.4585078208859,22.236196544873902,-87.17921307952761,1743.1649659605184,21.034305632175773,163.1045943608323,1843.1678903504626,-92.9262225512669,-87.68985070830593,1691.386115686401,-98.6109925315652,173.77443851088088,1839.0353510865643,-126.06583740118933,-93.435470712074,1672.5608632387991,-131.5834977566648,168.59118375636655,1822.4825450175863,-122.9580205549118,-83.69050841673776,1664.4490892123379,-130.87972086139027,158.2998753459014,1822.4793395054767,-112.60231153682855,-76.26302120390805,1673.382944736072,-121.41026681056269,87.38182872576773,1818.9162390437293,-129.75719311347694,-23.170861237275805,1761.7596219364573,-127.87786654793088,93.75763914276503,1821.1476120639854,-335.2171974421997,-15.632516864044247,1749.3972722610165,-312.67452661219517,110.23739014326134,1789.7783137379756,-510.3900946106613,13.970297011326288,1717.1637009634653,-504.87924237247887,114.26900169913877,1792.552177877113,-532.1475066513726,25.707123440114085,1711.7795104828544,-530.3839117409242,115.30296447271367,1747.3375826102283,-569.8023046702572,36.559180095405765,1698.556170326001,-571.8894062543004
72.03364817875045,1748.907183257496,243.32572302449492,81.71199524776155,1758.7473998474975,262.45553142441094,88.53371584891762,1764.699591587115,262.5150869231978,93.59944110215423,1771.1863577013976,262.99789014394804,60.06702928064366,1748.4995135011009,264.9763849114473,52.19002334665147,1745.8661558426227,266.31833639704143,44.5127105621084,1744.6427346938588,267.7043814737795,88.79849319236203,1792.6378170615833,262.1652728467093,27.454094900574372,1756.5736495856604,267.8543627909875,78.43658951985239,1766.0445144755085,228.96606119640774,54.98613588455948,1750.6714872284883,230.52617139035064,126.61441143320516,1851.1865424746768,148.31050669029153,-47.38608296340105,1751.6480577646748,154.79143558149772,153.16501168405904,1880.664342989813,15.032464108958191,-90.71568590740033,1743.3787801721362,17.066151131172912,164.98705096979512,1842.178124958658,-98.06106798068194,-90.72425517159786,1688.7518031393035,-101.49931407243389,175.48836431224686,1838.0894847378183,-131.09543572067582,-98.29696596460685,1669.2155641324782,-133.2655632954394,171.40794522405795,1821.9074294977688,-127.74768061023939,-86.93173549838022,1659.9019052474382,-132.45427093235392,160.9130545353407,1822.9050625867656,-117.45146473455846,-78.80855117427166,1668.9737427875402,-123.25306082857956,86.76955563708805,1819.7081522391272,-135.78379842415734,-23.511521078356505,1762.1941481439023,-134.72267573329958,95.30583513269809,1821.9570855011834,-339.9549479420265,-14.77648432282885,1754.2313983908084,-319.78732028680963,112.79231780171295,1791.2142983746728,-519.4911760908218,16.380611977747975,1723.795515979225,-514.9415652296044,117.50217976480309,1793.8715850903357,-542.600441172517,28.01559598252843,1719.2850992591511,-541.8961620422174,121.03978628348861,1749.3562317495434,-580.6993964315917,41.11588671025859,1700.776126275749,-579.6634370942411
71.72254659399334,1747.0546534107302,234.026437904891,81.40896793148175,1756.4958145795422,252.79795088264166,87.89508889565958,1762.2895156397374,252.91357676883803,92.85193615329808,1768.7172256044769,253.47720103909631,59.76154969703089,1745.9902168995745,255.26125294976978,51.794363062300654,1742.9259144595096,256.5430983734084,44.156527154844404,1741.3523180447853,257.85948156596527,87.79522605189146,1790.7040171059482,253.612942173154,27.368540051000675,1752.5560989695118,258.33403982355946,78.01843409768891,1763.263514558456,219.5337918416267,54.83457878330003,1748.3075163670715,221.24450970192973,125.9051841559161,1848.4099933690013,141.11543242863536,-47.26893078837086,1748.6864290728602,148.37523393726397,153.12225528363123,1880.570469974043,7.18338511366694,-94.39777072479977,1743.4189058671575,12.271128610499389,166.345833104394,1842.1331032140965,-104.94425106428041,-93.89991000885519,1686.4611089004081,-106.44818715665632,176.26638068023078,1839.7258067602784,-137.65020239028289,-104.01290961796491,1666.7557355876263,-136.2399893224835,174.10012827364312,1822.0533358668954,-134.44930379522663,-91.5539477243309,1656.6439205537856,-135.82105776885257,163.38735326875673,1823.8900622940475,-124.34895359220091,-82.09687052536206,1665.4733562806996,-126.89009958125854,85.81561296423955,1821.410287796198,-142.684488772278,-24.04573969559888,1764.1178591498563,-142.41310894875045,96.2438573053894,1826.1787197377585,-344.9594835274553,-15.308193718073502,1763.0901304173417,-326.81643583577323,113.6788712778748,1795.856912951486,-528.0210181889054,16.016871433186182,1733.1823817094366,-524.5756152894647,118.85977856743074,1798.131679325242,-552.0358962648735,26.87139207648883,1729.3576915519475,-552.8299948551721,122.7023279968083,1756.7691664445986,-590.2807546613772,42.12932202101748,1708.681298572687,-588.2244027748468
71.52720722675473,1744.6757838896995,226.4462942004444,81.20693931724911,1753.56842200409,245.22460793330788,87.45848312798496,1759.3550763076707,245.42002223930626,92.30333411072111,1765.7929848302374,245.99492917261585,59.60158107397522,1742.51883652685,247.5611051557284,51.53184552124176,1739.3553807320666,248.76102000295296,43.943227775317084,1737.366206171624,249.9586643994872,87.17826955931443,1787.9627941966587,246.58132603487815,27.123922709687548,1748.1362586711539,250.52635316175366,77.67000029910851,1760.1836165859359,211.59432182349605,54.669660145148285,1745.4992289712015,213.42221396822455,125.81803694234463,1844.5975166182964,134.37316749909843,-47.25693089431283,1744.7492711109892,141.54478809803618,153.19021318751237,1879.8004263635546,-0.36267163621070275,-97.10570451241901,1741.5170083205744,6.191715243953958,168.5776073004816,1841.5501342451166,-112.5040681524226,-97.60386151178193,1682.7380848289022,-111.8494534970676,179.27835750529871,1841.9940971286517,-144.80664562658671,-109.42895034429517,1662.6195130588358,-139.89527155977154,178.7334335294804,1820.8140956309178,-142.0953898572625,-96.40287214497786,1650.707881271004,-139.97698666802444,167.45930918853279,1821.7045368493186,-132.0760050241171,-85.64761880934915,1660.015812766796,-131.31171536540603,84.72303184920167,1822.741110487347,-149.60298268393365,-24.733083356374436,1765.8006726916183,-149.7465541294081,97.04132348097913,1828.6598822052451,-350.4425948656534,-16.345610275841086,1768.517621689846,-332.7186509099249,114.08176727753523,1798.9586353761092,-535.6640262033421,13.792189985119157,1739.8710458072146,-532.3829145768858,118.98230766296479,1801.4936821546696,-560.1527383996706,23.196166074822145,1736.8388035180706,-561.3008274022565,124.45497581098596,1760.1959346479043,-597.9591712003983,42.951583927154054,1714.6243133841506,-595.9217255531249
71.66731165493722,1742.6915753050669,221.57797200626925,81.29429993508019,1751.203656695016,240.48586191488005,87.44018720665221,1757.0667359376746,240.6887178588577,92.23326019346612,1763.373321583313,241.18501965132432,59.71545813911582,1739.388274016133,242.76458114214614,51.51993742797669,1736.357913567705,243.90738834889757,43.93427302439836,1733.7359111115097,244.91553891335047,86.82965669417331,1785.4358793832062,241.51427708500646,26.67394897068414,1743.559971877221,244.89858333230617,77.72245968570635,1757.7106036441014,206.44460052177436,54.66269654462491,1742.7989765891293,208.14957904902099,125.95432717896527,1840.6583796944992,127.95912480733605,-47.34481971995714,1740.2812923983176,134.67591595691368,153.30572559783354,1878.394308545965,-7.299637859020148,-99.035967731327,1737.6009327613026,-0.6995214867956209,174.70052631163642,1840.0631008167898,-119.59805966123038,-104.27245816706332,1675.5847222022423,-116.16439190745791,188.64707541679311,1844.1445630941698,-151.22293546766855,-115.56024784383169,1652.807020685191,-143.74830188463258,188.82099506453602,1819.2787935580109,-149.31615727137446,-102.6804344477566,1638.4073827642178,-144.0675718166515,176.62846339857302,1816.093211253429,-139.15177265571958,-91.75252325340354,1649.690950231689,-135.49152932274993,83.73734816568964,1822.1842052227767,-155.63783079267546,-25.52641402264098,1765.6732395487177,-155.48459080010838,97.79181874267336,1827.7414119979303,-357.42275440436714,-16.537132082550897,1766.020821408697,-338.4614171388509,114.58972240210781,1798.611819605215,-544.4751387620388,12.71266145604165,1739.7463736357365,-541.4778792297745,118.76233990814956,1802.194061899791,-569.1312336630258,20.886749540216517,1737.3049494040138,-570.8596233384781,127.24261549561423,1755.0880901407793,-606.1567300525126,46.4205587177054,1713.350813376042,-605.3651865319179
72.22145530241318,1739.8736741557345,218.82767725226182,81.64389408469209,1748.993699433735,237.90924444524123,87.76030104192157,1754.9604907804683,238.03226910153248,92.59155677473129,1761.1155682377214,238.45182207536448,60.100621968647516,1736.4498259690818,240.13627942975305,51.77876555879006,1733.4429952848816,241.23495961883287,44.10697693194704,1730.3362332038346,242.03400971460647,86.7668910046201,1783.1061016987599,238.04673971388286,26.23326551168272,1738.9833016712973,240.88787867617134,78.11099197546176,1755.0012955720204,203.62809065143983,55.00767101996388,1739.3639913532816,205.05781199394877,125.88475911397103,1837.5632158424426,122.0482879040439,-47.53012351881564,1736.468765218382,128.89525056226847,153.84717954480644,1877.136805659715,-13.932261921742116,-101.57913434265627,1732.0312697006375,-7.182750006076707,186.86719984346945,1843.844952124105,-127.21051206674771,-115.630276352087,1663.771617177436,-119.64357282511565,205.512100279048,1852.1242771904592,-157.52294069199053,-124.7475754742803,1635.1366982885393,-147.50220611769103,206.4622641494302,1827.1685718295548,-156.66912735355635,-113.57119901588784,1619.8995996686479,-147.74173626296638,193.37340837969393,1818.2621866904597,-146.6100025285904,-103.85778339507362,1633.312900490992,-138.95617517639585,82.83830662170385,1819.5122307745519,-160.51856897819326,-26.558909259139504,1763.3981840588456,-159.4721294121203,98.16939740104654,1825.7865597386967,-366.36429708435145,-15.566157158239797,1757.0846915382024,-345.493610603948,114.67293991057639,1795.2549964719353,-555.8273045742192,14.418699642564526,1731.8765385324525,-554.0417637694878,118.65533862258775,1799.3842008563709,-580.1417539497111,22.363498778895455,1729.0312107899213,-584.046496802676,128.1127074778803,1744.2927716484596,-617.2389595644105,52.42454108735686,1705.378551651309,-618.5949070108591
72.98498248818252,1734.8668434797173,216.60864573675917,81.94363891583782,1745.796524851058,236.09705410080878,88.0328448609959,1751.8640182374872,236.12576761071963,92.98535142279084,1758.1377727550823,236.50642359435267,60.53930521103845,1732.8835205161515,238.17384300592363,52.175827687976415,1729.5782254789942,239.21372975971775,44.343652931453356,1726.5685253433235,239.91904747539022,86.88662668371012,1780.5237606535518,235.464040759845,26.019229513600536,1734.68866268254,238.06536406973868,78.49410875935793,1750.8908510266654,201.54025178702443,55.686820829300906,1734.404357268394,202.7649404813337,125.27636388947144,1835.2060131110886,117.5680466221731,-47.75356652258813,1733.6386478009254,125.13892918952601,155.88065400368023,1875.9554949024787,-20.08412081934404,-105.07717674756708,1723.6102977877315,-12.101195046833109,205.41870265170206,1861.5707209249192,-135.7102756023153,-130.07347224976297,1646.472620088456,-121.65333454143956,228.4008477899657,1874.3280066941159,-164.4325173097047,-138.37323209950694,1611.253806835517,-148.68350380326248,231.4905952082884,1855.5396156492181,-164.17983083810378,-130.71122900554658,1598.1677985951578,-148.49525181037765,217.97807367520687,1842.8404933645409,-155.05082152605155,-122.44313919615745,1611.705648090348,-139.69051921761545,81.88683694970045,1816.427254149807,-164.38976164073378,-27.793042692197616,1760.0621210271227,-162.59025009051044,98.05928885562868,1824.5931071006055,-375.34140863781073,-14.123550346278332,1747.18663280468,-352.97259508710147,113.59890917914421,1790.578450646097,-567.2758979243855,17.557998318775557,1719.8111426963292,-565.9602729709355,118.26463006107807,1793.739310139768,-590.7832611015731,25.8428380824415,1715.6528565598378,-596.4070923634374,125.23041547925925,1734.560380934357,-629.5517452697436,58.286755633291854,1695.7008759399887,-631.3719084156855
73.5697593458524,1728.9963511604587,214.2265167262148,81.92876194328385,1741.8473999137582,234.44625124352902,87.97239508753391,1747.9500256911426,234.40841217230582,93.09534521572684,1754.5907642460925,234.68612655067233,60.75364397027003,1729.1517356690745,236.35012515599217,52.44713014196747,1725.4539209154225,237.3195142188393,44.43334538136675,1722.9226682491144,238.09035295045095,86.87273418626457,1777.78800084592,233.38516789220765,25.89101634652914,1731.2093989298787,236.58265963127434,78.63892631526498,1746.1503054406032,199.42570872362208,56.35266107330456,1729.0855376939012,200.58381117474113,124.13440922009862,1832.3419727534115,115.31814802214934,-47.86116321968516,1730.8307175089726,123.35724973254102,160.75712454720565,1872.9908277230634,-23.915399159118483,-108.09522619038685,1711.5872628152783,-14.467200531345894,230.77106708552648,1890.8267124618005,-137.58936094482092,-145.07105724205462,1623.5371736770032,-117.68810688157043,257.6096492314719,1907.5470880392884,-165.27729263699274,-156.39907834741615,1584.686655573999,-141.64825694673905,263.7273047583918,1898.7163630863238,-163.8509876003117,-152.78392843523153,1574.884776097447,-140.52184940070902,250.2703933041621,1885.946976726349,-156.141687935766,-144.82858428671625,1586.8462606630778,-132.9265687541692,80.85832270653864,1814.9025010457046,-167.10967025288016,-28.873159284230816,1757.3806097063662,-165.29038923393074,97.36834590959403,1824.1904790252877,-380.54006049835823,-13.135050027166127,1741.9636727438196,-357.66923789064367,110.91810088126715,1788.2589913909223,-575.0840123714543,19.79707264467556,1710.660173867165,-571.4682562369447,116.24821105694585,1789.6437136109828,-598.0078511388493,27.857002181590794,1705.3277087772935,-601.8223704643103,119.72015682213767,1732.667200644134,-638.7434376387661,61.07511090555286,1691.3278033003576,-637.8244886674362
73.95813995870753,1724.805698770613,212.79647837459373,81.87032155545516,1738.3908908024246,233.7829585099032,87.84897523044187,1744.4232379952994,233.7016035580731,93.12652864435245,1751.3110750721044,233.73871927250963,60.88943857904347,1726.3577030864542,235.63291099987737,52.6101557171975,1722.5892598604075,236.54734987229844,44.41508289351958,1720.2883078707678,237.40575742869564,86.62858303393962,1775.2399155854944,232.15931272331937,25.642625240706,1728.7411836676506,236.52666697209588,78.71903683948892,1742.6469849570278,198.1775397404734,56.77631415826609,1725.361058547912,199.3489232381192,122.86078197843018,1828.5700618084666,114.85228040959827,-47.76286594402376,1727.1240606818724,122.75019593046918,169.1850535006429,1868.121869591262,-22.233707407760104,-110.2653377527503,1698.8188731730836,-12.74792172746604,262.8290269091591,1914.415618644838,-118.46869736965024,-161.20860167626284,1597.5281846146465,-101.69246052904114,294.1485246224324,1932.836754381731,-145.17153970091118,-178.20090378480037,1558.078039117317,-120.81293002842034,302.00304990315584,1931.3669885139332,-140.1048873654969,-177.7059571515736,1549.9419919424106,-118.18035754873473,288.56566502667147,1920.460638656249,-133.29535235434955,-169.00690733076817,1561.2818597934668,-113.39405460016363,79.78762521186599,1814.7869843324747,-168.1986765655604,-29.505461834036478,1756.0169876294185,-166.8855857876,95.68246880889586,1824.6660190393782,-379.5390838597091,-13.335751696005968,1743.5344220354566,-357.1553500352466,106.95100212062738,1791.6747674988133,-579.2522821318067,19.886766877571155,1709.9527946727092,-570.8844694347392,112.05149326903091,1791.9707245582206,-602.4548657970769,26.800859895554467,1704.0714908571279,-600.7547181786641,113.8799709192498,1740.460627646055,-643.1359396870448,59.50322873034557,1697.3157230190868,-638.639653655579
74.65763309456703,1722.6974591539567,214.42807156164847,82.37286896928038,1735.7207004506781,235.68001149195737,88.2353869566255,1741.638023195857,235.5739775992743,93.57463229858878,1748.476884632075,235.33287237893757,61.51632430851247,1724.3216653460377,237.5883796450056,53.15199407772724,1720.8462964508078,238.4493937252157,44.800632917630104,1718.2808698754588,239.23551888749475,86.509647629474,1772.7820994670385,232.97493693381668,25.60006061708318,1726.5318190824448,237.8695811573305,79.17673294260504,1740.7300420737993,199.468183355524,57.272544499608735,1723.4681690466757,200.76871017476196,121.88279383214885,1825.5012665753352,115.38123917478188,-47.6865777378288,1722.5944551532134,122.98428023741485,180.73333700275055,1866.0374953481894,-12.451276878704407,-113.99684545822983,1688.9186297642227,-5.030490348377822,296.67789511671054,1916.9459859048593,-71.38353020120437,-180.2725816180518,1573.528561777346,-70.8127338908219,332.49593325611,1934.2714125099237,-94.08919723106186,-201.67152534729036,1533.6693920790608,-84.11259844907761,339.4704279353104,1933.664235961111,-84.08670516643357,-203.14367510134258,1525.6519288340296,-79.37108336557824,325.60354003336073,1923.4219163903092,-77.84880660680594,-193.9031097036936,1538.46718327673,-77.90777787484961,78.72859265804415,1813.6199964626578,-167.3509113246084,-29.74848437420626,1754.5461804624329,-166.572327172774,93.07190847080732,1824.67341182748,-373.8332809721327,-14.799481763444998,1748.3189002708252,-352.7377487646075,103.34582105277842,1798.3945313766915,-582.5876642243956,17.941534023964916,1715.9219240149055,-569.1424150815266,107.79836246234281,1799.1460382594664,-606.9870949680733,23.515460155867828,1709.8344930981289,-598.5050159753213,110.03158376527318,1750.4195537345183,-644.7227501414694,54.63733845127057,1710.4982561855127,-638.7479585633984
75.73672151851363,1721.3418933744672,220.90411157490638,83.41291202085986,1733.251227788377,241.6509336471581,89.11129481555328,1739.11375652896,241.5153184099823,94.38524016636767,1745.876432512406,241.1141709367629,62.74295797728476,1722.1052868067063,243.60233732988755,54.316046447212344,1718.8982509793602,244.33504866406335,45.97093977487415,1715.8318361269557,244.83601744484193,86.82221686509669,1770.3150986711971,237.72787674282583,26.324893931413712,1723.5855253525262,241.69284138048522,80.06163720810241,1739.3196953586612,204.85597317928122,58.15516483975068,1722.1597731367613,206.44158457981882,121.46684688188463,1824.5590247251255,118.17640910440633,-48.20927241134978,1718.0540125171854,125.42296522359909,194.17983238530223,1870.8694936664529,5.6534530558113865,-121.06968120944651,1680.6117208690891,9.531713192307175,322.8076819748791,1901.4444682981912,-5.933480933966798,-199.58119477164374,1555.774924933819,-26.22892216466407,360.9112620733133,1918.3546316088214,-18.05678540890849,-221.81727966776225,1514.8034946798884,-32.7338795418388,365.4400618815922,1913.0895102113852,-4.513957303554967,-224.1607255909989,1507.8113584751613,-25.011956870081008,350.8392428265305,1901.2419683950375,-0.47570097491098373,-215.19842787642054,1522.4114982075716,-25.970148942931424,77.87011486572044,1809.180148169163,-164.38511790426242,-29.953577143664404,1750.988664279221,-164.0905472546261,90.38557404811792,1819.8734626833593,-367.34237198309967,-16.56801032170243,1749.0343521002033,-348.213888076674,101.67684180271196,1800.6292996044888,-585.3613986430734,15.19263441965333,1720.5036966625564,-568.1511100532788,106.29515089980221,1803.5553670192892,-611.8129707778439,19.88432044395374,1714.826005246003,-597.4008275302491,108.9739531953209,1750.633581540694,-644.9845744898975,49.355367776679316,1718.928630878424,-638.2375465896919
76.2673393566122,1720.390959109921,232.95589290966586,84.06936257819213,1731.178986499876,252.89856483084841,89.65452966187254,1737.0802537830143,252.69836324176367,94.79595328271495,1743.9780438497075,252.29511521588455,63.785813684394846,1719.866021562559,254.76044461941322,55.4894070167526,1716.605033733548,255.25853209321875,47.42322381289066,1713.0088670194298,255.3861952830089,87.34913711542677,1768.4192724263564,248.32465342842707,27.56954740876737,1720.1193443202849,250.59620699007763,80.74737657800178,1738.006429858216,215.51957191178536,59.03190819027324,1720.806406188571,217.29956324912024,122.059706497797,1824.443613028278,126.55416178233256,-49.84507639360727,1714.632947119526,132.96067560944942,208.21050702844911,1878.9839593931047,30.064614772688646,-129.34912025806562,1669.6910362473134,29.930911816038325,334.718889800618,1883.4883570333247,62.36967119982051,-212.43271317830806,1546.0530374582559,28.916332119091773,372.9639328460994,1903.5677995555945,66.62582957656515,-233.33072622045944,1504.4138929183039,30.260640510554428,374.9926992873083,1889.770148361139,80.11300641981568,-234.7565063248129,1500.2794873248927,41.77705892664517,359.61653556289514,1876.5935468430434,79.35141388011702,-226.20506877566058,1515.4048750270815,39.3586055252751,77.40426890716734,1802.1419064114214,-158.5602226945843,-30.58771081784183,1745.6018425301581,-158.8478935834538,87.85252223672164,1808.608806191274,-362.4680804726217,-17.46940614721914,1741.7248867303697,-345.29333304398574,101.2148696742872,1794.7366917807765,-584.8565810075842,13.09455164490494,1718.1794240948589,-565.1599173500083,107.08019277173969,1800.9917519849284,-614.106283858923,17.327528775056432,1713.9934403789612,-595.1131430411109,108.44888911523482,1738.786527948852,-643.4458023604022,45.96354295911814,1713.8121393981623,-632.083294256019
75.65065306057352,1720.0135903374419,250.0550139364385,83.74275305687169,1730.1448334188458,269.84373327326716,89.36287620779403,1736.143550366431,269.58965060710733,94.43626279528375,1743.1952567229307,269.2804483788815,63.98414524297199,1718.2168070609227,271.4066248818785,55.898125274807335,1714.6610405592119,271.65815946541176,48.147330138273574,1710.5995754511457,271.55027953091286,87.77305149711137,1767.597616851016,265.31865381731177,28.178087224903834,1717.3932274479002,266.5159120054167,80.77899057919805,1736.8771536758911,231.70472066058838,59.31938496698638,1719.4794937924157,233.2380442101517,124.26531067821406,1822.5738168070638,142.33772831147104,-52.428536492622,1713.2566368582548,147.96816246426297,222.10035021139785,1883.1257554256495,58.20652415499629,-135.69973178736527,1656.3891472724385,53.97535513073914,333.9438275090555,1871.009329341746,126.6603774657914,-214.9516998890473,1544.139571764555,89.7678902613433,372.78796605918586,1891.7918432973709,146.09898084451956,-235.4527039833491,1503.130716623417,99.85086461468875,371.52105578411766,1867.6053092225422,156.5030508943477,-233.91627563288006,1501.8213609816132,114.74862535431677,355.5199115685043,1857.056735281131,150.47422167569547,-225.27139882357434,1516.827932229282,110.57550985669332,77.18084844213622,1795.7284986508203,-148.97037230736152,-31.897514697457392,1740.8323006302332,-149.76195614256423,85.01314958660103,1797.1552817021823,-358.3959123464411,-17.702781682183307,1730.8598658017338,-341.784386383016,100.0924182511445,1786.6159414748106,-579.8438607979205,11.457054694203947,1712.2696469175112,-558.3799041422488,107.24030549765358,1795.458996744454,-611.6239869686865,15.780268484118505,1709.48753849635,-589.8178890674756,106.26033919074115,1726.188685354391,-639.9411080247166,43.282695885750904,1701.269658139427,-619.7787714983788
74.80002397662341,1718.9232091373483,270.2640384671482,83.10793569865311,1729.4596283970104,290.8932278971624,88.89167732037873,1735.6017371977011,290.6634577826459,94.04520399059888,1742.501582692244,290.4540496667722,63.699550692898974,1716.4604362413106,291.98937585106484,55.570830850802274,1712.5810187686802,292.09292330297984,47.71537343445754,1708.413534875728,292.02242424443165,88.31531420690094,1767.0435819115005,286.6360087472807,27.376028797029246,1715.8994821687438,287.8833852700907,80.61119201866298,1735.0779212117286,251.7135280158697,59.031351586324256,1717.7140740812392,252.65104763904466,128.02055428822558,1818.6047029502333,163.41125244917427,-54.95916807779962,1713.7134056521977,169.72289383133358,235.71366134298523,1881.9660945437286,88.56631384007834,-140.48220493494784,1645.3725222882827,79.1890926301106,325.6121554981075,1855.968103260677,186.99570703861988,-209.01870331365163,1547.4536193917068,149.5726163291807,364.4928722307698,1865.2766178971092,213.46626023954238,-230.83591645695805,1511.0438750230992,169.58722243704295,357.13978851661227,1836.2435113841236,221.18949511684858,-225.51984855143036,1511.2088298103126,185.72927282313032,341.57545068234697,1832.0107916642141,212.0249367965056,-216.91275384125257,1525.983259835355,178.62054523552118,76.81142112911633,1792.4248166714417,-136.426430215276,-33.58199518057053,1738.0903876925984,-137.06034991543908,83.06615242222263,1792.30492890682,-353.15283541598757,-19.33411612593428,1724.4358223802897,-335.44333515004433,98.74248117216652,1782.947264931142,-571.8173767296904,7.968960213595473,1709.4237281903893,-550.1033668840644,106.42629644881669,1791.62980318271,-604.203180254703,13.700568017781908,1706.0130692374082,-583.0569020611974,104.43053086720383,1722.6858433028276,-634.9278985594598,36.73416819920148,1695.6911291526687,-609.1359346244365
74.64515061713206,1716.1003495279622,290.33988406127526,83.00099723829102,1727.7682102398437,311.9196908760447,88.99380328852038,1734.104510152209,311.73831462793925,94.31658745501089,1740.5560089185824,311.53891003201585,63.419259178397866,1713.7885251748742,312.65002244540744,54.89352567394556,1709.6735159467198,312.68942839434044,46.44603017193813,1705.8873194867404,312.7915790545129,89.34856165520614,1765.293225318032,307.797921223272,25.59826157106486,1714.8878151411245,309.61522685799787,80.6620831807105,1732.1262779477095,271.8662160110327,58.18142456078179,1715.3261149257376,272.3413241452695,132.24960985343282,1814.6314496929795,185.52138487235413,-56.292987079016484,1714.5221333066238,193.58644986429766,248.39499307843272,1878.99958419254,120.91195517470436,-146.17636267997833,1638.1023839370137,103.8240067350022,311.4123504156185,1828.2434997005053,240.75979837340736,-197.62099301112235,1553.221568131202,202.68410336495901,343.53045739282135,1817.2972136198202,267.1642600824971,-218.21225743548734,1529.314807415891,233.34818570201287,328.2473260048441,1796.8374028963292,275.39347112361105,-209.9923684579179,1531.2231638134226,248.35060823331582,315.3344855410591,1797.9833643842398,264.72253754960116,-202.79857463316077,1544.4796940941321,237.76738986750075,76.36810542358279,1791.6584156596587,-124.06310662816955,-35.0399431300994,1736.4542128018384,-123.44337911199419,85.11965447749982,1791.0027743862713,-345.9317059279792,-24.955933622330406,1725.2537421281963,-327.8671941486078,100.01511836654488,1781.464867095735,-562.4592614729108,0.5411419082921657,1711.0157634808538,-543.5507844015666,108.185259591571,1787.7711562782472,-593.3141372440743,9.15944603874414,1705.5575501369406,-577.284560636489,105.7729306216011,1725.0725409675501,-629.1932032630936,22.64680270267872,1702.8594165915565,-607.322842731717
73.995996951661,1713.4289606961029,306.7563282284188,82.73814143531564,1725.4092133506565,328.32884100508636,88.95692597347073,1731.9687652620996,328.14189282143997,94.41599551865887,1738.0656712944515,327.8671242589504,62.4349406652173,1711.4755406817164,329.0139980437073,53.497911670821225,1707.2838178941038,328.971199724092,44.49881923530201,1703.81084939872,329.0737655765816,90.45524561366001,1762.2993406435594,324.3221186188942,23.67637349338886,1713.740054939114,326.3232329265886,79.98346383863012,1729.9236409838636,288.30876015963116,55.95832510558241,1713.7540244933439,288.6341474393545,135.84153668075484,1811.9849264453292,205.16534593325778,-56.14709605975366,1714.135192346542,213.26319650308866,258.4985174182265,1874.8984441379407,154.72904844420074,-152.88236379312448,1630.4657515411498,128.13823663366995,289.70618439157244,1792.6426694180532,282.81406433404527,-180.6408728348334,1562.9593642378225,247.45613913981788,306.2920018502161,1768.8876523369174,309.19637612059654,-192.00061752918535,1556.8220524817532,286.21388856246523,285.965076431998,1765.2793595223618,319.542315494485,-182.88977441524304,1562.7660081697484,299.4345339399635,277.0821785991931,1767.9344447841127,306.6028154511464,-178.62430799841465,1572.5219410413304,286.16509707328794,76.82784229284357,1791.1695946072084,-115.0941394247949,-36.032469506173314,1735.2687936289158,-112.56139122284543,93.14404748807712,1784.841023021142,-336.9807605047986,-35.650168641836416,1731.1628916308873,-322.928795129848,106.53391060146484,1776.0332640689546,-553.2214610380295,-10.423874954654915,1715.3858693405505,-540.2243233661269,116.29440824144369,1780.7364908609495,-582.5401120551963,1.2565352532637661,1709.3557661880718,-574.1681709520021,109.02992770971349,1726.2739582885858,-625.4523920226077,3.0266200344707563,1716.84993346593,-612.94097782857
70.67084096950488,1713.4771070755698,317.4030969947297,80.73561776279928,1724.0888736610077,338.2158718759863,87.2304681155003,1730.9242300282108,338.0763801585954,92.77270077668874,1737.214951595052,337.83696453487084,59.50360357927243,1711.208371845635,338.9266964429938,50.540222440339505,1707.0677075061806,338.73355690705836,41.54840988634683,1703.246286181428,338.5719882077562,90.62864023921242,1759.7660164433087,334.4454925529376,21.812724495172464,1712.3621035112546,335.69477854122886,77.17663398970763,1730.7707166117423,299.141205269852,51.708171211483716,1714.329522894577,299.3347165608803,138.56783191011905,1809.6266043198457,220.01864569859248,-55.42067597883729,1711.9870698183545,224.8707986330435,264.79020343845843,1868.381148526487,187.43714633588823,-158.05169278305704,1618.9119133987851,153.60862102387424,261.731113832283,1764.655405808339,311.51911641552533,-157.26367462166777,1580.4072308494642,284.01469279418694,262.45822169263334,1742.9531708857119,341.45953555349837,-153.06247029242326,1587.1215331382589,324.7835829574544,243.10043475950062,1748.7911854501879,351.30573093679055,-145.50719755153773,1598.6573190713987,337.06913270754256,237.19362994504277,1750.6638879545646,334.72234344079595,-144.27787970244543,1604.523412302549,322.2830825922595,79.37693904649687,1789.588290690688,-110.49275919881066,-36.874357171379145,1735.4947658459932,-106.54664196152159,106.62351498342144,1771.8564719393503,-327.0534913417524,-50.04409378815993,1741.077137850333,-322.54885053955,120.38018245375025,1766.058557114574,-546.2685162378897,-22.521876918264347,1724.1479567772,-541.4317113326729,132.66769571102628,1771.8376007050208,-576.1307775158817,-8.542838854127178,1719.0687900068115,-575.9321130883933,115.31862133352729,1724.087247915992,-625.7183215373826,-14.312998021174163,1730.5439471030209,-621.0049975564207
64.8260088487928,1715.4870075019148,322.3894128836834,76.91964871554848,1724.1803072553153,342.73409482952826,83.74656528367159,1731.4077854676086,342.8261325154848,89.40973693973267,1738.5103962661685,342.9100606107743,54.867109643618065,1711.7295584197007,343.1502190180296,46.23943717466178,1707.45896462824,342.80648672071953,37.707623031969916,1702.9841610245146,342.4257590774225,89.61743809315304,1758.6976605343555,339.2164710705858,19.81332148460605,1710.2058128593105,339.1039362652733,72.72068462428402,1733.6242132569018,304.67419802408045,46.485822514104534,1715.6757159151387,304.5656245086461,140.60472985044092,1805.894791120125,228.32266979198886,-55.437377138695325,1708.364181807157,229.0585105941415,267.42448031817344,1861.815316788205,214.85858898537882,-160.24884381214446,1605.116948954092,179.45663489702903,233.80152526325224,1751.5428539164702,328.60890168114344,-130.39622087087926,1604.138506510119,310.5447203239114,227.08245352370443,1736.7557677834689,362.31279591016215,-112.79548423840865,1612.9837126525815,348.0934213923792,212.22244924018236,1738.220014747499,367.79365982682754,-108.22594623244747,1629.0122584952217,359.38136537148574,207.8678142153218,1738.8789585023371,347.8460501863787,-109.01504198042386,1632.7382088674128,343.7155051885152,84.00840311302598,1786.712046495608,-109.28805541964269,-37.86431379058709,1737.0195907482328,-105.32365747504282,123.71095541325793,1756.4590866752446,-318.55532138499444,-65.13145022204915,1754.2617937244577,-325.45559535470636,143.37697454779698,1753.1744748564288,-542.5959479743264,-32.74151098026153,1737.4242670976632,-548.6285793415509,157.9481546498328,1761.0989359627201,-574.3979171949428,-16.286500250589256,1730.838201455118,-584.1273628457886,135.23779911063005,1713.2016259109348,-625.4298975376388,-21.325591370080762,1740.0034918236158,-631.1939598398989
59.39804015697142,1716.323414124538,322.9579778419043,73.25763666984298,1724.1871321229617,343.3528186884759,80.37906075620911,1731.8102490937292,343.6878917338929,86.23315118020919,1739.8128997493116,344.2385842723453,50.57211420756633,1709.9181288648947,343.3452410212154,42.245092589423024,1704.9639282108953,342.97460444132463,34.064812023237835,1700.3620510089208,342.7765840260749,88.25323717005055,1757.6067003655426,340.13992008890426,17.649497195043658,1706.4804384942026,339.15793477819517,68.92999725332795,1734.7556565981358,305.88614219851706,42.40560633703861,1714.9518443573506,305.40212785959255,141.72733440516933,1800.2617912942194,229.86400857039908,-56.77321131731145,1703.7389704258374,229.15200845804654,267.03800109030493,1858.4441391413766,233.38225206560256,-161.0314821219749,1593.8017935022872,201.1061996324222,211.33456736446772,1746.6733268623645,335.77005970399784,-105.5638447337972,1627.1214035808073,324.6287902668353,202.81139193039695,1733.766138875081,370.0002302022184,-80.89667322387793,1633.1102900523385,357.8002203117686,191.66305851794618,1726.6936669300196,370.33841978773205,-78.21081597185942,1650.3770274374424,366.0169488508344,189.6247848812622,1725.5870864961519,348.7952151207297,-80.77011344760558,1653.890572623883,350.0699258343615,89.15607109068635,1782.3658163059795,-110.24626363007765,-38.6155876402688,1737.0902804589855,-107.96607491065214,141.3698622823086,1741.076428065225,-315.4027951162442,-77.71122056303129,1765.6487312198692,-329.88264169360724,173.5271041817452,1734.4061966401848,-540.5963510977081,-37.98485011541548,1746.294102534222,-560.6124697178662,189.85278883239422,1742.263402522222,-573.195141205489,-18.816879530767316,1735.317080739804,-595.7312905646348,174.53261081913146,1685.936677699093,-619.2322934928857,-17.05808622513082,1741.4588121085853,-646.3181134618202
56.63592313615182,1714.8176976378636,319.3689190623168,71.28793168079319,1723.0588409329084,339.649803760549,78.52582000920178,1730.8065082403784,339.9552776494224,84.52650704722242,1739.0900750451667,340.78096335468086,48.24517952487276,1705.1366503174122,339.5769714994198,39.885745655690826,1699.0271018126712,339.3382471920069,31.59876872825503,1694.8279869917346,339.65745487109564,87.00983955198657,1754.5638560211153,337.1518772775665,15.157015334020437,1701.6161447919171,336.3636271824163,67.09605043202127,1732.4480558603832,302.66314378115834,40.34171802914973,1711.5522504932728,301.71835163553226,141.55567801272664,1793.2398001832073,226.91161064990345,-58.88372710039331,1698.6033279541969,227.8131937866037,264.2087097349184,1855.9021559180721,241.06187936787586,-162.47918655975826,1587.9239595503968,213.54591302653847,193.31090862805036,1742.269274244288,334.98819494095136,-85.59083659614632,1643.1020351435272,327.0294771946527,180.15192741366226,1729.2030150934625,368.14214546477444,-56.05629215726009,1650.176285374563,356.94231411521093,170.9587994044714,1719.7475552584501,365.4250987072791,-52.62933678225036,1664.8347764333637,360.07649679609256,172.67081507751726,1717.0034295027162,344.0212455732109,-57.93846638985867,1668.2693933286926,344.92794102623486,93.08049541802173,1776.7042326082287,-113.17166476624341,-38.228158577186974,1733.6539730172346,-114.27221092564899,156.36227142465486,1725.028407516576,-318.72732477692773,-85.27171603298738,1769.0562036370507,-337.0459717176837,202.89551218155674,1708.1493767272902,-539.788097675024,-36.13121203210913,1740.5384086807794,-574.5569841508511,221.30435729207588,1712.712590669084,-571.1940271139227,-17.098069906335397,1729.3116057589332,-606.206963408679,214.59011321043414,1652.2261826223184,-616.5458971399829,-7.845711882977661,1733.0148486447424,-667.5142121827984
55.77965246075525,1712.5852155195557,309.46246678985983,70.27371611726791,1721.3476054351504,329.40468165134985,77.44605565228197,1728.9719842869026,329.537216131931,83.45309898469843,1736.7717700837786,330.36832483786867,47.321076735418906,1699.862236724342,329.4546168413709,38.6853226790585,1692.6991218178202,329.40491103527194,30.030359300930744,1688.649027465669,330.1902951593971,85.19044095637697,1750.3347636259464,328.1271137383757,11.941101535059065,1697.3048498803591,327.90930925174484,66.12903702840373,1728.867553171506,292.80879195145627,39.306941318930946,1707.6299106632584,291.2704617006179,140.05864423906635,1786.200099808095,221.5456946086064,-60.928792968183835,1693.9093728480573,224.809480664899,260.1691812920594,1849.055897608468,238.0925402435643,-164.11445595597084,1586.0190183541126,215.70243528547152,175.38003044071354,1739.3849849356643,329.8168285469666,-69.06498338586407,1649.3660998148623,321.1275655788872,153.99771854351357,1730.0364635418453,363.24809888116977,-33.84357292224667,1662.998869697521,348.55709303932684,146.22102760747242,1723.5332094717803,359.4198084569879,-28.436624914272944,1672.6994951672311,347.10734219663436,150.75055238903508,1721.1235810610358,339.09780887110935,-36.76293763916555,1674.6282422129236,333.4249155838801,95.15772895645365,1771.447949353447,-120.22162678309894,-36.5365631582561,1728.9251717355605,-125.40821343059903,168.34826330391428,1709.5625521365996,-325.0231676056388,-86.74079250537686,1764.9188063659442,-351.2917449456086,223.9595282782137,1682.2412431444714,-545.483400701668,-26.83267143407344,1721.7188451787608,-592.5712775476987,245.5404143895974,1682.5316151867376,-576.2615349675211,-11.411740088694827,1717.337886710266,-619.8125658033058,234.24758129393672,1632.6921212338555,-637.5595169459848,7.411943521728467,1713.8113157308214,-697.434360737359
55.004901781989375,1710.6104405261617,290.09580742756185,68.71793825534436,1719.6197257179404,310.45617695671183,75.85449564808664,1727.3740871351056,310.7459860813276,81.84449699428257,1734.4904625943957,311.5762694257237,46.143625842824946,1695.882720659002,310.1540439970936,37.256676372626764,1688.3046249702688,310.2729488459806,28.385285616900685,1683.861322803763,311.3022522477414,82.31612481602346,1747.5507327436387,310.32738518115895,8.346154679153786,1694.6990689576148,310.33652390626986,64.7405957875307,1726.5072349827951,273.4358591055325,38.28784484527399,1704.8236685629327,271.4536526910788,137.39583125748425,1781.4472182657626,211.6293211612612,-62.615571747031964,1690.9192629211852,216.29148447940173,256.61386202973443,1838.3094789247414,227.94401103155639,-163.88712299359418,1583.77146180018,210.78802309077298,156.9564379590629,1743.2439241393527,323.5354693414693,-54.792283524642684,1646.2202156223636,309.6057786769022,130.29865821047417,1739.1294568062265,357.9161659024955,-16.370403116748797,1666.5889691835434,335.2103823021504,123.22947739455667,1735.5705231466804,354.1776780661695,-9.917890984636664,1671.8955065261812,331.68835772265857,127.7673516884819,1735.2564784288056,335.18505635265547,-19.518613599990676,1671.3995923884554,318.83315260497443,95.49904479140775,1769.084093835616,-135.93102968120135,-35.02991503131321,1727.3942664901524,-143.38180903920508,178.1981227430782,1699.1955230734188,-333.98642874535193,-83.54572003553403,1759.3453266818124,-374.96097976413995,236.59173963836025,1667.1630240994264,-567.7571291230909,-10.199866680871406,1698.9674005652305,-622.7168719123943,264.0603512501576,1663.4483770280601,-602.3202532981051,6.265876628882078,1696.5636870199207,-650.076747734878,260.1731713050451,1611.4551118358556,-683.7096944961017,51.52531042926804,1673.2629922210358,-742.8033696628913
54.085533871202095,1707.6907814695314,262.15813799648663,66.72173277470742,1717.2829924413254,284.1717071828851,74.0542913045668,1725.7748326034898,285.0656981631556,80.21592982707494,1732.6336186278832,286.06574956827615,44.14064269513498,1692.5945390658542,282.9805116353943,35.07655481068779,1685.4244281068663,283.28777987039535,26.204179038327872,1680.6509406799748,284.4759305553373,79.48011452943268,1747.0225652015795,284.3148081638704,5.646706261818741,1693.4395024673415,284.39753498387915,63.438784901487686,1725.0637892042687,245.65494253628717,37.50283744906452,1702.4949781738783,243.65612528663272,133.99148562396326,1780.6787423326973,192.6289006927411,-63.999909112513336,1689.9970332057487,197.53775906201855,254.57648147098473,1829.895576607966,216.02890451895874,-161.83043346482825,1578.9072297648577,202.28574632617585,142.6994405828861,1753.5416742438404,316.4289254469638,-45.10042277501461,1638.2641651318565,294.4062411387912,116.42953195570617,1750.5539820380648,349.7024043502436,-8.49107165085252,1661.267120858342,319.73861860718915,108.5549509695789,1749.2014588867023,347.6513376834931,-2.172135137197169,1664.4717104798485,316.3354515060041,111.4104824200049,1750.4656845120837,329.6940906225545,-10.63276575969061,1662.3830993489032,303.07484493347215,94.32140777411809,1770.1018639784918,-162.41747613204885,-35.66107160276264,1730.2702093092605,-168.23280663022055,181.770994705005,1699.175852350093,-354.4994725873468,-79.66106079464343,1756.109616689232,-402.9494192757673,243.71356202883945,1665.8612675166185,-614.022367186076,12.861987526563473,1675.8758718762897,-667.9364721556964,284.00739333876925,1654.5176845255482,-658.2365157418955,44.845934164491624,1656.4697449354471,-702.576111562545,353.82711017715854,1535.6002885156674,-729.0778464415955,148.06498120238507,1596.4600279801218,-803.5512046917505
53.915297668692006,1703.1598175040576,233.62501965993215,65.64471223750093,1713.8631790270222,257.3415905863721,73.32128290578382,1723.2656799455574,258.7684209726875,79.83792434023833,1730.351409835733,259.9038939056883,42.140972167455324,1689.499998886983,255.4181080078422,32.75976002239308,1683.4502938797625,255.90967794010706,23.74347828619683,1678.9222850634524,257.1712278925479,78.29290889958735,1746.888820147256,256.5680123574186,4.467706478320347,1692.7069616834622,256.7596503583742,63.33238987811992,1723.1925420422722,217.30432798877783,37.39963888426347,1699.7609307980929,215.49874449610795,131.0528209176056,1782.8329630267112,165.13918223866864,-64.9857085837934,1690.1618539650817,169.38988315929043,254.60969445388002,1828.463191045452,204.95721570448168,-160.66953218464525,1573.8820096240838,190.01258596235957,137.36894839525743,1763.0537345086325,306.1440332399636,-42.48436709007121,1631.9636756709087,278.7024982750999,112.64153922270388,1756.7226077391508,335.7855570797741,-9.344275642654257,1654.0909312552176,305.5444834755228,103.89991942716031,1757.5651534064154,336.4387311659293,-3.601089636165254,1657.2402482595862,303.13915526083326,105.61534400003323,1759.392435780309,319.0520310170318,-9.851816238355628,1655.1403017237835,288.9759536648336,92.41973579201597,1772.1377123379698,-192.90509266909453,-38.53401372101914,1733.8158848722837,-194.35453213886072,172.37678886635413,1712.190787283746,-392.5156705702668,-79.43201084458434,1754.898002761372,-425.98490599206815,243.00637340563804,1676.567980981983,-678.737391023499,36.62614596930061,1652.484976177392,-716.1203892238123,305.75429794352976,1649.243031987962,-735.8264760950249,95.59660221235396,1602.418301249442,-761.149648265846,514.0219816864707,1403.5697786442825,-757.9517828358588,273.6275432109585,1498.2630210743132,-862.3623169323896
54.56508213582916,1698.8485935370445,213.97018216606665,65.94772310242395,1710.2091549341533,237.7747375922913,73.82829646874772,1719.8121117838398,239.13664265863213,80.63527932368406,1727.1529334522809,240.07659830935592,41.02237368580762,1687.6736540484965,235.79741007647158,31.105604189807224,1683.0363530870009,236.3037030837922,21.579244889509194,1679.0571091182796,237.32611688151383,78.87387986355455,1745.4328378774264,235.53518343709084,3.9453879809430217,1692.2355841238134,235.42422067160717,64.20334149856974,1721.001011093633,197.43570225163035,37.61693764335543,1697.1950015467633,195.64749098682825,130.02575000283514,1784.6799895663235,137.7110889145873,-65.48645055239483,1690.3954859982234,140.91226961669796,257.42148355906454,1833.1390421633723,192.83329964663514,-162.7607154285094,1572.621490213386,171.68355839636735,141.60307805916585,1766.8787491096655,292.031896734358,-45.451934018898655,1626.7761342099318,265.8776531089443,115.05766736288484,1756.1516280549718,317.9521160992781,-13.442795845881124,1646.0821399742495,294.47552134179904,107.66603848134157,1755.2982524359145,319.8283156068207,-8.75903187821418,1651.2389646917666,293.25093271221124,109.53988641965935,1758.7696508174502,302.904075007222,-13.459481045201645,1650.3391811824654,278.76808101464815,91.15354110485863,1772.6933832574566,-214.29627967875984,-41.73931798690667,1734.4688814326184,-212.33744584036,152.1502770568848,1734.1630253033118,-435.7567117483512,-84.68536046774895,1756.577377616009,-440.62989148581215,230.56369117338215,1697.6669562723264,-739.942752473454,50.5859423286968,1636.2483416112314,-748.1180389045616,318.8440328183405,1650.1617252062197,-808.3685861857738,131.69112237061358,1563.2664139107742,-799.9859832242317,635.7960254856393,1309.5598939218007,-789.7900412796433,354.7155710920907,1434.44176866592,-896.9044168417479
55.23744854547464,1696.7065368424608,205.65063508805835,66.67535605729066,1707.3274715815542,227.91046707945117,74.46927825962273,1716.0344471691833,228.74950594523122,81.33126217101224,1723.1790574556017,229.23537223906158,40.91150635072656,1687.7411021864518,226.36824177902062,30.523801508724894,1684.1911366240963,226.67698252038812,20.4249706152497,1680.5381492708984,227.16989338452896,79.82706547594219,1742.8100727446833,224.91865413440797,3.2087282807213926,1691.9018135814395,223.9057725204684,64.96186769675812,1718.893657779453,188.39040794016503,37.71704434877053,1695.4288526796915,186.36653128438215,131.04671470998687,1783.9885127291798,120.03700696913597,-65.69927543945812,1690.683607097897,122.7761963511872,262.5961556061558,1840.3729653453142,177.55101423062908,-168.39556307284533,1576.405951874326,148.59305680562375,154.35287257827318,1771.6480414108964,278.8632271197813,-52.139397443066755,1612.8541648665,256.97673409202326,124.01897590484752,1758.8280555001677,304.20429523823907,-19.91913195043532,1625.5623211344305,285.2818661351572,118.56851180987823,1748.7122808391036,304.49985873819355,-16.19308629050739,1634.888276245786,285.20886860611137,121.14586827169005,1754.9880859943955,287.8295746350484,-20.579911068257697,1636.610787331781,271.4116384427334,91.09429182541565,1771.628406144263,-219.5509968322293,-43.73514367996669,1733.5197576962482,-217.21336741327647,133.55586443263712,1753.202039056088,-463.0787001242031,-93.57773292289035,1762.951738749467,-450.877260702461,210.78566824188567,1722.351993489316,-772.9790345114554,48.69087522138148,1637.7214237006292,-756.2711944223441,313.4572939302554,1663.7408960757402,-847.8959574476357,133.90077981684067,1562.875441843815,-808.6202093410228,620.8698498067195,1337.646381235947,-841.302458259359,339.01127724937874,1449.1468966437267,-901.9192735292596
55.7286113519885,1696.0154254657682,205.42639154297405,67.12052254810064,1704.9007224034513,226.12530381643097,74.6527829753385,1712.0778599610235,226.57199715780322,81.42525497442836,1718.4532636336437,226.72878540563255,41.678571220079036,1688.3725059390881,225.0329882028701,31.203213918956987,1685.2795126835774,225.15026897029952,20.916645197898752,1681.6864050317256,225.22471551074204,80.13197100192464,1739.6507740151183,223.53989727957656,2.8076731683744462,1691.2653886868443,221.71181611421116,65.34396737004097,1715.9170995348245,187.37810383114288,38.13202594402477,1693.7650444526837,185.03620647726012,132.6651450898293,1781.48143801125,115.76990817300072,-65.76766883328472,1691.257427220536,118.98768622068695,267.40106406168366,1847.4889944948789,160.48333893948165,-176.64763511782525,1584.6012063383687,126.79547097441767,177.92044350873203,1791.2675259477392,273.7595031073488,-66.48704832985923,1582.689824983193,250.82613508138778,147.15392634151434,1783.704429576876,304.11744638991064,-36.7313302993495,1582.4951037978747,276.14815653033577,139.40522540904757,1761.4195756356658,302.069328102889,-31.489653521013537,1595.237432901391,277.31162455377853,142.134055710322,1766.8177433717537,284.23179453736464,-35.82076259418996,1601.5007714139458,264.83796953126387,91.62828673992215,1770.0127606350375,-213.57576757077274,-44.61243575765327,1733.7884862868088,-212.18770941190968,126.59161933772104,1757.2227287407854,-466.25306104333356,-101.42602897955399,1769.7415536395733,-457.58016895279667,193.9734109089631,1736.8353973666892,-770.7542063874565,37.23070148756208,1654.3257178855652,-748.7394186051841,290.97471659212863,1685.1853937240833,-846.6038971377461,110.89002782020353,1592.643383685834,-797.4278527423193,494.8710122330489,1449.953114699567,-886.2189561997533,255.26033146324465,1519.7760947375489,-888.9088601420867
56.682111375834864,1694.6081124697735,213.10439849555547,67.69852532422682,1701.9928200461898,233.25807738167092,74.98610934209886,1707.7633333570943,233.68158284572306,81.72192451872048,1713.0625724370407,233.80692510429122,43.30027494455517,1687.8735040766514,232.55575114471782,33.1256157854631,1684.8519081044894,232.69621847972306,23.06924395976813,1681.3791333866698,232.74766808261955,80.1579807941109,1735.6405893463336,231.00347119666228,3.8193817153817644,1690.1220757004396,229.43547501125857,66.02871963207976,1711.2435405757033,194.62605995991174,39.46135395229869,1691.4330877020825,192.28155164269705,133.46851363832158,1779.4944716598511,123.69419775410718,-65.42699544473132,1691.551088697353,126.87811768673086,269.0174849593372,1852.7886338976746,145.17338252579452,-185.35053394793437,1596.6737319684528,111.38487466814459,216.64225287525164,1830.8131918337772,278.09667602967767,-94.84460670447076,1541.8466905880396,245.17124845037432,192.76595295131935,1840.7278371233606,318.76839738668474,-72.62143567787724,1524.474736171437,266.8241005630536,178.05963331325077,1812.885934397277,316.79647284488027,-62.50593962132063,1535.5135526788947,270.2471611407627,179.27166657115464,1809.2943425217152,295.93261044927544,-65.22791985000823,1546.9945213871522,259.10458543751434,92.34257761836247,1767.988481630895,-203.50229493900875,-44.67646614837855,1734.0616631137075,-201.89473736524377,129.83919073354528,1745.789404843967,-450.78872918421246,-102.74439500986026,1767.9563169505877,-453.05059680882187,183.98798619875356,1733.7150993172104,-745.1814379176448,27.712609164972434,1670.594513522895,-734.7904018507686,259.88266386975204,1701.8163750499032,-816.5488421914184,86.02917535296149,1623.7045766293397,-779.2977541587559,361.1179161117709,1544.6513660522382,-884.274944462334,174.86450042837555,1584.1770506587197,-866.193416840291
58.21829384391846,1691.6944475037333,232.15997109449805,68.67735494692622,1698.4616444676649,252.3247772170962,75.84089082688362,1703.3819816675682,252.7368676938404,82.70508376792812,1707.7401066946368,252.87070506843517,45.20806958680324,1686.0485181776992,252.2852578969973,35.50896188466241,1683.0692625086992,252.60918837359011,25.79550540606237,1679.923975636689,252.90095321884752,80.59778185330289,1730.3836122888817,248.98542920691014,5.965901688385621,1689.0257941346952,249.23455227605876,67.2166756252059,1705.9230806637513,213.48442728982658,41.098670338150924,1688.973722929989,211.9997025922356,133.32546827671388,1779.2871243234918,142.0889063165139,-64.45714988756461,1690.7270796559312,142.6225962444496,267.63552407048127,1854.147998924569,134.59931164755386,-190.65015298250447,1610.9970076187303,102.45429101972539,268.9355647620649,1877.1459712551318,283.08339962929875,-136.61458362529967,1505.1954590754228,235.84912961391,259.5653439333965,1911.6926740472584,333.6433753440476,-126.28403346486527,1471.956857010759,255.45724259615008,239.93800693027438,1889.1673139146835,335.4454615795928,-111.47185484014398,1476.4101491190663,262.98878176050897,237.09972418934285,1872.2551634762801,312.3171549640653,-110.24332630429413,1491.417679617859,252.89862560853368,93.51191195005352,1765.3992544994262,-188.5650170532589,-43.527244247187156,1731.429089622696,-186.1296867830069,134.75942003188624,1733.1317188892958,-422.0845971676845,-94.54902504677555,1756.5602783510626,-430.5712728037953,175.5431829413359,1722.6130278743672,-708.8009845549633,22.034382026560277,1679.2366378053773,-713.3839647836278,226.6806361059356,1710.4725247103377,-770.5627678597581,68.42630332036966,1642.7879013076818,-754.967536245075,274.8669254846667,1586.4691811111772,-832.4107150579855,128.12177609167173,1616.50972097142,-831.0989152797772
59.288546911798555,1688.0350958557015,260.8561087996554,69.27986155662217,1694.8370222539158,281.1249405909053,76.47896934411771,1699.5289173344947,281.20599232700727,83.62886946851606,1703.4437341312653,281.1074799823642,46.10272507957005,1683.677156526178,282.0413829946847,36.85309381881858,1680.7749200724093,282.4909739594584,27.400265108057063,1678.0042449555071,282.99187068153117,81.28107579333444,1724.8533454891017,275.8423802501769,7.509864055117884,1688.7243457864292,278.8688981977295,68.0908238971364,1701.6561949332222,241.8916593408562,41.50468728382972,1687.2264481265927,242.05944447211192,132.743264714003,1780.227408673556,167.92708582139673,-63.362674479357665,1689.0061604086266,163.26491655283215,265.3088554104485,1849.7704957057265,129.62171802700408,-189.3761660544379,1624.510194617059,97.67349976790697,322.8906655431388,1908.5903131160708,274.0254573314401,-182.97312666574663,1485.5615571368673,217.0318951657247,332.90495868798126,1959.2796237354314,324.9513835775438,-186.06358966463267,1441.9634089400033,235.61881286457748,316.1492715873892,1949.152648018665,333.06823135818433,-171.29479822502492,1440.267104199262,247.79832150590522,307.32159375596814,1924.714047189319,312.3832300162084,-165.38525089346393,1456.6630745954294,238.75987557492974,94.76277685908497,1763.3643304785828,-164.94790279965878,-41.31189794292285,1727.0580852408011,-163.63045166069793,134.5002742801742,1734.9658428250473,-384.6959888548688,-79.51599869590757,1745.976252704557,-394.6790649799051,164.76072509676274,1718.5256041882467,-663.8417807852098,12.48012964177906,1689.644016771435,-679.3305020096664,195.83292807388506,1718.7609724234683,-713.056179193584,49.15119678360245,1661.7065596462994,-718.7728727066353,220.25294274766856,1613.4876309660924,-760.887028819717,91.99271480821272,1641.7313315209233,-781.6634518100636
58.887119393028726,1684.4677941493485,289.5254175671443,68.80346836318704,1691.6134308411422,310.15622966634515,76.20366267621957,1696.5880499959082,309.7900416448081,83.69844346189687,1700.6339122880242,309.3215179218597,45.30169848947513,1681.2166251628896,311.75089272341813,36.37970936720918,1678.3155645565887,312.13507158110866,27.1576461564482,1675.767518106591,312.65458723635845,81.54672047818121,1720.9991682010973,303.79282666631804,7.303594815927367,1689.0934121583668,308.97023574663865,67.89817992816403,1698.9420491143228,270.21758894866343,40.08938571934216,1685.9737433973028,271.8073739572252,131.86969641670692,1781.2174029928135,194.036897373317,-63.07746307738901,1687.6681703398208,184.3666268947278,262.0482389574846,1840.6146668911324,127.74272389106744,-182.09541893500398,1636.2769650798668,95.59723073838948,362.3919517743795,1913.3131887728973,240.5344818597008,-223.47179279266922,1486.2335333625615,185.5034210739334,391.4217971648089,1961.6692225691954,278.6850759366344,-238.2515975265951,1438.9160375239082,200.66422844226358,383.16592464887054,1963.3332387128019,293.0418422951382,-228.56890386144028,1435.3028503138794,215.13163553876947,368.73990772670834,1942.2907270307105,279.96842729137376,-219.83712119853018,1452.6451492594451,207.82623707409073,94.71903199677044,1763.4204494417113,-136.07359888422295,-39.2367744015695,1724.6731857471375,-138.19055500531977,128.70110290416548,1751.2989359083979,-349.3374623497933,-64.76436994294485,1743.8394093077632,-358.37308206377475,155.5845373203378,1723.0967779308944,-612.2199688077624,-2.5845711464601835,1708.1651179950231,-635.3400938342372,173.316990457385,1729.2422133589266,-650.4310677904989,24.427633342522,1689.314272498363,-672.2819269718137,178.94251186042592,1648.2315437146592,-695.5965816665484,49.51737370106952,1677.6249395644425,-725.9082419978058
57.29006288116012,1681.6507590984922,309.10316031949037,67.67608531189224,1689.280731892476,330.03606014428914,75.36394865151841,1694.7666931879469,329.5127202178982,83.10024477983106,1699.2773730530948,328.87764166236315,43.71838455940357,1678.9124840595455,331.64517446483273,35.06238757082347,1675.8790979686776,331.83760465615063,26.137353760835975,1673.3129875309826,332.20905687375404,81.1532188606917,1719.8173970683567,324.12374269166884,6.325588981955817,1688.94742588833,329.54294683540195,66.79176261351604,1697.446990549011,289.80270145161995,38.048088008366776,1684.612039457789,291.7493021405409,130.75550890417733,1781.8185681550142,212.18251288164325,-63.96573127031997,1687.5426809710357,199.91397301994894,255.4284550526886,1829.8304217015948,123.666658964029,-172.1527157479812,1648.8037344945863,94.66768309286347,378.6751029540354,1896.9314102492635,184.93345746089503,-250.6130806886918,1501.1785065501235,143.9760976185128,420.0825877808785,1930.931596356728,204.45541213687903,-273.3000067922726,1455.2849323626592,150.91284593257657,419.5465886385917,1937.278176280998,222.44563992514804,-269.96308753877514,1452.0927221345814,164.12710851476837,402.00263535165266,1924.8508900933691,217.77141450776958,-260.93919837703754,1470.5936332042545,159.83527205499286,92.75444943987897,1765.5177679451765,-111.85341037792622,-37.95616855861036,1724.8633053638002,-117.17135532305144,121.81649020772879,1767.3212467516312,-327.52523987684805,-55.021057502080076,1744.9550210995906,-332.52477594414654,151.87836244836348,1727.3021510659557,-567.1301061732723,-12.993850474452318,1723.5643786744868,-593.65701282892,161.93099130377456,1736.1739813511138,-599.4545288703827,5.845041893945522,1712.691144500934,-627.6468823458836,157.31637889305276,1671.6794049472817,-646.3944798037332,18.695508431142535,1704.3287133850913,-676.9359030825435
55.621779330389494,1680.256036661552,318.2079226901912,66.73596943885998,1688.2437518231413,338.6818388786947,74.63287652808505,1694.0966262894108,338.34195887762735,82.34452485756277,1699.10984861537,337.91912481357264,42.72083114016149,1677.3383601493927,340.03570867396013,34.3959853451903,1674.0550714366852,340.0887575071425,25.83504953001876,1671.2188913125221,340.2832020061939,80.32718382456746,1720.394859938953,334.01847973835316,6.415383209377383,1687.1942235047777,338.04630138745443,65.37456591503995,1697.0517659682164,299.6453815356531,36.899016978600464,1683.2306990259171,301.1727474313104,129.8921794708851,1781.930390620238,219.85748648582523,-65.49767133596845,1688.0796100457733,206.8359328700661,244.1095935181283,1818.9499341098808,113.14887448454924,-162.1818283428459,1663.29070756831,91.10554807490567,375.76158740324183,1873.554289340667,120.8907865973742,-262.03069863541594,1523.2403586661558,97.97786397631836,420.04011707696503,1893.6333776695387,126.54922328991049,-288.0411217483488,1479.877413083951,93.61236434545917,422.9496567140151,1897.7989098060136,144.70983816462336,-288.5400684391076,1474.6502255573712,103.96023366991426,405.00706542715847,1890.7189121187325,144.72148802136215,-280.1786085241014,1493.1248641452328,103.7107995928447,90.07888287168593,1767.938272119245,-99.53581871202341,-36.737900372114396,1724.9651143220494,-105.69650504619038,116.79749091349325,1772.5529523101955,-321.1159456001497,-47.320596809881266,1740.7886284515514,-319.7216277295772,148.440185654241,1729.6349622633118,-545.038610301074,-9.886465320817214,1722.9192534254296,-566.257893365266,154.93715823972244,1739.5027677332553,-576.0408550687192,3.8147949831011836,1716.3502840970714,-597.9862400014224,153.30070403764975,1674.421779315958,-618.3770389701253,18.385931289972888,1702.7985769142228,-643.9754680092894
54.58627436483043,1680.2230970686353,320.78653507737505,66.14396077985457,1688.3094934416338,340.3432841390107,74.05200255601427,1694.2591465362354,340.2563018215619,81.46889954480822,1699.7095960051338,340.27063865509217,42.449192054928425,1676.8834475770734,341.7395998201928,34.41037542703511,1673.3208388631756,341.8236071653513,26.205163311485887,1670.053206561564,341.94321800868585,79.37697591911058,1721.1719315589892,336.86171493124,7.663845177815363,1684.157888061831,339.2010791556171,64.08832779069624,1697.559076482354,303.57763769677575,36.79856776860083,1682.1530045432785,304.56734516243813,129.68159261500165,1781.5429612201458,220.91330396974305,-66.92607020491167,1688.2323453889512,207.75502830272634,229.1225428606699,1807.5964703450722,96.01476133549336,-152.87166562645618,1675.988042218696,80.31590582946987,363.6760909106632,1852.7458661475466,62.37622333384675,-261.7443350999665,1551.7805778556283,50.51685200704689,404.948980575433,1864.0512792061336,61.3408720397625,-286.4082227669488,1508.7987809175588,35.741815732148474,408.21678417674025,1867.0372720905375,77.08063932714009,-287.38803558197066,1497.3080467640852,44.05124199213661,391.6802735914599,1861.0229188743767,78.03759325211433,-279.24761765577415,1513.884465585099,47.50566668847982,88.51477914997925,1769.0060200719108,-98.93254650432497,-34.78556839742198,1723.3523111966301,-103.93846985342616,112.12968896077994,1772.3340245452393,-324.0112590917407,-34.90058889021144,1731.6876508836554,-316.428705202623,137.26552642953976,1738.5966603951154,-547.767405772711,4.461983376243852,1710.783829313582,-555.4433531659556,142.71305117665503,1747.9520371342103,-578.5146622553724,15.22327481509432,1704.8991769783622,-586.4547222793717,146.35631260524138,1677.7200300200532,-613.0067508372699,40.09000095687604,1688.9539184727548,-629.6527553243168
54.12782271256631,1680.4233064472128,319.88427044551605,65.54484776536911,1688.7543905661712,339.1798690760536,73.31913578223838,1694.7462949969085,339.230602212868,80.47044882457432,1700.518501199542,339.55941267275165,42.00913888099592,1677.0772260427816,340.87283805047315,33.80424326595562,1673.3889112362756,341.1325102490008,25.743993443939974,1669.8137016380472,341.3099531253517,78.68824275891471,1721.4870092315307,336.3565871854925,8.08531694448719,1681.3474867067755,337.73617504678725,63.28678510736445,1698.099939294526,303.7681459949372,36.84185448102405,1681.1523013103715,304.22911275370484,129.75286264273743,1781.0878821484387,218.17935100750276,-68.0758410244774,1687.872851463689,206.2966450413629,211.44988918889663,1797.8130140621302,74.25765239460013,-144.08281720021057,1682.6032425503834,60.88562511987318,346.6989302624334,1836.434872944501,13.616599623527678,-255.18899542654376,1587.4944230139088,1.8242744543991947,385.51015023544505,1842.4410378787513,7.793759827189912,-275.5708379943347,1544.733149568952,-20.460049981352554,389.5525252757174,1850.820217704516,20.10405975178557,-276.1235293075713,1527.0110383784486,-13.156376501592451,375.0307715591136,1846.029427782359,21.103307031569237,-267.8148434320103,1541.3010060085192,-7.716783165677553,88.94588158487214,1768.3269603966328,-105.42104185357104,-32.28519656181426,1720.8587990587753,-108.77823545785947,106.66629906921823,1776.933301373128,-331.72068102728144,-16.1057309746475,1723.3356535614835,-318.73476818556884,121.48950540767287,1755.181153680317,-561.2773929242513,23.12381187027555,1700.7690377957115,-555.4009123691847,126.92879195355013,1762.8281054117945,-590.6053342978289,32.245849015912874,1693.8391728624936,-586.6620923410809,129.3353733647652,1695.577690623258,-622.6392973111272,64.83198950971416,1688.1909266106568,-631.6660980081571
54.2776573768845,1679.6088845668903,314.2168088801301,64.9956217284436,1688.793120717546,334.3103549486158,72.63434328647891,1694.9668347386507,334.4122173684706,79.93659091248443,1700.7765410638629,334.6718562689505,41.28946391285255,1676.8193272447552,336.1445886604249,32.303830697039004,1673.255868803543,336.6280699862569,23.853286942702404,1669.8701656420114,336.9807703047265,78.73980093814443,1721.3356944732984,331.32586760984304,6.498896289368923,1679.5893099802802,332.8128203933407,63.36583768264257,1697.5957570213359,297.88318049985315,36.77133366615428,1679.6217008366048,297.8445559270796,129.4503178882404,1781.0413349581618,208.34876504997328,-69.37542317625902,1687.8366313867143,200.37407786056568,191.33875980158228,1794.1697333724958,48.697837767054665,-135.5846044930476,1685.2395608440372,36.063223675062986,321.07946305395416,1823.8494305542622,-30.221527731268704,-241.88631934182303,1623.15879484494,-47.06748839028824,360.05231159496367,1827.1985982611234,-42.28502700819717,-258.515044066955,1584.7131259061764,-74.87856593783899,367.85633272831546,1841.451890887076,-32.76490088565593,-260.55387143397985,1566.5289562143314,-68.91880011689403,354.489871736606,1838.936797603005,-31.09066357322224,-252.12323309652876,1579.6706754421186,-62.911339445757655,91.02772046524588,1766.569859244405,-115.50509414567752,-29.891450195868035,1718.7505850282287,-117.64619826209231,103.60360337113359,1785.4901195820391,-344.1217607576718,2.9764693217046854,1716.242364332213,-325.536086481967,114.92944365678724,1764.9808642254202,-573.4685115020807,42.46691917042192,1695.3306788215164,-561.1552689340512,121.18826211942309,1770.046096228837,-601.2756023108011,51.93387571413632,1687.3123129468252,-592.6951804278525,121.20721899200016,1709.725604325893,-637.4517224726743,85.76131749154759,1695.5621795545603,-643.9615445539314
55.81059205295997,1677.2741624189432,299.7923268342496,65.3839546690149,1687.633631059382,321.06118035389954,72.9031974864948,1694.061924438229,321.17255792526197,80.6833071471124,1699.6270870780475,321.046211201484,41.95149732956822,1674.9920183273912,322.75574474252346,32.1374146428913,1671.6010490200467,323.42367863283465,22.763926590836064,1668.907875283386,324.03824685812606,79.71933382522317,1720.452040811107,317.1657987422197,4.963907047073299,1677.8006970488163,319.731586530887,64.56660169469856,1695.6231044469973,281.9540883295194,37.82272313948557,1677.0139290152526,281.8765068895604,128.6869237670033,1780.990642724316,187.01121734166134,-70.95308181238575,1688.5444008135373,184.12244065762823,170.69570722380044,1797.6478672583924,19.570167075082175,-127.03602568647527,1690.610183505901,10.40106315090311,284.95036565302087,1814.4118381019496,-74.13289584055083,-218.0912659112138,1649.309570453521,-93.057837166328,323.15091460709766,1817.6961973020498,-92.75116503701392,-233.34079765692294,1618.9248292962288,-125.65541779468366,336.4325373647347,1827.6748815978603,-84.8822363651215,-237.61339106113672,1605.6853335927024,-122.05303858135004,322.60946426730055,1825.5266473898691,-81.51087784496175,-229.06580346411872,1618.5714274091235,-114.87982174885661,93.4106666713254,1764.7064482771577,-129.37317406865174,-28.163448729140438,1717.4391739495713,-130.98238458963428,105.72298538453185,1787.798472747208,-360.43135384298756,14.753128125459245,1706.1913563564644,-337.55077341773983,125.00482969745858,1755.5898872005118,-585.1039977201438,59.5250294668129,1685.711085833086,-572.3168370390376,134.00095912306224,1757.3313466069767,-613.4659457301798,71.789304140583,1677.2759165639304,-604.486144236736,137.59040097970518,1698.0109717134972,-655.3523136511928,103.80593227663549,1685.1225708053926,-658.8110848150952
59.55400227427017,1673.7319806724063,275.76024573985217,67.79059503385447,1684.702159414778,297.69905832395364,75.08666495511544,1691.314066613019,297.7345999981079,82.98395541481281,1696.7724043120274,297.2443180965974,45.88575528729976,1671.1044369312856,299.1381792206917,35.96023382719902,1667.7085952610248,299.87940528267495,25.867716114969237,1665.5377447103285,300.6556131066575,81.33991482299949,1718.5817771996049,292.8689259735994,6.836588662812604,1674.3851306973006,296.7819438284024,66.91025646748929,1692.6218497294276,256.39590454321234,41.42750455785765,1673.2367088744156,256.9994331640528,127.82202880742882,1780.0039410069014,157.11600963367025,-71.8444443993314,1689.1135330144234,157.49741157051182,153.4201648078752,1803.6168645662408,-10.415516016359149,-118.06081037795047,1700.416593307382,-13.692821339065668,245.74133633124538,1808.2699285764484,-116.44270500909617,-185.9833627756198,1665.6075656783098,-132.32666072769328,279.0765984331754,1812.6885075517644,-141.3052880861513,-201.17725767359778,1642.8681900246738,-168.39524642715253,295.2178443904338,1807.7520208729147,-135.66440613820365,-204.4958137997208,1634.362573054403,-167.75391456172065,280.40778708007616,1804.265462328216,-128.0971640345964,-195.63785732292564,1646.8191003961847,-157.56049457272036,94.23524169830802,1763.7242462926265,-148.05221448933193,-27.57962413958617,1717.1184889535232,-149.8257017845031,109.7592883191561,1780.0430702325182,-376.54051159565023,16.99428697027789,1693.4569030710006,-354.4950693643119,142.2506802561963,1735.1756855107278,-600.9559197395782,68.59140407043068,1669.3111545318668,-588.7160939922446,156.13357478160856,1733.1987095074376,-632.1003486813421,84.53976717948096,1660.944134910439,-622.8410796647757,166.47513965502154,1670.2391097998043,-677.9396045468129,116.23824708622647,1651.7105711294614,-671.46438851162
65.04750265125922,1669.9636407450146,248.3395035539323,72.27681617822864,1680.4898850361185,270.02209167322576,79.20616943561711,1687.184045951657,269.884705632995,86.35382664745333,1693.0596157704292,269.31415221448947,52.60740998581693,1666.0128705886457,271.2393265733986,43.222156121523,1662.6596159321443,271.94745596314823,33.440214829337435,1660.0554110388832,272.5317973000486,83.17300560227211,1716.2983389616907,265.0644940571985,12.391314663733365,1669.6517831362353,269.52208860200625,70.25281459461675,1689.466120721535,228.519420880138,47.099356182553386,1669.123924949895,230.03520623989243,127.09326064303605,1778.0350486183056,128.72025615095177,-70.70429500655969,1688.2966722555464,129.9368051009117,142.30655820116604,1807.6142958683631,-35.55413732583758,-108.58066260439605,1708.145664936394,-34.38664136112026,214.75472203747267,1807.2954269165928,-150.02590449337362,-154.59680255639182,1676.2306678289867,-160.58552201955868,240.82581891599747,1813.7059428848534,-181.06364429252903,-170.03479030609404,1658.3096848706082,-197.25357156851237,254.82840915733047,1793.5416833912875,-179.8983783628879,-168.98749882418554,1651.5286146191324,-199.6328462140722,240.09299906983958,1790.1365018967501,-165.34057166373884,-159.56565792769885,1662.979403128758,-186.15182197001178,92.4804924606597,1764.6009538699952,-168.80466771227927,-28.260710201224317,1718.2850274871355,-171.2026082982314,110.21176013033644,1770.7526392149534,-388.6800026772207,13.204921570911592,1684.727933204365,-372.7299172084698,151.3193597814005,1724.1247255483213,-618.8352025907004,66.33210276857596,1655.961071737581,-606.29230970543,170.20289778278786,1718.9726267743542,-652.7165673989748,84.3798045271384,1647.757132780795,-643.4134523370586,184.06148815371378,1657.0117348702838,-701.9042126938832,119.24260652286489,1620.3621880545907,-681.6459181610385
70.51397535066744,1667.0640505416663,226.73299772586836,77.4668438669521,1676.6088434293197,247.29488405956565,83.96001807255423,1683.3560504579384,246.9945748652159,89.84633927673215,1690.0058269292908,246.5894864221799,59.22166096005469,1661.5909218594004,248.4823515353841,50.219675387474744,1658.7257111870001,249.20743091638806,41.561395525183244,1654.8499944492676,249.36608735936386,84.78481481425621,1714.8093369556861,243.09470015422986,18.2939197402067,1665.6720024866331,247.0700532938251,74.07948667726403,1686.9016243033718,207.4871423650732,52.43646910064439,1665.974422979779,209.4868691927059,126.6290698350966,1776.0799212133793,110.1435911342371,-67.3855129488867,1685.9193121159096,112.09078895375903,137.2527825436384,1809.5373687216365,-50.47481270017862,-99.47464673444546,1707.7656379766072,-47.71548558345865,198.1011153238155,1813.1315585543264,-168.90561051368067,-132.3987131912498,1678.8332618393108,-173.75865766342537,218.3220997372176,1823.7311729564653,-203.61653285478846,-148.51214557786244,1662.8362473402822,-208.32631543002447,227.477016102555,1797.1871819512876,-207.43040283156375,-144.1314598233429,1656.724157365798,-212.98540882833376,214.00708240534468,1794.7589587836092,-187.31138590888145,-133.97024449178295,1666.9067088232168,-198.673411762979,89.06475813833211,1767.649907406378,-185.49314060248884,-29.578375185139585,1720.8767004268593,-188.43906668212648,106.77059821437717,1769.3997450849047,-396.972337206232,7.941224041107499,1685.0387294885934,-385.981592593718,147.78728750096585,1731.0894431722393,-632.1969453628326,56.73173973041493,1655.2492885969534,-618.4932875372491,169.21365622471654,1724.6442766472646,-666.4111013348713,74.51175830168681,1647.4112592211768,-657.8309235873074,182.76200753207107,1669.946060216665,-720.6815477877898,113.67843615186281,1613.5361537447097,-689.2371398743703
74.60936110316149,1665.1641689686528,215.81974874794884,81.82349312338177,1674.1298661389326,234.7872243110189,87.81526124412383,1681.0427922422039,234.43415704770382,92.69372219255997,1688.3814810183142,234.22915740633232,63.64182156374772,1658.8190471698044,236.3033096737278,54.506628613180744,1656.7067806688722,237.22141904020776,46.6907995608487,1651.7382007062104,237.18324267960983,85.78289614937921,1714.7088197469304,231.46459630178742,22.03606645497345,1663.4362797855995,234.88169646794887,77.55741435716044,1685.0641536420314,197.54794849298486,55.78322405252538,1664.0473042678336,199.57257624894052,126.69555164130736,1774.673889914051,102.38579892757176,-63.17343024304983,1682.7617436352261,106.83626840035967,136.73879596214528,1810.9642681351197,-53.97271887114807,-92.98962051876391,1701.6185684533953,-50.12145508255478,195.02907630703862,1824.6921011491556,-172.82669698565212,-123.10450865476398,1668.4551625547865,-171.75156535877386,212.20927565103082,1840.7988316704107,-206.6974726191832,-139.76383548214184,1651.681165677705,-204.02948621265176,217.70666103661227,1818.2516487940784,-212.33132099777902,-135.87835133672024,1646.2709082216081,-208.97549115957426,205.77032992344925,1814.215772384821,-192.8898094981088,-125.14790873087539,1655.3385428978163,-196.68832103953056,86.01357875413525,1771.3276272668722,-193.37048338240248,-30.521823617933862,1723.2166793128467,-196.19588215395143,103.25932121194779,1775.4213727843135,-402.8229222292779,3.276425617187038,1692.3132255488426,-389.7139517926671,138.02869197920023,1746.5410889699074,-637.3569445478402,46.55529934232398,1665.801539905158,-620.7004679007518,158.65385503930364,1741.5539485875424,-669.4214644461867,62.878616921765214,1658.7908691400717,-659.8731738325334,171.38881922182657,1691.9307308781974,-729.5486559738646,102.82093522839519,1628.4635566268582,-691.8524143013765
77.6630602063979,1663.2179557493153,215.43965841543357,85.22608449581969,1672.2258355343097,233.03488975783725,90.68877129467552,1679.5001630066479,232.6760661134309,95.15586135496737,1687.2599024816645,232.5210472223228,66.69641243949648,1656.6610247931894,235.0836850250887,57.43542106513351,1654.876595575697,236.18282829318034,49.60628204398919,1649.694855846511,236.28095471547311,86.64818758944443,1714.9025775322714,229.8662706036596,24.737790944313517,1661.4673766899384,233.30012271379508,80.30261652495534,1683.3408492485376,197.9084951434976,57.97270218568323,1662.184550451997,199.87770852044258,127.57581930570656,1773.0373126024576,103.12752439728833,-59.37984858508089,1679.4413986580478,110.956769466342,139.2121709630192,1811.6364501463233,-48.33913060020494,-91.6011398811126,1697.1644142725934,-42.054223777472764,201.2063035448176,1840.9589446585649,-164.29189155246402,-127.28301613014328,1648.1452247018772,-159.04705249394874,217.50066274289938,1860.9511752567782,-196.7429081362247,-143.4923986727253,1628.1910177748211,-190.36286592582698,222.38083603387574,1849.3184541293522,-200.02859783352272,-142.28448540300806,1621.9515140478477,-193.41474827319377,211.54962356283343,1841.051225811541,-185.98965698855952,-131.66657275751325,1630.5190471784515,-184.07390222203605,84.43541435284864,1772.5857361498192,-191.02056159471368,-30.557503324190158,1722.9454915055996,-192.7308873904193,100.49980442382017,1781.267582897911,-403.59884538301606,-0.4635612694971989,1700.4024491904313,-383.444606508926,126.54440531353002,1758.0157830226597,-632.9279402135801,38.560066007203694,1679.0611316552397,-612.3187536641433,143.8048870714877,1756.5774526894552,-662.411584835842,53.03740591276318,1673.2317992665437,-649.2011309422024,155.98029612223993,1704.6778612774096,-724.5849586686202,89.5665430082676,1649.067603444471,-686.7993750586179
80.54005150547475,1660.4820569987237,225.08616652887432,88.52258882122538,1669.4914931301566,242.3705596357134,93.75552432537692,1677.1262216560601,241.92997653836485,98.29289220950629,1685.0541668456506,241.63003899726206,69.99545772510558,1653.7697287545325,244.62807036873355,61.08042323461273,1651.589307491617,245.57482731905372,52.88174658359698,1646.7242195884817,245.72835027121724,89.0059357156586,1713.3224352234606,238.59274724807,28.3371591229173,1658.1734721625915,242.01208129225293,82.69564893881768,1681.1078344090502,207.55019024565289,60.51313840810408,1659.5313174571838,209.423334352244,129.22802401793425,1770.4616346357202,112.8114383426486,-56.3932892865667,1676.3158544162122,122.69816087782337,142.77985210981555,1810.6119253920333,-34.2399824453793,-95.62019190073309,1698.0867600603392,-25.416400946111075,212.3331813530439,1861.6725821148539,-141.75873188531284,-143.13278481147657,1626.2854914857055,-137.32677741656963,230.59212058354058,1883.7313295816975,-177.1359324681129,-158.83470643787655,1600.896958768948,-167.06367020325922,237.39931401338012,1883.983054019301,-175.90083817437989,-160.2469079534731,1592.1326994118365,-167.7828752258882,226.65052524140222,1872.1225596404279,-165.9186091670995,-150.49688559163923,1601.4405591258808,-161.03012314461807,83.63756971209364,1770.0519284309405,-178.68954102807103,-30.120924373845966,1719.7364230639942,-178.48167139728704,95.50815312026458,1782.1801248829988,-393.83463579334057,-2.918472785814532,1704.9566483187111,-368.5426587118516,112.81626289979965,1762.042933819085,-617.0092113791218,32.19574707994665,1687.9646509455963,-595.0100972776796,125.69003047312839,1764.0110688880354,-645.0050682078002,44.02639099063452,1683.4203712042456,-629.1988466668114,135.202483115261,1707.9655131513728,-702.8779480545845,77.38962603265084,1664.3415767615018,-671.8113544455811
82.80883013993909,1657.950819811074,244.68965938456753,91.52134202300157,1666.4155521738003,263.01946601516966,97.12340707638018,1674.073013780035,262.51632800017495,102.03859276799477,1681.8750219370943,262.077274229939,72.90996411926417,1650.8190465820528,264.7750821619891,64.47674301415792,1647.9910210677624,265.2929848243761,56.130846079330645,1643.3090040441625,265.2422779952735,93.47864707132916,1709.493511550646,258.79662071334116,31.981561540636612,1654.5407348797082,261.33009243321817,84.81832606079243,1678.9189534856878,226.5790564652299,62.976207794094194,1657.035502446395,227.9219452608929,131.0827888218171,1768.0132024342477,133.26560319600262,-54.16916250743574,1674.1203744960023,143.08569540145004,145.83360565844526,1809.5124466975028,-9.552837756721306,-102.13830751607131,1699.695229131451,-0.059266926843025924,227.51489149279078,1880.6765921761948,-99.97971001988105,-164.68117221752476,1604.9450627795584,-101.10946582467359,252.54270275721373,1905.0592162417443,-138.76596043600372,-181.72616274640194,1572.2667975370368,-126.27506706050309,262.01680285192083,1911.5562726342384,-132.3257514304332,-185.4818387253604,1561.8537618686469,-125.67130622469747,249.60249566706221,1898.1248964175259,-122.76921228346346,-176.67867138423796,1573.1954474516722,-121.2737090598852,82.21974059591714,1766.3583976262837,-158.5806103030739,-30.31781892340934,1716.1652786878144,-156.4326012706413,88.40639086121463,1779.6156774238684,-373.3746040848092,-4.8815639709509835,1707.085073044673,-347.9576085120339,99.55164192248748,1761.4919919611175,-591.2289793958817,26.66120155092028,1691.970789333948,-571.9620179796091,108.86087868961232,1764.7260483884725,-618.164165612652,35.36061303501076,1688.4477621131932,-604.2491277507484,111.9239719216165,1710.2646904648673,-669.2383365421065,67.76021425459234,1673.2927399252649,-646.8249326957219
83.01722965605528,1657.6092035167578,270.8030167845787,92.6148575186404,1665.2085467406932,290.6778422988666,98.92099902778435,1672.5238267815137,290.39101447001735,104.3507264170663,1679.9330016158517,290.1227495432283,73.30561811296873,1649.9646433166392,291.4375321228108,64.88548811791811,1646.8348835356787,291.6889910640721,56.42147751812657,1642.1865230543751,291.5468195341066,97.88665860996616,1705.7411408666194,287.125993185423,33.11959941895194,1653.058125842286,288.0698984513065,85.66153461236703,1678.3932691803084,252.58950793121872,63.50674858518279,1656.5574790591675,252.84490019757894,132.33961984215355,1767.5986171249497,161.7090908027248,-52.807554047768555,1673.4754304969754,170.32849187208117,149.14499526557935,1812.5159042303003,24.054998838444074,-107.31986368113758,1692.809469811029,32.85293075546495,248.65435909478825,1886.6674694790468,-38.941922843754206,-183.30433896095602,1578.5797980611321,-46.33328967115905,284.16320808740926,1913.0586029079877,-71.97787935231018,-203.61454453680332,1539.3466781955924,-65.02480157986501,294.9019465297948,1917.7969277850075,-59.89622979700382,-209.45347780857895,1530.171236534423,-63.10086684180877,279.2134403637719,1903.9289867572613,-50.712912724497734,-201.01668024018173,1543.7355482686107,-60.57826120084008,79.79194960096466,1765.1677241022542,-135.99000629053913,-31.88005164025118,1714.7203879365225,-132.89633318650937,85.6380157008804,1775.6761486688915,-349.7367492690432,-9.966590724217129,1711.7301137829768,-327.9268775979512,94.0721716233058,1759.5858770541956,-564.0620498278786,19.248499122023656,1697.0752305043004,-549.1061670664553,101.81727851494763,1762.6122228740578,-589.5124004933132,26.088770026597828,1693.8168274501884,-580.0116154182647,96.11197431024837,1714.1174671281863,-636.8150211014568,55.45997175842191,1681.762500505465,-618.5107411590751
80.79717971250251,1660.0366098458085,296.0682745302281,91.0524295545642,1666.8333146754715,316.6096257480494,97.84828152288912,1673.7563918198957,316.7719765598958,103.74030845280362,1680.694478097685,316.919306236729,70.8501616101362,1651.9320866085716,316.5478130419383,61.99134622308979,1648.8623159997237,316.94303592650607,53.02387875954467,1644.4614107297152,317.10637597500073,99.56815982025688,1704.5706592920526,314.60521306709626,31.36853244455401,1654.2929042808084,314.35649487562546,84.36974380941462,1680.331229981721,278.7955572465946,61.56575749807459,1658.620599896236,278.0833134383874,132.63739179415415,1769.4596124317434,190.2554216422856,-52.36962998886618,1673.7795108021057,197.62926178720036,155.78019136496317,1822.600990947069,57.67411463749832,-110.36010802550453,1673.4305428146338,66.77576276471473,274.73664991426546,1877.1774675162214,32.15917884581591,-193.9827746055723,1545.8151377645786,20.106709333680545,318.84438526310913,1901.7086192979941,16.2700316199935,-217.32819272263313,1503.750088483308,7.30098755551443,328.5109325065762,1900.3750284971923,32.83225596407909,-223.725744039809,1497.9815348599284,12.23523250614043,309.618701524129,1887.4455115294375,38.42332680048953,-215.34290712493566,1512.9395144322261,14.029093550136,77.52542931056533,1766.4004335266327,-116.49697259769832,-34.25037414824541,1714.6592543956554,-114.0593703004515,93.89777765405178,1767.7727324271748,-329.58226521614995,-21.790604596678016,1720.1621488150204,-314.3670461044998,100.4684610012691,1757.1447281832056,-543.0977363020504,5.530180324150317,1708.1533265824792,-532.5018685538204,108.05872410040517,1761.5545916639128,-567.8855749616401,12.833301670075796,1704.796233364046,-562.1570733892248,95.32126285779675,1714.447423149501,-614.396674951079,33.74529040415606,1693.6188832434796,-597.5259722317869
77.85946356173972,1663.1807997748547,313.82641744363866,88.51171915363325,1669.4158510038578,333.68555041933325,95.43641009581793,1676.1623992250438,334.0909461954052,101.67040271419827,1682.7061513632827,334.41657656633254,68.00798314131472,1654.5822906288033,333.41929503883046,58.90982571670915,1651.5038076916182,334.14030019426434,49.33590943683137,1647.4428098973694,334.77542469145766,98.78349528272751,1705.5943677778846,332.7887600955002,29.53162548687932,1655.9928953484832,332.7502178357414,81.81721510715795,1683.4023895516323,297.6983982341563,58.93892938700062,1661.4612818335027,296.97191955075397,132.22010731021658,1771.9569920290992,211.7759260909391,-52.75217730120131,1673.7278915961053,218.21693008061894,168.08708382100028,1838.5829967900531,82.78333594312888,-114.5244782806626,1648.0892864167238,93.89494026591979,299.18127255586677,1862.7871109819089,102.32134134648669,-198.28114665393642,1516.1870553634267,85.23940231462689,345.2794259544028,1878.6620017185758,106.43088410035544,-222.51303625792545,1473.9042348863366,78.46401303556333,352.3454877160969,1870.9251598117562,123.36965934902558,-226.9368524376108,1471.3568234791237,87.54336590591781,332.29205961695186,1861.6831444521524,123.41049228759478,-218.90083313227936,1487.3088876318404,89.13538064340725,77.02587494551264,1766.8944340053731,-102.53765429129983,-36.06269409944029,1713.0824448535475,-102.02453494674681,112.69996481877676,1752.3746078009135,-313.2488711297091,-39.28100647367791,1725.9682310095786,-307.85486784428264,117.509720381016,1750.369464553188,-526.5664920016297,-14.315685769416739,1720.4229233001754,-524.1184733424252,124.66221778210051,1759.358138740258,-553.0283371552799,-5.233119664316484,1718.146605893483,-553.3948212127746,110.22798284827104,1704.5932021982562,-597.3042660614799,5.8574153120096994,1702.6988108877201,-588.5094376759918
76.22910811697733,1664.3466473180035,322.15170501361087,87.18126197774332,1670.4980064178085,340.72317994617697,94.07849830807183,1677.3422119680276,340.96091387907137,100.54241438892629,1683.6479716180877,341.0328933263132,67.15221666113757,1655.1909429963894,340.6271186570113,58.46723067679092,1651.841725263201,341.49914410050434,48.88202801970037,1647.7546500764827,342.3871520545646,97.81050242056848,1706.598282957716,339.6211137207792,30.21103956875711,1656.0688164925634,341.00229837845893,79.75342833847313,1685.4617627840141,306.39291916118077,57.63688967255132,1662.7155347998091,306.3255659230359,131.4300051374426,1773.80712397884,223.9089735083712,-53.88506529437325,1673.0355119819985,229.97177706718213,185.8571054194616,1856.0842572023305,99.55714626892255,-123.45002544036718,1626.8772859377339,111.9619029038598,314.4188812133649,1850.1179733097663,165.39140106281926,-200.3357388802305,1500.9361533207273,142.04893003056046,357.0070623770207,1851.1849477139754,183.4318740732251,-223.23606294573378,1458.1861144635077,144.55779445034014,360.58847700095305,1837.378087151501,196.36875531967948,-224.12056554807086,1457.0648839864184,156.88772474338398,341.7351717020337,1834.0855869531533,191.9644775379048,-216.45333452860396,1474.253796159927,156.92257533337366,78.73477280908791,1765.1941697236693,-94.45340295546463,-36.68455888772527,1708.7035653046735,-95.7187695575232,134.47412694227543,1732.1717333279923,-300.8456922800379,-57.039128416915496,1722.714121804074,-306.098363117438,142.58577261143515,1732.94192375501,-509.55402833574163,-33.24969814129581,1723.60011264582,-523.0303416036692,148.25156240728822,1747.1373079992204,-538.8285351252794,-22.574413924522283,1723.9080870338794,-553.478523578491,137.70523350799323,1682.2967417689524,-577.408159167321,-15.834416527906534,1699.6077205481145,-588.0205618763913
75.76438333882024,1663.7669769451795,323.89510314657696,86.85453954508789,1670.3081555558465,341.37466410391613,93.63217067476239,1677.4186801473181,341.38325759561866,100.13755900366266,1683.7580976135832,341.21302503905247,67.53223070919678,1654.181151588806,341.39899341524426,59.53115745247195,1650.5719764386831,342.1704549555632,50.55299733949195,1646.2386733891674,342.9816630304596,97.44934536935058,1706.947365509312,339.23832237225184,32.20686081364394,1655.5258252138137,341.87926726638403,78.55185183887261,1686.0835892274513,308.00298166466376,57.44296694224559,1662.3286546051772,307.97246027328634,130.48641944426174,1775.1437233472113,228.13854436641847,-55.625663297842564,1672.6999628480553,234.46797212785555,207.17838444668448,1870.253533214886,114.25259289514577,-137.22347718868102,1612.4494213259065,124.02662184591647,316.67272495796124,1830.8500993022762,217.47004634773873,-202.0682028110802,1502.3016525156736,191.81481811362363,353.85424517553884,1816.7939739286765,242.4194785874854,-221.58060949055664,1461.25300693787,207.08039832972597,352.1880238853554,1799.0195491421405,250.99649651273145,-218.9318685728254,1460.798258759245,221.03680472631578,335.46485173335583,1801.1416872721181,243.89907001095352,-211.12463705082754,1478.320808577221,217.0265387949786,81.62611925607703,1762.805099234411,-92.75268816969363,-36.82067418235342,1703.369656490673,-93.96778792265701,151.2375002641003,1714.2175144004882,-296.73126741192874,-70.27873112872264,1712.520408951979,-308.85984267149394,169.41685240690205,1705.851083331798,-496.008483958606,-44.47760976033023,1713.1598599845247,-527.8871817186937,173.71746297161255,1721.5966264991484,-526.5254091304392,-32.7003549660998,1714.8999371830919,-559.9380488617571,169.82866704977806,1653.1355780127753,-559.3273007550076,-23.7148364995287,1684.8849364742641,-592.1234938096432
74.40181375467007,1665.090895804614,323.28329279566344,85.29786623588964,1671.8321699251587,340.09542345226566,91.80380406115947,1679.1072073589962,340.14717227917185,98.10340540826584,1685.77375446542,340.1487526480984,66.24558450656389,1655.499279692488,340.31703444122013,58.40114108153881,1651.826801216007,340.9260960911842,49.856595338118844,1647.7407015135386,341.52359214868625,96.35132991824834,1708.3432001328006,337.1291016302997,31.60901930299535,1657.4622674411048,339.9081822472458,76.91812541664642,1687.2279472465796,307.5479069674208,56.34036164216356,1663.226403716213,306.3917167631519,129.68811926785614,1776.3983510350736,227.5005260420072,-57.7054827163637,1673.5788205795875,234.16624589471311,229.40550879137737,1876.7089062193775,130.6764211628957,-152.88584515254303,1600.0878046395546,133.25689203654406,306.1959768666574,1796.6250380861213,253.62118550576486,-201.00347256204196,1516.9302211875913,236.0484673965918,336.0038931298757,1775.0627859279407,282.5712191526978,-213.54557468385255,1485.407646476866,263.1989686422859,326.89454043697947,1759.5671552185001,290.096546091682,-207.28246199316928,1487.4614064994792,277.6651892869005,312.1092829280679,1764.3157095702352,280.37853314182917,-199.71983514801087,1502.5941251469048,268.18502838197713,84.43497852454335,1760.7263354183121,-97.45471987501602,-37.37595193360943,1699.5928699023207,-96.6114226423168,160.78730414324684,1700.776871000253,-302.0377834470818,-77.84493926305099,1702.2715743060676,-316.5158458912257,184.72846268462828,1682.2391463332683,-495.9861787486285,-47.954532426856815,1692.7102831779089,-535.7798917077605,189.68859231068913,1694.4865938198402,-525.4463639894483,-35.329012508832406,1691.9940025528956,-568.0209913467907,191.70486244971815,1628.433621075063,-558.456702687092,-21.820275928293718,1666.7826343876263,-600.2592119127357
71.02391469020762,1671.0853640348234,321.020999072537,81.43924815114559,1677.527399589578,337.9092481488473,87.63422769541214,1684.7430209153845,338.1453458046693,93.62289884697952,1691.8179630473205,338.4957831000713,62.143812077118575,1662.0880053884684,338.68051926267526,53.75611684356137,1658.2131666630742,339.2398761810265,44.93520021369196,1654.9991670993713,339.80195921675625,93.49419132667902,1712.4501025127784,334.6523702862674,26.671088261277184,1663.3535438267627,337.14547240749647,73.89758589786844,1691.1788552459234,305.7314580025449,53.274587560544305,1668.0653500745202,303.355712160859,129.17106401776533,1777.6137617835325,224.1150423205904,-60.10748998543549,1675.477564770848,230.8024065569272,249.11756979941651,1872.4169511693094,146.8615570671169,-167.05114850176187,1586.6989684014682,140.66497965030342,285.354749467317,1755.8670760042448,271.5275542557406,-190.1648556810943,1543.217448616871,270.46383916577,303.57526891078857,1736.1285286676166,303.8537730349396,-191.04220640450237,1527.9352544041485,304.1629437820065,287.1559488607078,1728.447644098763,312.3101506875502,-180.67334222396684,1534.7990006907207,317.769831591428,274.8175569029803,1733.2093626981182,299.1816105109664,-175.4745531101974,1545.40600443193,303.8217845548751,86.63111317832482,1757.7719914363934,-107.26621345801117,-38.26853783817111,1697.4484687851925,-104.39405173958447,166.97697231757806,1687.2303117709407,-308.74221047751604,-80.9753518436133,1695.320123382835,-326.68303437340927,179.21128122333022,1674.6835498795685,-511.2799563208151,-47.74981864259827,1669.5974647181104,-543.9359335080514,187.0020968999202,1681.329285212808,-539.2350516418435,-34.86281847080319,1663.7657968570104,-575.0568620133195,191.12164405190651,1617.8508284117997,-580.9977516978464,-18.189544903570884,1650.3304766497636,-612.8321939898938
66.94317631360693,1679.810529524665,312.6450871340301,76.95153865639794,1686.5405513947844,330.8772675988772,83.0062458033973,1693.8979471632306,331.19629500127917,88.812030505148,1701.2327635655936,331.6124209874438,57.42596886289267,1671.71879169481,332.1586653323484,48.47357373062998,1667.1140918574492,332.7662551887835,38.99548889147086,1664.6252623029566,333.6311581759306,89.89364824868457,1718.8113750107213,327.2247859652255,20.021622540660346,1671.3124688813036,330.4265168997847,70.31808072081202,1697.9247492834784,297.4153228878354,49.55237084428714,1675.626835270703,294.9007535480049,128.55362688551028,1778.9750136395617,216.42154281588492,-62.85312036028356,1677.4150885795648,223.5326931551896,262.44490914946465,1859.37560754332,158.72199001581447,-176.68356074812795,1573.9154095445342,146.00222714444175,256.2025840491547,1727.1888624846597,275.58825716934814,-163.61657369944143,1577.4913588225058,288.0299611519652,260.28350164473875,1711.2299721602094,309.66692668640417,-151.27029495240737,1576.7854627710635,322.98596514747203,240.2663917481257,1709.5594072372053,317.1653723141557,-138.20308568612722,1588.0680677300502,333.5955519850704,232.17360074652302,1713.2469062507516,301.02124542854995,-137.3116690551908,1594.7482674799287,317.49197122931463,87.91156812391837,1753.5552926647956,-121.46940278718444,-38.938312554608785,1695.164704519698,-118.7285665557569,173.11634189390878,1671.7712194182736,-310.9207374282819,-80.81962230123011,1691.142553915602,-336.96984128184397,162.39995701869069,1679.383209648536,-533.6165952382664,-44.56499545731329,1651.4977516310926,-555.7583410892662,172.96943198764816,1682.508208937848,-561.9761218988444,-31.683662033692766,1641.3008126370116,-586.4145587486761,173.74254742879097,1622.6092967995924,-615.2656983643465,-14.542510942968942,1636.2792315297686,-631.2516872909972
64.03014829796315,1686.7416957757152,293.5479303044189,74.17434969218017,1695.5119688397342,314.08786035049684,80.29858432566728,1703.7299090870304,314.408106728593,86.10798975765545,1711.1669743150987,314.56752047004363,54.688385520491046,1679.1858186254503,315.20321751499637,45.69513281743388,1673.5711865902258,315.81341530243964,35.75237638734469,1671.0913351116526,317.0946029704226,87.37739563467952,1725.2293801578523,309.1326066886364,15.198031389434489,1678.2812951450637,314.23462968076234,67.93412121890233,1704.7961768732025,277.5218485120992,47.181856815442565,1681.8634657459656,275.67593320588304,127.75402307574595,1780.4206953263295,200.06285546890115,-65.38844659073416,1678.3827237316098,208.64965576919968,267.7770599914055,1844.5141994385415,164.26806000031277,-179.95708921369902,1563.8552438019713,148.41438822479955,220.44375585493847,1720.926428882855,273.0747944659389,-125.56017954167424,1608.5879021165804,286.6367895197835,212.5359232938763,1703.2559651380884,306.53568125894947,-104.54076822422424,1616.4652452826908,321.2770715997974,193.47915133698376,1701.7825768116568,310.47308552219175,-92.25189844586338,1628.8319897652789,327.2591551565839,190.92343353731755,1704.6234560679914,293.0628572153822,-94.873779274296,1633.1341377450656,310.36061367205264,87.71420431017766,1750.4945720394433,-141.2881811297214,-39.782493505505975,1692.7017422506015,-140.40345457954368,174.71344324020063,1663.233944391424,-319.3748126490022,-77.91601436101922,1688.7978105837228,-350.46213669802984,154.73186643381283,1681.9036739123114,-560.4834626474535,-34.14895756660451,1641.3130810852156,-580.3482704244373,167.22971184611995,1684.0291964708504,-592.6172066463682,-18.946855713625638,1627.530927655218,-612.3793118314168,164.16907405678595,1631.947279399349,-651.2342781271232,-2.2931901337970757,1622.690602731382,-661.3095005977939
62.530164641417045,1689.7714530627763,265.63107161150947,73.29858791656598,1701.7232482896725,288.1303651002112,79.55508626303097,1711.2685716504025,288.4677771417672,85.40412190254403,1718.761218982877,288.3467906656982,53.69209878528242,1682.1582899226992,288.46666758956314,44.89441968071668,1675.9336516866338,288.9395570948001,34.82380139784222,1673.0981158525274,290.36122840309923,86.18106882623643,1729.8689775464363,281.26596180416874,12.703859740584475,1682.9276361585237,288.10296577333116,67.50170194900588,1708.9225261513184,248.17425650526147,46.682396958186466,1684.3963908422106,246.72764818140269,128.07935360700094,1780.5341346855041,174.19048074529786,-67.29950113070673,1678.3433943361567,184.5800246584285,269.3046659695858,1831.0002901024857,163.79306186795068,-178.70805122127237,1557.4581592901172,147.66532596191797,185.11814409917736,1729.6280561022675,266.8883954491724,-90.10202179998399,1625.2147786275796,272.7319560828619,168.87522636676786,1706.2446662443006,298.5558899900227,-67.61350262993165,1639.634787965457,308.4149268075101,152.0694124604952,1704.339490397806,299.3837721508702,-57.80416460385456,1649.0491837565883,309.7008034776971,153.89195934486884,1707.50872204333,282.344522784058,-61.03398322895206,1650.726104570682,291.9027400218396,86.36143652592898,1750.7072675424492,-166.79192159622588,-42.131730537050984,1692.8636731193515,-167.30072335313284,163.02752012909588,1673.0937540808834,-351.8677252688821,-73.88983269824865,1687.7729967379535,-374.1368049790543,163.0077925910052,1677.538948256277,-601.6365932336821,-14.774387586838657,1634.328047216728,-621.8471758835176,180.8475132767926,1676.458593754392,-641.140507490151,7.809196215610006,1614.3143190461763,-656.5926149979853,189.7980759798071,1624.7308811971843,-698.7225281217347,32.97013090640316,1601.2087617882273,-710.4953154200593
61.58929980618482,1690.2156450742746,237.64415550997774,72.57597270694423,1704.885770657745,260.64487556200174,78.84943325081396,1715.4686700509044,260.9899016855776,84.6193472743689,1723.077179136553,260.76213318206794,52.4788307510164,1682.5559039977022,260.1728932712372,43.62822622858504,1676.3908963813458,260.4291773105602,33.61228120652435,1673.417590605145,261.68054601336684,84.66902392719608,1732.8570276941064,252.82723692375595,10.928099027059732,1685.6793967168142,259.93528318687925,68.03738645456134,1709.9462270262898,219.0014891111849,47.12655216595811,1684.323086151703,217.3277486324743,130.64095410643344,1778.1759110987678,145.93929905895962,-68.92216719552451,1678.0894053864185,157.2300781944052,273.01891221619553,1816.6891394727513,158.7640973253298,-176.95862936399263,1554.9570634963482,146.10728825729302,163.72688876476363,1735.2416732491972,257.0767596243455,-68.19433466490338,1626.559576497818,257.49844813078573,141.35315782909186,1708.3248304115323,287.13884636756643,-47.57681121082941,1648.1443655704907,295.3062772936633,124.27206007293897,1711.1499935708143,287.5870202481159,-38.40605987457328,1652.9919038746887,292.84633978931777,127.41018178003006,1716.217011680264,271.3561058199507,-40.586337342084114,1651.3907869673114,273.92210280549943,85.62021695732837,1753.2372198625005,-192.58610398175082,-46.14614445144372,1697.5894363602042,-193.25771095964902,138.40824134188824,1699.9073529687919,-405.99816549116554,-71.91008250375882,1688.7641646828197,-408.84641818656314,173.98549989239024,1676.315406032152,-660.2055643849917,7.063198500101813,1625.5726386706829,-670.5721304179949,205.12744211868133,1665.8709312824958,-709.0025373356531,40.54917996049548,1595.9809620931708,-708.5055847528058,256.05985527793473,1587.428288403112,-768.7297412500848,95.29464295866286,1564.659897774737,-775.4542547823842
60.97649130410068,1689.9709243545472,219.51380366632912,70.99927421968893,1706.3012340880202,241.4849071799123,77.03552147633587,1717.459731571908,241.83252539706083,82.53248859801865,1725.4516502324925,241.69284103012077,50.73279727368887,1682.6855072342507,240.54143361447046,41.70365984357755,1676.796012187637,240.6218468420894,31.820749329732948,1673.8793058777321,241.69293583516674,81.51901284285701,1735.847317834092,234.67367143941024,9.454914136463087,1686.9038819869686,240.59822735366026,68.04730879476249,1710.0027132759396,200.76721173273816,47.63700050409482,1683.7762089538908,198.74368608831776,132.96828093620078,1776.0107930723539,126.37419203583178,-69.38831490098762,1677.1071218937798,137.23625430592935,275.30756921646577,1808.5071350924636,153.19866471144607,-174.51766144316923,1553.606916050585,147.7205093671606,161.1440705216633,1732.1880881586974,250.23818879072002,-57.51586106320166,1620.7647688957077,250.22387270458125,135.89798907856468,1705.16110910819,279.83045407800455,-36.51375001668162,1645.246806801062,289.10969188769684,116.37799659309304,1714.1005011330844,281.27273728855886,-26.262526167959273,1648.3516733802076,284.3017957783499,118.45991103918736,1721.1653342760935,264.94657951263133,-28.563055146508706,1645.6065235244337,264.7945313098093,85.9706718567132,1756.5661009482105,-209.64025190036384,-49.40726994375677,1704.1757892230253,-210.19706338900568,113.56861195657075,1728.1283779032005,-453.6724672575251,-73.07654665308294,1693.3022401407002,-442.3974204605711,173.1006980374771,1687.0331855399759,-714.2372674449373,22.444831015188953,1617.0451710634845,-706.9275551335178,221.07613476976593,1665.0432282612674,-770.191034886746,64.26977867235134,1579.1836983013495,-747.6466967211568,328.04890874910984,1539.6046002229996,-840.3507952712325,161.94009341156848,1525.4923499725853,-832.8905989490047
61.04718280849727,1690.015393658199,217.37723427777826,69.48880220505266,1707.3261453585476,237.60518649151348,75.0355524745427,1718.9959328892533,238.04828153632053,80.05030830396967,1727.8044681811716,238.16099281959723,49.91500240147481,1683.0563314738604,236.6458522195053,40.955797377800536,1677.0798028550755,236.6181915529296,31.240498334918453,1673.9736203562463,237.57024504512674,77.44096912358195,1739.829772704563,232.6352477394198,9.218822106699891,1686.6409818689358,236.8514600515091,67.20659185688233,1711.0491965119095,199.4355928527985,47.84621440050166,1683.825192588087,197.41530107006005,130.78741022625417,1778.275293718467,122.61076472738777,-66.58783453590014,1673.6088786190332,132.49469465522452,266.20700048796914,1820.852463993604,152.86838172931328,-168.23592963620143,1549.3820194293278,154.62089629892915,164.40894387606303,1738.867468284713,257.58340495284324,-50.45913076915086,1615.8101013735018,255.3389600360268,141.88970919554512,1712.644238364548,288.9533955880249,-25.638270652497866,1633.9963164316566,292.78997384592617,121.49844770792026,1720.1516545236818,290.499056919528,-15.604917954464462,1639.94621005842,287.7741258526915,122.48350777297169,1726.2143317653251,272.7154414140116,-19.892292565778614,1639.8026420044564,268.69831453676164,84.85929292818398,1760.4121297767438,-212.26343062593696,-49.429242492544844,1707.4524467363879,-212.40481108794233,100.45019759168969,1742.4443238936562,-466.7485363160136,-74.25931598867678,1699.8596987414537,-456.7714661265286,162.68886491121344,1702.4241758725345,-729.2344427189189,28.637559837606794,1613.1788881976252,-715.0687198945674,219.42179457192614,1675.4811317013045,-785.6150557341152,71.37005424462211,1572.9876510678225,-756.789048039796,352.78973633523015,1521.5381532477124,-866.6423403841748,194.68098792946077,1511.264083260055,-852.130982310797
61.186523960030755,1690.999778646391,232.3015901597374,69.04108869388543,1708.4012365032345,251.2079406277126,74.27416740603991,1720.2666511545979,251.76023779187176,78.9136444034777,1729.8395482085468,252.10144310674252,50.05340129173473,1683.9822444288068,250.8402608412473,41.24209745885851,1677.6454443799203,250.78248276147852,31.612548393974237,1674.022168459388,251.4836809894331,74.93995505418027,1742.886834029854,246.83929012295494,9.438048944121581,1686.229043347272,250.19500774521907,66.2865265149307,1712.6038580375234,214.97943776755517,46.98514953029304,1684.9427564729501,213.47127451547786,126.39869427469147,1781.9775803203481,134.3420930856595,-63.25489031599615,1669.4558280346348,145.38010372211545,254.34149721436162,1841.2639583401624,157.53826825488392,-164.81065359446103,1545.4822660915759,166.24929675718275,169.1956969555985,1761.269110610248,275.2169197111397,-51.85017397294072,1614.148279637511,273.1006690127123,152.7767850009787,1737.7288845777275,309.29792587280707,-23.191458637504184,1620.3871050547386,307.23052022455585,133.23434878149973,1738.2829819981332,311.85302026873154,-14.801857800855801,1629.855035953799,304.5622698059205,134.00039805230153,1739.7423355534122,292.8728263944572,-20.934390995180888,1633.427055814317,286.76692310209097,81.89460004288252,1761.7305943750187,-200.53121533273114,-48.23381119467981,1706.5854674543912,-198.82865265666626,102.75676511108465,1736.651303860485,-440.3792940283568,-75.1911197213762,1705.2958894172716,-444.04128595171034,161.0376418792056,1702.804017358201,-690.4578685856069,26.22773574738844,1616.1561260494575,-694.3801533981697,213.18085619754606,1680.1150167580672,-739.5620176742875,64.08252892541613,1578.7525267949406,-734.4880224935324,318.550317005304,1542.8102207915642,-820.9166664284895,174.35780211254075,1534.946551200169,-823.7260190413283
59.37704835712468,1693.0525969422572,260.37078722627234,68.68640505731308,1708.6302206743876,278.89850594225277,74.51201010808231,1719.3154708765378,279.2414783163012,79.59529820022043,1728.4949417717096,279.4337613428859,48.542377420136866,1686.1551301108261,279.72255522909734,39.47778024854307,1679.937936152765,279.8376837716466,29.761344106672073,1675.991031748336,280.26352363870495,76.27599199963157,1741.1688097620288,273.1538969626118,7.119663254095841,1688.0487597931863,278.0522744944792,65.30267750420273,1712.5962936162834,242.71251248493127,43.70234090608926,1687.3188043179675,242.27582136769624,128.81589571662082,1777.5727095291118,156.06975183360453,-67.66471501448396,1670.8107106352206,173.28500616052722,266.8837273470222,1829.0159209736785,158.47528060717985,-179.03321399438266,1551.1160564142097,180.6469000410957,202.9631554770498,1757.8021724283517,279.98233564478085,-76.11318460303926,1610.5249750127869,298.5594496846784,191.39729087769138,1740.6094384509593,312.867729304814,-47.44216685474283,1607.2308288685326,329.82754663718396,168.44389021482678,1745.8294583780146,322.25479589965124,-38.918280246493225,1616.342129454968,330.9897561427925,168.06427737201082,1743.6216868969464,304.6892030534972,-44.749864739002334,1621.673527941485,314.6398911701293,82.80144384553851,1754.6177721744987,-176.68669238075793,-51.16223347263548,1706.59082302966,-172.36034479427525,120.53113432773453,1714.0116979311315,-392.34286544659824,-83.85271431455331,1712.6852972812437,-413.57783459428913,181.16747388838274,1678.7961587652755,-618.2742528223527,12.045629971313446,1629.7838833607354,-658.3774941917608,221.86623911220377,1663.4117034841754,-656.8153399915656,45.052424960447176,1596.3760086180228,-695.4129145851343,268.95397094303553,1571.2266962984952,-727.698766880138,115.30893964900802,1583.7567476604534,-769.9911977677685
54.20325905435061,1695.081236220157,293.29970514077036,66.08522181816413,1706.9115208049798,311.8438084012632,73.27128502240532,1714.9920434062785,311.6086891443492,79.60892125058619,1722.4389919957644,311.2887612912557,43.58061945690928,1688.7319791462357,313.84724554812016,34.242051062265254,1683.377441900468,314.29599923311935,24.733266116976495,1679.5632937237253,314.7020352391637,79.45198764360985,1734.7862848162538,304.051208226334,2.6573489834198476,1691.2754224046898,312.14273022568113,62.569344341783506,1710.5021344624224,274.7721624627066,37.91973561140607,1689.8632213977526,275.5202763112016,135.89042822652277,1767.9838126802354,182.6005864313022,-77.78582573089827,1676.615880992142,207.04118938685602,294.37046832424005,1793.495835187864,154.62956689686814,-202.1309804863626,1563.3012902821793,192.9073902841176,273.90439940288655,1714.209295328073,269.0359310189996,-114.50419796349154,1591.019052946382,319.0358321608065,266.69116968807344,1705.3517794341187,297.3987242583146,-90.86169255798627,1583.216031777603,349.6233010840572,235.39760545501537,1731.4490933612803,317.6467070469622,-80.05699870175634,1589.3427300983021,354.3578688291632,231.32198208062493,1729.3572970347948,302.41618053246765,-83.60665086817613,1595.2608234036038,339.02037685365417,88.22821016703811,1742.626821821509,-144.71763078646921,-57.13302967496445,1709.2562733020995,-139.20120240007438,143.0672713153665,1694.2179240251262,-348.87547997774715,-100.0558347659758,1725.4814979493985,-381.1718226749933,207.29778615024432,1652.480874921426,-552.1053157099038,-12.666181809820072,1656.187914184404,-620.7803892733021,238.1009984099779,1641.643726181706,-582.5947523190003,17.796291227019452,1627.2120250024218,-655.4734987530549,239.10117748767988,1587.772840662052,-641.6613360519857,49.62944055253114,1636.0459650487649,-718.3636424264182
47.15524055257631,1695.7940015817708,321.806283803856,60.008742968112024,1704.2776901992454,340.17921719382065,67.4929351712644,1710.4659943483196,339.7032277351668,74.15140072899868,1716.7452883326032,339.28156287228063,37.761165903412156,1689.147871632884,342.07261632947166,29.68984764005382,1684.1672547763972,342.4433209412428,21.973885782150656,1679.9963494469446,342.7247578317408,76.70650217889268,1731.6703938972917,332.3052472916114,4.004568398861666,1689.5083362375872,339.62531870961794,56.50046660703753,1708.7511032257269,303.0894393258701,32.52157325796252,1690.414028761334,303.8033860068949,124.14489097910645,1778.3577854103398,213.41254811990285,-71.15050042603227,1671.308198410627,232.63639843874765,262.7783881497467,1835.8892218860321,165.82292085369673,-188.39914169171786,1559.9167913745305,194.86167577192305,298.6040823847225,1764.5246737969526,291.91766898954035,-121.17481098300405,1541.5726755245219,318.8929797416049,298.6201818933669,1776.0005214916355,326.86784646763476,-105.28439601572455,1529.8015972399353,349.66273086469397,270.8847232895695,1801.965405723351,348.8126199264261,-94.34217246982337,1534.728831231524,357.1621522747706,263.07256912585,1793.8550622359066,330.03859019580875,-95.51412580811424,1542.5117097604084,342.8300960099165,81.0056146879747,1746.173349906657,-112.98698890368179,-53.929466974096194,1706.4269469293667,-107.891937853421,137.80674215655583,1712.5742446009149,-328.1241707981359,-97.52789988485223,1730.2355214108,-351.28943959611325,202.57099498484365,1664.2623245876086,-521.538008071867,-29.250534536585793,1683.619843127021,-583.5575699788425,227.00432580689372,1655.8906727678998,-548.8045572966121,-2.8475059099910216,1662.3904102555125,-617.689787884275,211.32381870229258,1616.3346394338848,-600.0284468257557,10.39734094381592,1672.7482628937537,-670.8742541486376
41.67102008281981,1695.4566325168437,340.99686882983366,51.82970466144705,1703.768792583976,359.51028143154565,56.744898143321684,1711.0817820297607,359.9792444222832,60.922970900590215,1718.9543280099654,360.65371114471054,35.910695884469824,1686.1240627199688,358.92712160702376,31.696807310273748,1679.4098195831027,358.1647088493178,28.20031803403403,1673.1029002545806,357.4072577950271,61.95232009728188,1740.2225841755758,355.597057929843,18.721754742969715,1677.4326932287101,352.22866354264164,47.982533906929966,1710.185476400554,323.59389553366896,31.332765086238798,1688.0126561041359,321.95226288227445,74.70441098530237,1828.458868770905,249.46776383644226,-29.294501102079398,1641.9626256574898,241.33729535848659,118.8965859970074,2030.1679498256894,210.3813503941402,-106.16072196044614,1525.581571367986,182.79819836020366,162.19952180174857,2103.3108814463912,396.6602818953251,-60.09429083294701,1466.1206956490819,292.8649087417298,165.1407402697542,2183.266362322372,464.2122308934608,-49.50464778841819,1446.7439519353027,321.21511460480747,172.10247486257637,2144.2710907247274,470.2342265351263,-42.82635084145906,1452.5774949377424,331.16293903443994,166.61790656381146,2103.8497842092506,437.9969112639017,-43.3043752185393,1463.2848855988339,319.0381688122559,42.67905496597669,1782.0211572664618,-89.84179107372836,-31.761479108085325,1690.093589606365,-84.76550722592064,77.69322541519264,1784.7416009317058,-327.57044144912294,-50.39716517127187,1706.2553353569679,-315.7303808967426,149.59927181965816,1728.986464853091,-528.7556628033901,-16.86590493710272,1693.7005354296105,-542.7505447420664,169.7029926387235,1724.1314992985735,-556.6396266193196,0.48742792184303274,1684.3952418236074,-577.6544044630035,155.9442924058526,1679.0292343955034,-598.6284209076284,15.833497473572846,1681.2404394200867,-613.7156058912565
39.45807348796707,1695.574494293248,352.3050634173281,44.45292477072155,1706.845102577996,372.12460488105785,44.80955864241246,1717.801541360448,374.5322886391817,44.517304873074565,1729.5419475934405,377.1464648733705,39.176407755687826,1681.6094463128422,367.1961866223837,40.0752054681827,1671.3700265211703,364.4911069862161,41.800586486217405,1661.6171501471065,361.83613999412273,40.17302601884347,1757.83433344151,375.02029571967955,41.52748194415751,1659.7281464019318,353.7213810323508,39.94437343273766,1714.745655135494,337.3261962241755,34.663019364392554,1684.2834940438145,331.7537249614585,6.522063947705755,1898.5461241508283,285.11501855442015,29.484861933881493,1600.955735048449,237.9499577427107,-69.59997629041999,2283.0512257469836,270.342485583373,6.312251489080937,1478.409828793405,164.38095177578322,-104.14127398398229,2675.1671647040566,536.7066900851898,38.758775202532206,1393.0368409749847,252.83453075231853,-117.41361768795198,2891.861367526906,651.6093970250549,49.847965045847666,1363.7165246332668,274.5037232930109,-57.096206140261714,2752.089903892413,638.4027833874088,51.608529496971485,1368.985691541636,286.4475610119024,-51.06857164038324,2648.0965751169288,589.3724442636664,49.992726814828536,1381.5987358428526,278.11110694300464,-13.645321141800869,1834.1675405684002,-75.61494938416074,0.08416988090851918,1666.631362644794,-69.5667859719358,-13.246053285622633,1873.4908339522349,-330.0785686483514,20.763269053893225,1660.216717838866,-273.029928674665,73.64091834834042,1813.5737152314748,-552.2166547765545,14.749984411486448,1687.4288286407077,-503.6641683535493,91.16196737716,1813.3555322596894,-582.5678210039914,20.537459946562976,1690.2934941694703,-540.0603776798432,80.9499388311393,1755.2448877187223,-610.0354872733291,49.10359040224108,1667.7996077484875,-551.2843582370995
39.12798697629429,1696.81536316225,359.52880487077016,40.0322612397268,1711.2778228660522,381.4785721514797,36.91717556317146,1725.4334794644365,385.5560049263539,33.33533226072802,1740.3238014830254,389.6268877829985,43.65412981954973,1678.6544384022302,372.52090487401813,48.02169809882245,1665.4788169197868,368.23144757945533,52.87204071254908,1653.345173499954,364.10294827787203,24.27962287588218,1772.0712708011756,389.60251373522055,57.152926160325286,1647.9399397662928,354.37896163754345,34.68269889181619,1719.6922877060686,346.9104580354423,38.454742157565136,1681.8846995728525,338.04267493460037,-33.204964940049386,1939.785914726512,307.578062994577,60.48339773667797,1578.5593222751572,235.98810140399712,-160.10606861475932,2399.311837093839,299.5765273150467,66.20410894681584,1458.3302440933296,152.03352684640979,-278.83210398851645,3068.6750906403454,584.3901312192036,91.04572006892137,1357.3944645689555,218.06238020518495,-320.8981650952217,3418.093745643469,722.4488215133233,103.58251705560298,1320.273028876035,231.2717712941395,-231.98886425597107,3237.398578966569,708.8156603261294,103.92673493778338,1322.671436744822,244.00820991989124,-212.6877989932818,3075.1045035641305,653.4147723234089,101.38202829219496,1335.9431412360395,239.71059218457367,-46.87904987830066,1862.189638126277,-64.70622266891854,18.891419798929956,1652.6850650733434,-58.194742995393405,-74.34653574650143,1919.9243647940123,-326.16416162355694,63.106637295941404,1627.3308917599998,-239.62376002239014,17.78665678699685,1865.9541048246037,-565.8908662057204,28.72501925563863,1686.345653728599,-480.9768370992054,34.30551566480838,1868.8751577816804,-597.9586503913239,25.99697945935532,1696.5174516706375,-519.235230470539,18.982833083873576,1805.3187032058133,-615.4397355650694,66.48944252110344,1657.8425176009214,-511.1719772903207
38.67296767139821,1698.2948224839936,364.33995293288655,38.817628893423176,1713.695686895657,387.61874136468793,35.41464709926008,1728.336959764727,392.04228707160235,31.975544045241417,1743.3413873477518,396.14442072521973,45.25100139858963,1678.2924345268955,376.9967509987402,49.697731781104466,1664.7436127461813,372.47336272124824,53.72299161932253,1653.1057312813969,368.4635506411826,22.578601234060486,1773.449361727272,395.872941924929,56.56284074726836,1648.16391932054,359.38972580262526,32.384323090517235,1722.631593825105,353.1468949104224,38.66818696747189,1682.0976707382347,343.2203952726131,-13.876383795315911,1920.6245041857883,307.57440608166087,37.945103660125916,1591.9654080449,244.5442841252974,-84.12416336693525,2286.9722567807057,271.24323788868213,26.640294631686317,1489.8814692692913,150.0374729782683,-173.00814906230465,2911.109653724042,467.89664083347833,32.281739846690996,1375.0165291476014,198.35347881597812,-220.44035399993479,3257.7426996443082,575.9126672583814,37.571273699580814,1335.012495718868,205.49068887636855,-151.9604067332547,3139.713852710996,579.273067697332,39.305130145008626,1335.289297879362,217.9327306443117,-132.11333133863505,2980.760776468755,536.4205953369707,38.70619023342539,1349.5151058010103,216.0868889046881,-32.74797927984338,1844.7719320339081,-54.93055202564248,10.733127384567668,1658.1921260581628,-49.296105631013795,-75.31444553754454,1907.0621821132331,-321.45136139572304,55.407764380333084,1629.7173663609856,-232.17042716528115,4.204610472930421,1861.0037697343907,-557.9637564247965,6.141379217043683,1701.0870502914747,-481.5688753767539,19.01751822094321,1864.4280645841027,-589.1078517275874,1.1677855977490506,1711.374682612357,-520.9605709078609,-8.915847394834426,1811.806733557662,-612.7022005633593,43.27284119602555,1668.6391582700644,-512.1408194401865
37.400955216171,1699.1239296701535,366.15815783371863,39.4752884260572,1713.1766658530978,388.6828892115522,38.54239376840765,1725.7933337100264,392.16363298084286,38.15783582885807,1738.2073050904062,395.0752187283632,43.268273676673694,1679.5684739666085,379.00386152458475,45.03261884077062,1668.0682143071076,375.55779043579156,45.36777762361173,1659.1945256601766,373.06074721073634,32.73684881295444,1763.242816020147,392.6426943065561,43.96380193770387,1656.6166047974775,365.72101872697993,31.924367534896778,1723.2596380598693,355.1674217539698,35.056016860734516,1684.2588943968242,346.25592810881795,48.06085340257168,1857.891485918786,288.86889266446144,-19.74670837600678,1628.8844203783563,259.0647712662035,83.20046116930487,2046.9706288814723,204.8174318473155,-78.44290202500609,1558.004065505548,150.64544820359953,130.79430178893125,2338.5690287948196,260.1494937247465,-113.19999807989379,1429.2255904019573,184.04963453907538,120.32568345816443,2525.598037129549,302.290497434885,-124.38527473397723,1389.9261059331739,188.47122555484677,145.19872455713966,2504.3948168840698,318.43181419995744,-121.27440825906507,1389.3865663642812,200.4463432370003,148.9554097061765,2417.297270625483,300.6218096720093,-117.18708325543939,1404.9931490610693,199.16960620540897,9.88928179804877,1801.9256959570314,-50.1496387605538,-17.331941962899286,1677.9514275448325,-45.926195658698994,-39.27824460458723,1866.2331746070754,-321.47098873692335,25.747215381788216,1653.7904688257443,-246.7616174922899,22.972984317831756,1816.3625415617903,-536.74362670718,-29.669200639276085,1715.393950328351,-495.30382292526616,33.125956545782046,1819.7007484215203,-565.82741918603,-31.299828792877257,1719.9272917539577,-533.4436803401123,-2.2092140794210633,1784.1655317797597,-604.3802962274933,1.721224635181299,1688.4997354357022,-541.171910034514
35.43968724871924,1699.4175321891846,363.2761550518222,40.137407438973376,1711.3836919672867,383.6027552782663,42.64371437517889,1721.1518379523986,385.6261168574069,46.05159080385316,1730.300103016976,387.01483864643996,38.96299622742762,1681.6369036040012,376.30198398931253,37.16948220163089,1673.0840553145042,374.41922922004085,33.6306742687159,1667.1336573238534,373.60474018428454,46.09407555267013,1749.8815893232165,382.2823267915662,28.293929492614303,1666.7626340589543,367.3675100927352,32.321150730412654,1722.332557029248,351.1597729710061,30.144243824613273,1686.8501946608305,344.1356088695106,104.57638221408656,1800.489900795255,263.61229851322616,-71.17522425605624,1662.2475153271944,264.23451982316044,207.0849157951695,1857.2447045142676,141.3453971987675,-168.20238379085268,1620.6967914310894,140.83591401083618,365.343227702257,1861.9044232142576,95.80504447080614,-244.79227938152863,1484.5640348977452,152.81602287743348,402.0322590534118,1879.8262914876054,84.51294619044685,-269.20477374694644,1445.639417036153,154.2245950595517,400.7809349628484,1901.5420320787362,98.95480257652532,-265.76869236091284,1441.316315359408,165.79989273726548,386.5482926671875,1891.5853814498976,101.72195637737877,-257.85698855427444,1457.1076877397443,164.8877220407267,44.29946638513894,1768.409114736754,-55.84257873980996,-45.72534483311143,1697.3289310300795,-52.388690590304506,-0.5301704659330051,1827.843370768815,-324.55236840008934,5.9060522128666095,1671.894691626596,-266.84766884332873,49.3755761096981,1767.845268888795,-522.2561233801337,-43.74536858261651,1707.5669806581245,-507.83009508370924,53.74624958556136,1772.2706911934815,-551.2935141783942,-40.108083309334674,1704.772073855164,-542.3275026663488,27.19638273818257,1739.365429912403,-594.8616709746624,-18.14215721143083,1691.3207016476224,-569.7817308657549
33.73076939123333,1699.0750356385272,352.41182254909296,40.22424579957651,1709.7038915247474,371.2293579721256,45.50753365812848,1717.2829923108002,372.0248236769191,51.595436403114746,1724.2186448817147,372.3035472723634,33.80275603292929,1684.1920382382048,366.6367728811523,29.131386133326625,1678.1057514028134,366.0152155398453,23.24864970590675,1673.849873853951,366.13295292683677,55.247073378500176,1740.626236143161,366.3364527529081,14.623624734264538,1675.6098420196583,359.83837603077086,33.71652358390793,1720.0173947698704,338.00422159017666,26.294164742563495,1688.6241096042197,332.925659627941,123.63051774435915,1780.5270840623123,238.12209417157257,-92.67365426389925,1676.9359018520383,248.54614760682,228.2894218201549,1797.2182733777795,99.75340125316998,-194.38053779795305,1651.3890462840802,112.65128982076381,392.76836443022205,1762.1513204981316,25.694888833488967,-287.2410365521571,1522.6502733823909,92.37771085116741,446.34294545656365,1732.4318634335705,-0.6912236733737647,-311.6298551301366,1481.9628940187217,86.63620623925479,445.1972323689225,1740.4534127284346,7.078721337727366,-308.8677592694803,1469.0621132415201,97.24834267025236,425.6613852796943,1756.305690853122,15.592934109991099,-300.68771806511563,1483.4777172532056,98.22137378360583,54.718844119113584,1757.2161890560333,-74.95958617033041,-60.54747377881511,1704.5866155697354,-71.00078874172021,28.40045196281596,1795.2517459169621,-331.0945631277585,-0.623702015371156,1669.4619262570895,-284.7169946159351,66.96633274563517,1733.7830383760759,-528.3585373241477,-30.25527865219227,1675.1076074968885,-516.958765122429,68.93724927405685,1738.8388531410767,-559.1323650283998,-23.686409734160954,1667.8980328201137,-547.8349182240643,61.95130425789032,1690.141573117975,-594.1273709713079,-5.19339922179093,1665.5001994553036,-585.361431109295
34.50378904753088,1696.9439197182762,330.8916268401162,41.54969540594616,1707.4447607746488,350.1191357518886,48.211627464413006,1714.0054458148968,350.2078830365647,55.38728104378065,1720.1465889711299,349.9376385106172,30.067021513993193,1686.2143838838651,348.13716852224,23.699860071154973,1681.5623927275192,348.2393338400619,16.66826043976777,1678.0651319458987,348.66736262932113,59.014798476739635,1736.3786491494823,343.7652988551391,4.537629450023826,1682.5593078152283,342.1618373965257,37.19922996427231,1715.9398448382487,313.8479272931402,24.64080202317055,1689.030719571799,310.9410081337444,115.13972533080302,1787.287798272029,209.61145376034693,-92.74848281943265,1678.5464729382684,216.35274236920898,193.65962034283964,1809.8185141023393,67.83775765687157,-177.49764820602584,1662.6411966909147,70.30957681563567,311.0573351881046,1859.3762019612266,-2.6367682281008173,-260.3247029039063,1557.0982091800495,15.100270304009687,354.46431527616977,1866.5035090384831,-22.601757254529776,-276.63585936104704,1515.5574887899397,-1.0934345810039314,361.6934983222591,1856.9572928006626,-17.086045063336545,-275.95839179528264,1495.3776228722097,7.579456912360612,345.789864035069,1860.062173941467,-12.084123950791348,-269.3866269380052,1508.595489595425,11.782997930815199,51.92701837728764,1757.268260848381,-104.58253634049984,-62.96477437235477,1700.1537831499654,-99.23370628458119,47.61746642004394,1764.5720708740184,-344.6246682618074,-4.353114550786749,1651.545332302673,-303.50437881046855,74.8447122195485,1710.183115610947,-551.0139240673851,-10.712104007297638,1634.7367284006755,-530.1000590791793,78.8648943256289,1713.2769762848127,-582.141439154442,-4.612075830781391,1626.7709960118336,-559.7077008075811,86.73504108889698,1648.2310669183564,-609.5704455444344,18.098745013918517,1624.4457590047025,-597.0368243470923
39.283678587188646,1692.5741281963024,302.0421345552495,46.182928378408015,1703.4719254258148,322.42298624490587,53.12353976661811,1709.8642081705264,322.1522646082126,60.406743493882985,1716.0141614636607,321.5708760303304,30.32654507826581,1686.1238854565058,322.77401468732614,23.126960754202543,1681.9788597366482,323.26169942113023,15.020105359818912,1679.2284043504787,324.01143106954044,61.08134691001501,1733.6410873631773,315.74477547857754,-0.8738073257081277,1686.5996698708952,318.3697391777452,43.10922466303035,1710.5752784787676,283.15972485190144,25.4244133242719,1688.1312176405706,282.9222819171809,106.02197400019708,1793.2738865690503,178.25932758503038,-89.55614680993918,1678.4071161698837,183.1357437984817,165.6179031413137,1815.718207085506,32.93259752878833,-159.32648948078455,1678.6439817959072,28.371232321928687,255.57435091320377,1888.7409557971414,-43.26832448144682,-226.08254253382512,1602.3916735795449,-54.51153024073565,289.6727851271236,1914.1099964171117,-61.23334384137402,-238.23191618346561,1564.6015801842004,-79.90470383220867,300.96923686551906,1905.5152059644604,-55.06875861600851,-241.04295938223507,1545.5450395261087,-73.90117148053737,285.9486383202066,1899.510472844021,-51.968097112998905,-234.373189230028,1558.6576754439923,-66.78335157568279,50.36009429318295,1756.5582797154414,-135.21017456506982,-61.917879082654224,1694.2180732734278,-129.02887218311471,56.5295312251837,1742.9438398922855,-362.55222058640356,-9.749644330858658,1635.5307820301314,-323.89999086577245,77.88086794211587,1694.7703947777902,-576.5116092372587,-2.1927485692671764,1608.187780978494,-550.0274027278872,85.07229888260406,1694.6859192826162,-605.8099365351088,3.084559804249471,1600.341434771722,-580.664093435332,95.4878523889272,1626.9540292023235,-635.9563057176484,29.253247545388668,1594.6435952227766,-615.3649173849913
46.460467315966824,1687.626127589358,275.52452327689537,53.29389988440243,1698.5213398870092,295.8604240273735,60.21136579912798,1704.9921899792423,295.24196296007193,67.29583858336413,1711.3668417237427,294.29868011945126,34.85054782157131,1683.5682209242493,297.94603722030877,27.202075450284312,1679.3720355615906,298.71666744875915,17.935001681694025,1677.4909242841577,300.0077066771295,64.1520962311833,1730.2848539613226,289.0648885332346,-1.4653284656381833,1687.0388666105603,296.1609174478355,49.800337370583875,1705.5594673664473,256.21030368872283,28.12008375620188,1686.2875391299256,258.4422639932121,105.92548764544091,1789.1153818781681,153.02961559597128,-88.59567375393189,1679.390629500336,161.0805023617522,152.85101192574805,1802.7940255969622,3.0253270651311324,-149.58412379588532,1699.7431876211674,1.3287618789533586,240.3948144295989,1827.9325650402652,-90.74430484869221,-207.3399248586834,1644.5967664872148,-100.670848590695,273.5613295138802,1834.7264617163223,-115.8546420492078,-222.47685271604865,1614.0331736352298,-130.59816153818525,284.8246673119734,1828.236896299242,-110.5844073995808,-228.39288699196743,1602.7360488027732,-127.39745359666816,266.72722675612766,1826.701032646852,-104.77821959677803,-219.03100109101595,1615.479207577847,-118.94043782751947,52.53241293388385,1754.3715933693325,-156.69159640895444,-62.55132571693993,1695.0676566274485,-151.3508841750501,57.01000984931118,1738.0430764632551,-376.7239117398209,-15.828760956013385,1636.6046093551129,-340.67425351094624,78.74040010608283,1694.0967810289133,-595.3323589112596,-2.9105196167917677,1609.0205752932393,-571.0977688124626,87.89241611395936,1692.9029802671066,-622.8462129591838,4.031490344524227,1600.5481370076227,-603.517202770786,93.29688896279386,1629.6999420724983,-658.3935286926893,27.434616552114953,1595.0346152962074,-638.3222605277795
52.94423705358319,1683.8067897867309,259.97783029184546,59.99224763032248,1694.235429395355,278.942294020086,67.0105342874322,1700.6686895377568,277.912479987615,73.75756142075042,1707.3410400816706,276.6326680060107,41.216181483766015,1679.7244274538573,281.82310332145187,33.25052104627563,1675.3453237931267,282.85767683232615,23.45725705194473,1673.8795721015388,284.6181093618423,67.45574940549561,1727.2486992683907,272.00069946689194,0.8848302936711179,1685.044082257956,282.2792961953265,55.088472495525544,1702.022425046885,241.37048742229192,31.82546455579629,1683.7424685314215,244.7940992723522,107.75036912458117,1782.8317915438763,141.82380746074134,-86.32336529778883,1678.859691572921,152.47921714159267,137.5669017417552,1796.3012191319988,-8.330870687505914,-136.8726257261507,1709.9175055191024,-6.328674767418659,219.74364484730415,1790.198213575046,-116.1678992173734,-190.01212313182398,1659.8675293331355,-120.66315026097821,248.21296319952245,1786.9765794115617,-149.13453294306083,-208.79817200102218,1635.990828650698,-150.71424227909017,256.588335263467,1774.131629827903,-146.49282152544552,-215.0667188049898,1631.032645610627,-149.68839236920272,238.29046113810077,1774.6464582026626,-137.0134718687932,-202.945906003044,1642.0107162418967,-141.39755941858587,54.05709119496059,1754.0840211023867,-164.96768675399457,-64.22340951128193,1701.7083114366817,-161.5392195153339,55.02572287433356,1744.4327274058078,-382.50389266377766,-22.747884544462696,1654.4517179721918,-350.105089859922,78.17495801006503,1706.8956817570906,-602.3193877968117,-5.61688326319986,1634.2735491731798,-586.7449630676468,88.5414593911231,1707.7626195359333,-629.0570013181801,3.941988246050378,1626.3513562171308,-620.798791531825,89.0483838408097,1643.3256352485266,-662.7132672600271,22.898384811470955,1622.336412808816,-656.6547743755069
57.69255407967197,1680.5353451835854,257.45548241411706,64.93080122055866,1690.6322980965072,275.2452041292005,71.99073100125172,1696.9370812381721,273.9990961113412,78.28215435854142,1703.9357875045228,272.6526194412062,47.086078855450864,1675.6797448980997,277.966976983561,38.85602835224653,1671.367138883323,279.22383904387294,29.349192625728524,1669.7180389597206,281.17726153644907,69.85782950184623,1725.272247662095,268.45618112548664,3.919181838309557,1682.5511964064005,279.51331985086296,58.60903295606089,1699.292972757897,239.84566263607897,36.000312610201114,1680.5347261277768,243.22032982434985,106.62759690807457,1780.4298656492988,143.61617834497616,-82.03269132269608,1676.7273004751733,154.19360633602383,119.32969118498096,1803.0200516967354,-2.1802093631527972,-121.62294204139147,1705.0789330687667,-0.09493850605254694,187.39205953295337,1811.9758988856981,-112.71862566068611,-169.3904445932647,1647.832592307191,-117.44077416907292,204.03066470637592,1822.0855418681786,-150.42423118571912,-187.76482326298293,1627.9076958647483,-145.6572162287059,206.87838010804495,1806.8318496460145,-149.67105132508908,-191.90164596627312,1624.117385995821,-145.46959061243822,192.66924502351208,1801.989555894258,-138.12436747241776,-179.39890853332966,1632.8943383154658,-138.00963640476246,53.189919378201324,1755.6715905441488,-161.39700519739316,-65.26603746084797,1707.9092058787612,-159.44532132158378,53.38521130993288,1751.461604306622,-380.34661377746136,-31.759558851688737,1676.8481295406552,-352.9185907286138,74.40945421325964,1722.1871907081945,-593.5271289559699,-10.260001171912267,1666.8293307361585,-593.2675695897533,85.19766947922521,1726.267545906794,-619.0892411030189,-1.1242251293420849,1662.8680761120977,-628.7457101364148,83.93032664567252,1656.1071803279522,-646.1964287423331,19.47984346866675,1655.6678040126712,-663.0785449592327
61.27160122154692,1676.841814095803,265.81263772492525,68.73364118550586,1686.776831076349,283.4568974341037,75.5966613201647,1692.9802320380757,282.3683879075458,81.60754277885353,1700.1014430008604,281.25451961227606,51.476561372411425,1672.101221251505,285.55766393939336,43.01650395019063,1668.2138644173986,286.9040963881382,33.911094184794706,1666.3432504310558,288.83905238887826,72.11956835031778,1723.2963626215812,277.3849823217561,6.78542885955255,1680.5308173349347,287.55926643797903,61.48794758465543,1696.224609480985,248.61505671112138,40.04487954468348,1677.2960635073134,251.74229325774735,105.11655868977692,1780.1492927407069,153.32196613689553,-78.39737447078821,1675.433033444857,163.67131278710468,109.88450053814708,1810.7599333461005,10.620919402364628,-113.90411885979091,1696.4120109620235,13.281930198642725,168.50086478493483,1845.307164688641,-92.7803045338741,-158.1144030820783,1628.1232004277483,-95.44285157962138,176.7654908492724,1868.2564313338735,-134.04722070844122,-175.0462987287142,1608.3867769667677,-121.92415085563032,175.29189203434333,1863.4844102129155,-132.89828947051686,-177.90763046870882,1603.4593838360065,-121.01546273914683,164.1866363588999,1855.7320565138702,-120.37272288806504,-166.87983874428534,1611.145026415143,-114.2944612580423,51.77497177454569,1757.3426963679085,-148.49718916069128,-65.61919761583053,1710.1794947766925,-146.9765927521033,50.320457855256905,1756.7154669520728,-370.7867647824742,-43.14674358494506,1695.3752671154693,-350.1266505311368,64.60744167924534,1734.2239422180712,-571.9552670247275,-19.621603724056893,1689.4681085820926,-587.8027596322758,74.12646916602107,1739.5071674304295,-595.1309692352371,-14.636308630031719,1691.2769665644853,-623.8857194346591,72.55465105741659,1672.018461678024,-621.5424624088573,12.907928426530606,1677.3683032788722,-655.1674366924148
62.60694803763339,1674.6109576409822,282.7071775674386,70.99381743357948,1683.7611843811496,300.4536875655585,77.70239185587515,1689.8082895309794,299.6937094839511,83.91051973274907,1696.652263581027,298.8942126346981,53.114273469471456,1670.5101054247875,302.1254926101928,44.56101602154492,1667.0691844829032,303.2954688251429,35.55057734074474,1665.2613213593158,305.02531501186024,74.9021834574494,1720.7717374691006,295.297393055558,9.271239633313334,1679.201999419176,304.144871955676,63.70988854763735,1693.563303636285,265.1091014636466,42.173051734905485,1675.8820081522601,268.25075377979994,105.68678482461345,1779.4437502818118,168.40872710117029,-76.47428486584383,1675.8668386930988,180.0895904764134,111.30720535049359,1812.494449781531,25.264230487099184,-114.30558234288746,1692.0815846509386,32.0659717336606,172.71005992348154,1856.9013842750621,-65.55767431624868,-162.97370667421166,1611.3360435595598,-60.373126030206336,183.42147630458967,1878.7986666973584,-109.82548000671603,-182.04524808667884,1586.8756637646966,-85.33397129661547,183.08117494523384,1889.2897725486293,-106.45589611291504,-186.6941769200309,1581.2741168801253,-82.6100297240423,171.41065782991024,1885.2067180480433,-92.96916854990565,-176.89388499977755,1589.41088974209,-76.36993627921262,51.296454893662215,1758.7000679149203,-129.54162424579434,-65.95111771817672,1709.6434912966322,-127.86339962208665,47.78501887285721,1762.2583060461234,-353.9197882339294,-56.274517968710484,1708.9568582693792,-339.8262933109859,52.76469272104241,1744.3681869184816,-548.796523794718,-31.53670361962637,1696.5627569223802,-569.1023831987749,60.03294116679722,1747.6149427440948,-569.588234397383,-30.04828644406488,1701.1256090375557,-603.5023734386109,57.248709095108794,1695.1687280035615,-604.6709842820022,-0.3984777113298641,1686.1296731952411,-635.5972341625248
59.34480878525571,1676.996627251802,304.7809959537311,69.63335107100328,1684.415584537445,321.94448807737524,76.57320968886934,1690.13835428735,321.37263953266665,83.30877718478509,1696.4593161269845,320.795187489214,50.356939827384444,1672.633089951583,323.5337521410512,42.073893108305015,1669.1600415563041,324.2241599389258,33.315310995082804,1667.2664023714692,325.48871555916736,76.93019380615156,1719.091907807563,317.1852363289968,10.633890283474095,1678.8361155014838,324.5306368249115,63.421643602992006,1693.657011643537,286.58433532089003,40.43505004675467,1677.9122802928614,289.47148575740226,106.93010760403637,1778.956832629596,187.76937228895892,-75.28637140634791,1676.8530411216727,201.8718978476273,115.67291973625417,1812.6764658608506,44.55204205692391,-115.2652166671568,1687.991653824653,56.799050929019664,190.9536941863389,1857.908846425351,-30.217368635257877,-177.9466721697244,1590.4408465706204,-17.651153669561243,211.2652363199409,1875.0593315201886,-73.86192205656779,-201.7598854641501,1558.2195583364016,-39.74293103848639,216.19856404886656,1892.824021330115,-67.6376839247372,-209.24780376786987,1551.9908473432022,-34.966111310561466,203.0623778819844,1891.4255584128393,-53.458548433794896,-199.81265232387574,1561.700614551968,-29.4464303484057,51.44275117757091,1760.0314432752182,-109.75576159430528,-66.42712149850371,1708.2106851095887,-107.84584580133013,54.07691256803429,1764.4812168935107,-332.5841835705903,-70.10763036135229,1714.5050088768448,-320.0693932733138,49.90519223494033,1753.0610002993117,-532.8617822742112,-42.07481541836236,1693.8690819389335,-541.8342221757795,55.177118444818824,1753.9673704820275,-553.2138486321988,-39.11238354057117,1695.252262303111,-571.7408904482737,50.58806378294864,1715.9342903443705,-597.999986207706,-18.948582661650104,1690.553408145708,-611.7295928034863
51.89922065498644,1683.6300526798395,325.98668172385806,64.17722894935774,1689.335356667172,342.15480464247963,71.58686577594997,1694.733994577403,341.59247098682965,78.72053341162722,1700.6818457985933,341.15012301084056,43.90981163011379,1677.802966622026,343.616763519483,36.355675275633295,1673.724610071798,343.71708603846616,28.491074467315556,1671.1358008567,344.3656433028278,76.66891770477739,1719.6377042092827,337.01406539366735,10.373486792430755,1679.4235287403153,342.5511883678224,59.65414090162285,1697.3419891145754,307.5722234219139,35.461717798139276,1682.4372522220021,309.65216335871315,106.72654343323461,1780.230784782595,207.89889723374776,-74.30745715302358,1677.371316514571,224.61958809244024,117.35843906370043,1819.3472142534997,68.29893272265207,-115.56599227616702,1675.894769132171,84.66715357334849,215.30375757123278,1864.695813577051,15.788822759417892,-196.43284554431733,1559.624141824249,29.625952989162517,245.80201013569916,1883.0217156745184,-20.101012627104712,-222.72316943701583,1521.5314046102574,12.749806769815592,255.05472718372252,1896.6607340660294,-10.755087436466479,-230.48059719043505,1514.3100768399136,19.195816766910532,241.68438559145014,1891.0504740810932,2.4271209660856377,-221.5913717019052,1526.1446246425455,23.26701982665691,51.8889634532728,1760.6889953127531,-93.91563685249626,-66.6430791486229,1706.2023091592653,-92.00189290590376,73.95038863248655,1757.9455913893912,-311.7794901861896,-83.2709778801187,1708.4362807401287,-295.6551475263319,61.30433703011299,1760.3593199768218,-523.8049793994866,-52.55219276643788,1691.978766288694,-517.1588891809298,64.23129190641153,1763.1956352927418,-546.6325941568712,-44.41710233261142,1687.1021899255716,-541.9169622398707,59.31148427151574,1725.5717811932554,-592.2248574202205,-39.176883322612056,1697.5216475457871,-592.6532338178426
44.231613068693505,1690.2572514143892,340.8550546644884,57.469454737368075,1695.3235435653664,356.46013995980644,65.1394413761021,1700.6863883719016,355.8709855582768,72.31587600796358,1706.639231233435,355.50082093733107,37.366530346353656,1682.856749625654,357.5169832758436,30.777243550727725,1678.0096005108494,357.20356441518254,24.170180011663543,1674.3629735852983,357.3861338497796,74.58437665810014,1721.760204810531,350.31835888744706,9.399086901508229,1680.2331990725258,354.3188067632856,54.25002799234756,1702.4452587859912,322.2809078223099,30.461450335293296,1686.5253407685336,323.54106273165974,105.20403759487581,1783.2227296667315,223.68237626613922,-74.05847137884456,1677.4865514899866,242.2354377150961,118.88101087095967,1835.6706117611234,89.61726422744356,-122.02083478429662,1655.210091679721,109.5201305081465,242.17012815807533,1873.0989800105915,69.1680663654306,-216.06211950790126,1527.2336193623066,80.22840828108949,280.7111765909751,1894.2521845088863,47.92227833689848,-240.41533235536343,1487.0181924023202,69.92318819961191,290.62411845873316,1898.4184010950926,60.38826581948285,-245.0949446825012,1479.4970623614745,77.68086989491145,276.69368473309527,1886.3576142240427,69.84372529906761,-237.39720713828632,1493.4706977859491,79.85462028203052,53.56630873658901,1759.8022251567386,-83.23808325192117,-66.2177334649837,1703.7647408747296,-81.75052707432495,100.52381425579892,1745.5836379272314,-295.3361999261346,-94.66082384551484,1697.8912848424422,-278.5032679377039,80.91240316606073,1766.334791516717,-516.6885725470318,-66.66056920725627,1697.8081055482694,-505.54358616046926,80.51382815327966,1775.4788091444198,-543.6852207745848,-54.837983756834035,1689.5976457338531,-527.9202790286914,76.6072529788341,1728.0074081416844,-581.6247556924452,-58.36268949745882,1707.2004378084669,-583.972430226793
39.44541446775609,1693.7904088357527,348.827215548677,52.7052321398985,1698.9695286107565,364.3718948744043,60.27904739946282,1704.5615240980796,363.77461546764795,67.3146438014024,1710.740165560789,363.37368852983826,33.585822878476144,1685.470239283487,364.9401183229167,27.87059048386396,1680.0948390323485,364.4603099916469,22.30040293877808,1675.6517489061257,364.4620794782907,72.46282531965868,1723.6563556458473,356.58730880013945,9.14862301730611,1680.5845047237679,360.10472845274893,49.77490185312536,1706.272989931689,329.5532791071654,27.69058310333815,1688.630635570427,330.4986342049967,103.94489889690881,1786.5180712623016,232.4360510106923,-75.0019107315515,1677.6616819756518,251.00923699485293,127.39562155293882,1856.0585833892112,102.71203502294152,-137.81387824204322,1634.8510721021587,126.76352721560689,265.73097268066846,1870.6813387036734,122.97165826999684,-232.59673231912066,1505.7207806872073,132.21414595120794,309.1713094309215,1887.2092627085983,118.84070441290199,-253.60171409940412,1465.0730458306255,129.216649759564,317.4977278572378,1883.425825540105,132.78840116138318,-254.6073714748025,1458.6821529087192,138.37122973536552,301.49415193198064,1870.9306680337713,136.52497768359248,-247.8955205928778,1474.3543938572498,138.68907020208118,57.24576427553254,1758.0753068868644,-76.84195071017409,-65.24913267364862,1702.0920606197947,-75.85700402549807,121.40930939344146,1735.8939927862946,-285.2368361767145,-104.47826068169067,1695.8346836226258,-276.3392960586779,101.67043150993868,1764.5920474411355,-507.7753794936479,-82.146782057163,1706.861371855825,-507.53646484723737,99.04016445593696,1778.7462945419225,-537.6113430368102,-70.37394158987009,1700.4380999887628,-531.2849559152972,95.1412464244285,1725.3708743779127,-569.3433964177749,-73.77434903391088,1712.7590038792869,-583.9714320146028
36.7618668421538,1695.4824633440087,352.1480426719293,50.08246494720879,1700.5244427032007,367.7369249275551,57.477662850321074,1706.319561048775,367.1866195648893,64.41447982521262,1712.5882992170623,366.7136756577654,31.836535414622624,1686.5392413124216,367.8241196527856,26.699748974771907,1680.9247071224152,367.2674287470262,21.710256022484533,1676.225208301119,367.23645334998815,70.96947706910146,1724.7465493241634,358.03582938843,9.268182293717459,1681.0954750632277,361.7272302092217,46.66889434497149,1708.5813287896474,332.00029733611484,26.30600516577161,1690.0758414332693,333.0118428331355,103.85023994423244,1788.7797338661892,235.38225554514486,-76.92619715005465,1678.2199617029219,252.44942934654622,147.2084025084783,1871.6957275867212,109.37235871648285,-156.55594150356978,1622.519953622786,136.08130197121596,279.7265420962138,1853.1449199170024,172.22939861974052,-239.72799898121178,1498.6901523686936,181.07640419396705,322.6108173647364,1855.5283328061257,182.74977354824574,-259.5140581554493,1460.206356519736,187.89040580098737,328.7468820155849,1847.9676023297159,195.39493324193253,-259.07563887258453,1456.484151076233,198.80577937228614,311.129840336572,1842.377740966293,193.42346551595116,-252.61231694578228,1472.9220357942302,196.91821264604178,61.64758606905227,1757.4068742871252,-75.36727145411531,-64.26222849101445,1701.962484427626,-74.12910164434992,131.2121866018029,1730.347053409313,-282.4262262174824,-113.36369007644625,1703.0269971315863,-284.56550475255807,122.61277684657128,1745.3535839443803,-496.4786315932652,-91.85843618421235,1706.4922776075382,-513.7746847785633,121.69241954674321,1758.1817956343268,-525.8700671077814,-80.67696977402183,1702.7515353511817,-540.1971228701077,116.61674603163472,1708.0446695566084,-559.9152411943624,-82.17952182697861,1705.2861771640119,-585.8347285028897
34.03731076998707,1698.2141962925255,349.9253388021559,47.68404861200151,1703.0205410810074,366.1907752486011,55.06427123926905,1708.9227342100753,365.8800034464724,61.949858765898334,1714.9657220715133,365.47651946488133,29.6422227293667,1688.723331425445,365.66815668821124,24.57723537401985,1683.0455297435597,365.0669271279366,19.61799245602491,1678.4473275591984,365.0511093902015,68.98190431715,1726.426134539023,355.8411668136261,7.170896916603339,1683.5450555258237,359.18388723389296,43.7964197306719,1711.1812465871767,329.8058114251946,24.245047518039637,1692.8414480652048,330.8047772242869,104.37531787335958,1790.0892373630327,234.70834042330134,-79.3351655355449,1679.3405026132696,250.25594458212052,174.6778302016497,1880.2982393819289,115.91695333021124,-169.98984514877418,1614.7000839893633,139.67496578447165,282.46927468156736,1823.904256249371,213.37363621744893,-235.51053738221452,1504.947669501291,221.5904240049125,317.5565915814451,1809.798888644492,233.67611758532811,-254.25125808634317,1475.220662091227,241.2886580679982,319.43337153774405,1803.228504106335,244.36236043289495,-253.79246038599774,1475.950471594335,253.9233186055272,302.8909828586877,1805.7392797977889,238.06393821634404,-247.73788552806593,1491.5359814183205,248.6851415567037,64.43798041595124,1758.3339652715877,-80.94325737963752,-63.72119862674628,1702.247956670308,-78.64560842769235,135.39255501006556,1720.630747664892,-285.5565960273541,-119.61815414679745,1706.9926148379059,-294.7182366423678,143.07192691069284,1709.8828879579871,-486.5858439042264,-92.44793270426389,1690.6760798426615,-516.3242937618244,147.03421241978853,1716.6873108743027,-513.7308588270461,-79.02459080435604,1685.663926010004,-544.1631093232226,141.62986532082382,1672.0062736074142,-554.5397862884727,-82.41171400289313,1683.7892573611464,-585.6441121703517
31.523540371207787,1702.1881887970267,337.59073920393587,44.86982112206634,1707.8044748912214,356.14929134725156,52.27722256581852,1713.9718153725871,356.2680657267312,59.05212308245481,1719.6698429607766,356.0766185429671,26.582863090167812,1693.0281617045493,355.1484974922056,20.868788694796276,1687.4205072395218,354.6929871508961,15.14724463431033,1683.0189676319212,354.8334630793685,65.64996259533783,1730.0280057642326,347.52672753587746,1.2302668040578677,1688.7046178668038,350.20072101554047,40.934286954823975,1715.071347473176,318.6599031258659,21.108726898449145,1696.9038556319663,319.2387641902459,104.4195606684653,1792.0804458008242,229.51998153685352,-82.03657471030121,1681.0757929801491,244.05155144049127,200.71371705703555,1885.110209554126,126.32993030145556,-177.3003476907679,1602.3835578161322,140.2436432418205,275.06345912687925,1789.2526049322698,241.93453148264717,-221.57097034836096,1527.3752876214753,251.69968141570325,297.1268686796975,1765.3306116272393,267.10551650246924,-233.55546122191623,1511.5993413955243,283.254358516751,290.565642946788,1764.1772119880666,278.18996962342186,-231.0321836035135,1518.0084584512363,296.4337443269682,277.3724663094639,1770.101377984182,268.8596373451809,-226.64499125538603,1530.7140816753001,286.86561200613266,65.04758790045435,1759.3885818386962,-94.46097430238207,-63.58911188049762,1701.5659940183261,-91.50385849567125,142.22631040217541,1701.296890466102,-291.544511049104,-119.51073933699546,1700.6031466225404,-305.9641572474301,158.26752019943348,1674.5215672475406,-486.50171129883955,-86.17024476722759,1667.5452257651248,-518.7849487276876,165.58631474790803,1676.9254130038098,-512.8666730904368,-69.16946001816237,1658.0475175780177,-546.6713354027708,160.1284280646284,1635.0401200588117,-555.9186844248395,-76.50307761679825,1659.181191827433,-588.8054147242398
31.42258586583717,1704.6635153655316,312.5792104222411,43.27321108640986,1712.2740778863033,334.3093762067202,50.47225081227674,1718.9846334617987,334.74835455514994,57.07137979756695,1724.6094285804763,334.6555537655289,24.8593109636256,1697.3053364558402,333.60512517124033,17.971510041190072,1691.8823362285646,333.5739542246177,10.755961240998158,1687.6833710624196,334.0757225808918,62.19273353588803,1734.470896370902,328.27406152556784,-6.09943692644916,1694.4946431132266,331.87281063851856,39.31016168724487,1718.7892047287153,294.97217729798126,18.645530057974867,1700.132299766366,294.86957438581607,103.73987386736624,1795.774957085173,215.3859977106753,-85.08486730920211,1683.2386761609905,228.61122727741653,218.85943886694417,1884.9954422409278,139.47679298396255,-183.21056942747833,1585.046996878004,140.82311406517923,257.4551778203423,1758.0993433382464,256.53786878105814,-196.97272474927564,1566.7032702261583,272.1634092805425,266.11450510021467,1732.6048918964623,282.861051341906,-195.4384943964109,1562.954139001593,309.8692847589403,249.24830772956963,1737.5408141291518,295.81185849437946,-188.1563612694343,1574.260382750898,321.51906612806096,240.0284579664224,1742.2583829571747,284.17947985396285,-186.39413703539978,1582.7576437883154,307.78177653132576,65.02037200599038,1759.9259683820478,-115.58422714148003,-63.49971150312016,1701.1583315944017,-113.2974218335334,151.80912470870612,1681.1012935502956,-302.45269626640123,-112.38834280531324,1691.9250800284076,-323.4669010140934,164.2383097815742,1657.2404866125578,-506.46979877161675,-74.6124029512356,1649.0482514958142,-533.614047648169,170.68268216694025,1660.069918241467,-535.0171762324775,-56.076967490222486,1635.537638209242,-561.0479334521317,164.809380505723,1620.099435508805,-575.0049202183126,-64.07836421520702,1642.7622753992302,-608.1814282864267
34.44484846270802,1703.7664893863107,278.3764868628038,44.282206320519734,1713.3447151644848,301.76487408127736,51.02623008964132,1720.6671547964045,302.2048931045718,57.46931367202825,1726.6545683548413,302.0091970480321,26.07470305888832,1698.6919130458655,302.0737838198352,18.153620969362542,1693.516087276511,302.5542166899451,9.412629618592455,1689.5142882245732,303.473503323348,60.521314361457144,1737.2779930344045,296.57399320220827,-10.330394165221398,1697.5909389917924,303.20128628917445,39.90728414128049,1720.2027930854467,261.24939973085964,18.830834022886165,1700.5921374173968,260.82344672406975,103.45649812319587,1799.2676682997599,189.46989568757036,-88.10196185113398,1685.2258255963095,201.05523852458165,229.65903885325926,1874.1391856109012,151.30919176509673,-189.41321420342126,1571.8342831819211,143.72280928018395,230.03122747803525,1738.9268235419793,262.26117893099166,-160.68153859039708,1610.5945789021398,282.212065705803,227.90846917769684,1714.4157093791505,288.09287088406353,-145.66211340216256,1613.73457639025,320.59878008621007,204.90455244615274,1721.211899790931,300.6569577071239,-134.88189865547125,1627.0881601513256,329.02000829826085,199.56905723419277,1724.1774114445484,287.23075477598525,-135.41050943735846,1631.7454826803569,312.3854447036307,65.42065692913455,1761.8784891283076,-144.40663436179145,-63.41860176645306,1704.1294395686432,-143.41475969261404,154.15234654194643,1676.5035135669518,-328.66815091685623,-103.16219256471027,1693.0077817973847,-351.27793696824364,163.1377276220016,1662.636182379412,-552.4624052687967,-56.08938771652803,1638.0208614418466,-570.2209143267314,169.83321590925834,1666.2201615795427,-585.5428786130402,-36.76291162887898,1620.601328076425,-597.136977644601,171.39213407767903,1622.8366295764122,-626.3038963946799,-35.24979981338628,1630.1922808969812,-654.290832502946
38.62201536555969,1701.2936994769761,242.97525154687378,46.93177687634066,1712.190155967946,265.5176744182001,53.26469075653757,1720.0351830786526,265.83851236205135,59.58990569570437,1726.520646277547,265.61158974114454,28.991068887131597,1697.2934380539716,266.46372841119444,20.623207278647797,1692.3998601494695,267.23191157139337,11.01927497675736,1688.4857077602328,268.3751159736733,60.64411703634189,1738.0498033010113,259.3824181935009,-10.100898423841334,1697.1686312175584,268.2867351606174,42.32579741771607,1719.648394551653,225.6803431711007,21.78470870944685,1698.8562649851024,225.62197825734756,104.9738983900244,1799.2419590807347,156.64072322312703,-89.90692385880271,1686.0793608139534,167.1126444124255,236.62506474909142,1852.9260038585467,158.93408840693883,-192.51934436579714,1568.7820123114557,148.3087844666485,197.8957956308001,1733.3422211729942,265.5271892154515,-119.22671654988008,1640.4821316297941,279.87113552941037,186.74722967427934,1708.7682338222187,291.39816415756667,-97.28736259099699,1648.677794990113,316.8898442637648,164.949297974949,1713.0605372774162,300.21220089803256,-87.00681261491484,1660.5470622350208,321.5622524369131,163.08539936939664,1716.2945003131078,285.3006306387733,-88.79033927312531,1663.037624903603,303.8550548792459,65.54359652077521,1767.0828377651644,-178.6490460493319,-63.820612839834965,1711.3021735248174,-178.2967571803984,140.6528072203849,1693.6683662722028,-375.5742040920018,-97.01244743047496,1705.7262941599602,-389.790764042667,161.6923262953413,1680.12937702881,-618.254837681859,-30.34821420139103,1630.766508229443,-625.5826531290845,179.2996840105852,1677.9325067526152,-658.1824089156071,-5.75473286180436,1605.6917157171056,-653.2550052869826,206.7578694571249,1612.61566456453,-708.3891887427117,21.817464142565655,1606.7147182602705,-723.9849898248805
41.64283232944091,1700.7214084077618,214.70632101097954,49.150447295263405,1712.9287354135868,235.66790131235945,55.353620891098785,1721.2997308981824,235.98090977826902,61.5479484977512,1727.9506326860947,235.936801160577,31.265921777824,1696.2380579188143,236.19300587631284,22.802227085151863,1691.6779949970135,236.9105625644478,12.932723541422753,1687.6659276084,237.97250593657586,60.931845484329976,1739.1268626150968,229.12289678336552,-8.35140170778821,1695.8696390966857,236.86033780704125,45.38939598582831,1719.7705985027046,197.28480861288284,25.613106824235953,1697.5020485795458,197.78405775610082,108.29828468499915,1795.1500556189353,128.12498899388962,-89.1801444564341,1685.1774462018977,137.76026133599035,240.6634689766992,1831.733085299605,163.03434245929708,-189.80448616821803,1571.615255246335,151.51042001475187,170.49142773317988,1735.2613473771548,268.7013727139851,-84.35496655682701,1648.790470582665,268.1284990692761,151.0048062372493,1711.6355430478702,295.7938096464633,-61.64094892038642,1662.6825414332666,303.89120512520697,134.81224620327265,1712.5636316341859,300.0917889883134,-53.20722428973545,1670.779183169473,305.1997768264155,135.13725923940513,1717.336602335739,283.833089850021,-55.61479127798218,1672.6252586350163,287.9998806644943,64.74119594322464,1774.1118441170831,-209.5228660731453,-64.94914662498924,1719.7913074976182,-209.29389593858,116.3154531154104,1721.2063663106294,-428.38310322623084,-93.83915032816775,1722.6366689078914,-433.066246306164,163.85058812697508,1696.3521023931478,-683.6969155776205,-3.2379942978798346,1628.5182850999431,-683.7914147769417,203.2888203504449,1682.9845393899027,-733.4623893521689,31.9230274896631,1592.38351087952,-715.427879807266,265.8692007863398,1577.1609497247148,-791.9991209579578,97.42871377181766,1574.5293558100495,-796.5931526772259
43.09912626674005,1703.0405036199115,198.5629674977944,50.20240130918935,1716.8754203058124,219.15866461349694,56.47138882940783,1725.8018295876254,219.439017870212,62.49980244365312,1732.258807045922,219.48187679088073,32.28900386875955,1697.965529559388,219.0252079834574,23.645152348107285,1693.818405906583,219.56243082207746,13.55569697329585,1689.7360899903185,220.38374775669894,60.537289151021795,1742.2543632614565,213.5115041734964,-8.137998775485656,1696.6268315207597,218.35480881104192,48.10296208979355,1721.8653355439765,181.01773773370178,28.351872585006532,1698.0281186969723,181.6839583932415,111.67702975130317,1790.3022873685359,112.28009020570826,-85.82940304496387,1683.109288087811,119.83609829253051,240.82569952514987,1821.7724861995196,166.46399745662228,-183.10049821015483,1572.875352701857,151.46916076890557,156.19916259226477,1738.2336880192413,272.4228224398687,-62.63823820188734,1641.4414710347376,256.4324480138297,131.5261246392414,1717.222655376947,300.7657516702604,-41.11655441479735,1659.1127460986345,291.58950179304935,119.57078721417847,1715.6227263092644,302.3205727349375,-32.36445710529618,1664.0643660930266,290.67587785521147,120.50532850691464,1721.5646957550675,285.29888352760855,-35.441662448413744,1665.874861968396,274.496486086506,63.971071031421,1779.4001668657645,-226.59200936296324,-66.21679246354788,1726.3708204790246,-227.29006565046785,95.72349981679007,1742.416357202729,-462.427190912031,-90.85144814161454,1736.9146896488066,-466.3602410427529,164.50923220334434,1708.642477091044,-727.0260884267361,15.397223617656312,1636.9598743083948,-724.1813441295338,222.5328162496402,1688.8591994953388,-787.6428773283272,59.58905696145364,1592.8708734756847,-761.9688960873315,300.6234625011002,1548.1705774214931,-840.5810497422334,154.29461886076217,1560.2963718653834,-844.2755202450912
44.38685789698698,1705.8976550720645,194.98543945816297,51.13337126226054,1721.1395621437334,216.10752360286068,57.32060739489963,1730.4430434667534,216.16849364780927,63.09606762045752,1736.8313552105499,215.9481245486343,33.48603424802457,1701.6495814818652,216.16226885787748,24.569708976318527,1697.9758244785974,216.6835376540257,14.091683257323469,1694.1572107080613,217.3504470969656,60.10356259971836,1746.3039109447834,210.65207275554462,-8.858377292338794,1699.3323447828961,214.62499476618848,50.11637456604115,1724.255087823465,176.8577802666539,30.021586942479104,1699.2576119887399,177.42874110036695,113.42719415532798,1788.2228460787544,108.88990057385101,-81.54051867526458,1681.4170353331012,112.749191125792,238.6896478514118,1826.0579625438493,170.86001309854723,-176.8720501089174,1570.988804055508,149.7729219463103,158.19229860332433,1745.127431124322,279.40035947733594,-52.34442178243939,1623.9268280564631,253.002739570061,134.8309446436133,1725.6971213977617,308.5176666450415,-30.665988415419786,1638.6937175115547,288.0668055620054,121.57630990043181,1722.771906749877,309.67707039563453,-20.41305316944367,1643.6768784024925,287.0366818705304,122.61399577484312,1728.299493826947,292.8750990786478,-24.34917075064587,1645.9976728128358,271.4923504296438,64.5483033155293,1780.644183972193,-228.02673949942596,-66.7125032331661,1730.1470950863081,-230.50392524816007,88.12001412642888,1750.0412631259048,-467.95072870251414,-88.03077349244873,1745.2662222103152,-473.9422864183747,155.5060668004984,1722.2448952007846,-739.9147156630557,19.76940578591916,1653.3470026909963,-733.9255298623663,215.2108476365554,1707.3477174760762,-806.9704492151853,64.67876600540981,1609.5840310661447,-775.7417817053932,275.67913310990184,1560.1179130104704,-843.4563895486061,161.952076106337,1580.6521918247572,-851.7451445664658
47.163058016869435,1706.6710553812034,202.90442193622764,53.35616293939262,1722.8971765991996,223.8852334793935,59.084991515510445,1732.1764611912304,223.748766553542,64.4426393089778,1738.8558779369755,223.1777474068416,36.36531690437577,1704.5165508516554,224.7038504096898,27.349191721800537,1701.2581534200426,225.40320796854306,16.64784387075011,1697.9149280542545,226.0590761649773,60.605331325604,1748.8851850083242,216.524827537998,-7.450457209362774,1701.2314154319743,221.94441764800243,52.0064290880977,1724.8623791732525,184.02831195436,32.33876631078067,1699.3599396820598,184.52968730634112,114.12648303299505,1788.9817669145596,114.68490012898934,-78.24866374746316,1681.0019337241138,115.49959878595587,238.45096191749232,1838.8917070555428,175.32798645159323,-174.68026633805752,1569.3982679495155,149.68140695945888,175.73034930063744,1769.5056826880395,292.5652355883139,-51.0061040175625,1593.1977718030882,257.8925928534282,158.87715472661753,1754.3397833267468,323.9754432055046,-25.908219853803736,1595.59227512634,291.9175098093644,139.21438688773887,1752.2974630158692,327.1172921201954,-15.990661254467758,1603.2400138027344,293.14959346822707,140.5471705567124,1754.0799284475288,310.53934982112196,-20.499985204338067,1607.7558646657487,278.14595313679735,66.29914580225541,1777.933421327552,-219.58517401086945,-66.1733202501235,1731.2742661377576,-222.52749921592894,92.31645529088522,1746.004048581007,-452.3875105356704,-87.51591491720077,1744.3910887515747,-453.1984351284144,141.0870795969121,1733.8446299230156,-725.1648330196509,13.342820159244564,1664.1798428597417,-715.4545928464896,188.7674862715433,1728.650957167121,-789.6325578813556,51.46807244583395,1627.3039347412982,-756.8094270149564,218.4134216624941,1599.4893022706806,-816.2886147191243,131.13040568699995,1614.827819101508,-825.9828839469462
51.4415729362193,1704.9815850668995,223.20213897693935,57.103650030758324,1721.7982366665997,242.9029403632056,62.29519021639751,1730.472288526943,242.78131363979577,67.27735357498372,1737.2975575941502,242.12390974193522,40.517856087276485,1704.7149499116838,244.13435930471815,31.57351248633353,1701.7541940107897,245.00690865717792,21.12176780601356,1698.6819764730128,245.66669883735295,62.617905677738044,1748.7267211571784,233.27343877431093,-2.9865840791135208,1700.6093696282924,239.69927873525586,54.70619506985793,1723.3455781732005,204.2105912233144,35.974964896742016,1698.3093122258922,204.52384645286438,115.96466639828262,1789.9217638357281,130.7523920241881,-76.1892082092133,1681.295029402053,132.06027475994563,242.02792412641043,1850.9948674058146,178.05595351892407,-177.1070146220114,1570.003208866534,152.75367941287527,207.8126382544913,1820.048147085366,310.21478820798325,-62.14434078861994,1547.147735495874,265.66563084278766,197.8859895822913,1822.6102790284262,346.98951949454516,-31.92682802138585,1530.0627293030411,295.91276773373824,172.6400711525745,1821.8364730906214,354.7153336606284,-23.727442130410637,1539.3579835964451,300.6373949722548,173.2519256314849,1815.1426151288958,336.92033823706475,-27.588096361086173,1548.330255205708,286.7756811522602,67.87649671513007,1772.697834603372,-202.715124026387,-65.27452443433647,1729.5259672873872,-203.27120072966443,103.47518396788325,1733.7020429540207,-422.47898442991595,-89.75590182676375,1733.723295879188,-417.51892309274973,138.49315988949752,1728.459925848896,-684.5454728024188,3.788882573353921,1661.7968038317092,-681.1002293657447,174.20022354434585,1726.6822055527357,-737.8654789264939,33.20096159046032,1633.5032103597123,-720.0839926001387,184.7338496297857,1622.7442840831595,-772.1734397185342,96.47007940322285,1631.1634558138455,-784.3735105585739
54.68657898786437,1702.1355696059782,255.76176347089057,60.742250054276134,1718.2093842399297,273.99061431089314,65.95842391994968,1725.5721313575152,273.8436312389229,71.08262354400598,1731.8648094859934,273.27028635062027,43.43897966309451,1702.463576631119,275.27538131128034,34.51804596961716,1699.8371776064064,276.21150309272986,24.608752201843384,1696.8463160727488,276.85454858494353,65.8499088496699,1746.138638697981,264.30820750511657,1.465119292891945,1699.084499289062,270.23247926496384,57.678733085553766,1720.3581364952108,237.2162872907068,38.75305588510197,1697.5285915766592,237.1729248091152,119.53018843861554,1789.567314503443,159.0003890490582,-74.3700172117122,1681.5126202617248,164.33064987291272,246.59194599048524,1856.3238740113143,178.29164865228012,-181.6186049907358,1571.7043062471855,157.66703922953607,252.8191597308664,1882.1638808978523,323.7617617029903,-91.17194786083678,1496.1443128885585,271.875246321952,249.564852394575,1914.735255542122,365.67435656887403,-61.04654036726741,1459.8726958808033,296.1240896589321,226.23135700896745,1911.1146703453212,379.6213542461574,-52.6502544321473,1466.6310365409252,304.0514535632405,223.59330443935437,1893.368164322994,359.8714264692212,-53.77095953305278,1480.7051943906115,291.6906650545949,68.54121976295644,1766.6733525117702,-172.86713524047792,-64.97371832368523,1725.230422438805,-170.29382178049062,116.83760728377126,1718.3537719472076,-380.84347186944655,-93.39872500590258,1721.581556067464,-383.5793154309557,154.98560092902264,1701.400274495022,-622.3088045551104,-6.257742771277937,1656.4246760340307,-641.7679213638525,184.3870794324191,1695.7594052657942,-661.5470762895148,15.9794599523188,1636.0142010914435,-679.8220826797962,190.06714396971628,1613.9407256123327,-711.7357420650553,72.3341096621531,1629.17411822181,-737.8407921349936
53.787583949764574,1699.7448948413662,294.1227941848741,61.549689740755944,1712.9393943480936,311.68451208822154,67.37766702894893,1718.7479118953709,311.2904087574533,73.09150809372308,1724.2920396853542,310.7845161566414,42.89377591175864,1699.1816203238225,313.07708387171874,34.15714821055569,1696.8567850632714,313.94058602145014,24.861017369609186,1694.0713849457359,314.59009745074343,68.34520280633542,1742.8302250917427,304.2468879036165,3.5015630818064154,1698.5860440194529,308.9638707957911,58.249923367881806,1717.1805342085588,275.7735713143976,37.94272120325093,1697.9336776046948,275.4561665023147,122.75036646050174,1789.352021586113,193.4816398058235,-72.450117126805,1681.710487506191,203.2528297962545,248.60441876851317,1855.4675832157704,176.57575811492322,-184.82385587411284,1574.808704624462,162.251430207023,303.6613670942713,1925.5991213294328,321.0097882648692,-135.37383125867046,1457.884458494759,273.47859645039364,311.51408702350545,1979.3512461563676,361.58266480626935,-116.33808137195668,1409.5670876331858,291.7701878296574,297.6138523442649,1970.183213922516,380.35369682917457,-105.36050600291166,1410.4308511749816,302.0094025424502,289.7165304956222,1944.860323367882,360.95885367567627,-102.13613584987831,1427.7785875095194,291.0456523263293,68.81761497843009,1760.9865783468133,-132.0419753972788,-65.41573029400385,1719.633518665547,-129.20548782200723,125.95193913162349,1710.2558992990857,-337.32672479656867,-97.27187436203349,1719.0689419410587,-356.37639985104795,172.43837661622388,1674.4560432430874,-557.7603426595372,-19.70367564709542,1663.66636211691,-601.8042929885714,195.58669669818443,1666.6363340841292,-586.9655368734061,-2.7911119382928584,1650.1113267982512,-639.5655412639267,201.37058903646985,1599.511846151448,-642.8599072293407,45.973713447402,1633.964717662215,-689.015876162318
48.51677489984492,1699.3550407430412,328.2413465381123,57.77869154072277,1709.2060910459065,346.1456207969369,63.73850859723284,1714.5136577726528,345.76064984155784,69.44209552126551,1720.3436096929172,345.56925849428706,39.498299201325366,1696.3997835945358,347.0817972402336,31.846233029275723,1693.5789917148188,347.5253849575301,23.69883151034244,1690.7422438995911,348.0116542283414,67.16419295278233,1741.7365646602364,341.25212959439654,6.237286650991672,1697.1126636936146,343.0339710323427,54.131076498954144,1716.3957150036038,309.8564452399204,34.07390415881021,1699.1193594680212,309.13137408158036,123.78601409545365,1790.776391583274,222.52464941053057,-70.98726207793077,1681.657339416256,234.31107623471493,247.81200675997763,1851.7000570829505,173.254754315399,-185.41155719414218,1581.988901180244,165.79316196560404,346.5990323467965,1933.6821387729565,293.9919610672148,-182.7343938904615,1442.290190165386,265.7654152505746,370.5554283625712,1984.0239851710871,324.78944081051156,-182.09157089297102,1390.3067582179165,278.8333573031761,367.24135687060067,1975.1123798727685,343.9298017171264,-170.0460066979782,1385.6577147513772,290.44104771306326,354.2292034825481,1950.4454169888897,329.1219611183637,-163.0248455086912,1403.8339001188845,281.53197581532817,69.10924410358253,1755.906781300207,-93.08285926558798,-65.33929776435153,1713.430749397921,-92.92263456836277,124.47937434415088,1718.1207468950756,-306.7579913708946,-100.05169276346842,1725.557860871713,-327.7922093849419,166.14705967350454,1675.643745730654,-516.5537775960289,-36.569917987507715,1683.6618484385267,-562.0072282244771,179.40779138373478,1672.6028642444958,-542.990623941129,-23.061839100379288,1674.8534398069976,-596.8960564661676,185.41509456524363,1611.248160316262,-589.0831211981993,10.284627510658549,1655.6672562189603,-639.9396001331828
41.888470282243894,1701.732461494379,352.4392221741419,50.3475027691455,1710.746164453172,371.31991376940533,54.99298837907903,1717.4935985006982,371.6980107810969,59.242409360665235,1725.2055568526516,372.3446645893494,35.936289379975264,1695.1507294056828,370.300162524316,30.515060790331788,1690.3716759818672,369.78412253972414,24.731289937135763,1686.319302627424,369.60883564278555,61.32470540854635,1744.9526034289988,367.8182054547562,14.050198029349746,1691.1401920407557,363.1490319466131,46.34850103378848,1720.0594502156803,334.65761796264974,30.487516142310668,1700.0321780694671,332.7643125877874,123.24437217943907,1792.6022738617637,239.84084669601387,-70.58742929604064,1680.0554749116013,250.78632790579502,244.44318908600974,1846.1891996117354,167.0325512844514,-184.66469416253997,1593.3026949769608,168.217660217066,369.4682990804731,1916.133684157022,244.97446850235048,-222.32206016719448,1445.8819042066855,244.00170508222516,406.1633560973732,1950.0616476367181,262.5592575832075,-237.33994364047416,1395.7433307670735,251.22763762209976,409.40884244981544,1949.962104898257,277.80396403314853,-228.72754141446205,1388.341266565435,262.9335521051518,393.253019804546,1932.3188363950026,269.7989156999636,-220.1492178959021,1406.1680698470761,257.62970272944636,68.42725357245284,1752.2144481807572,-67.5948058549714,-63.01579395470041,1706.490570049018,-69.50921620665622,111.6022185082514,1738.8792023854755,-294.47986408219776,-99.05290806180106,1728.475663811361,-292.73938557174347,134.45525745811452,1705.7083806773262,-506.3465162963216,-50.352367157994635,1701.0947825569478,-525.6679149101443,138.74248067204192,1709.4967598197732,-534.7169663972375,-38.20226533200599,1693.9251352668434,-554.9286603110228,142.0131184330318,1652.094583653501,-568.2725941854025,-19.29224805895857,1676.1887375285316,-595.9839930904095
36.854171756510745,1705.4723667558992,366.78897819283947,42.56013407809634,1716.5235817899309,386.6667944714758,45.0575726096958,1725.7294964565558,388.12975214208717,47.152489872253184,1735.8411863490467,389.7137222703608,33.886074439551024,1695.1987397956161,382.8637967522646,30.886887756235097,1687.7147883243917,381.15597606354197,28.266202005862933,1681.3452555446481,379.8962222334331,53.69751532521744,1750.8109517809937,383.29138219410174,24.63624589392429,1681.8718259514872,370.8227780231761,38.546397935069514,1726.3751833265528,350.37955215074794,29.07333949669643,1699.7395523843293,346.61476262771595,122.66768403265972,1792.5795954867754,247.9107114570555,-71.89328281321897,1676.5655141418404,256.59295290024994,235.5844429976771,1839.405745888617,155.6847653723819,-184.8242866663718,1605.1922712514368,167.70233653978136,371.06838342752377,1893.5742368341562,184.44891716523938,-251.53362285591152,1458.9156119583652,207.62946233577412,410.6295492982018,1918.2696412714276,191.51663187229315,-273.4430069455788,1412.1699683298139,207.67944287763828,415.79460623694007,1927.0747556985325,202.0809837002026,-270.67732125137746,1404.4993482155078,218.08256127207605,399.108455787565,1916.2643050509537,199.32342649761162,-262.33888062859603,1421.7647005140277,216.87845650415622,65.61268479182849,1751.6049015093467,-56.840550979196124,-58.40706449838164,1699.572080697122,-58.08397068006329,93.07130668600055,1759.8402856237014,-294.28305592693584,-91.48446930939659,1720.2876126351757,-263.0800550360526,98.623903443234,1738.4865318196694,-512.8358769561594,-54.88171843206493,1704.4365738255883,-500.8136574739248,99.6952329610751,1744.527276189081,-543.0922702391857,-43.411490407962184,1697.0615961193757,-525.4148354624169,94.74388177703665,1697.8197163289908,-573.6612518831835,-26.04536293566803,1677.4146433311398,-564.9151741511047
34.08706682932288,1707.510718755485,372.7027672338285,37.88154558720253,1720.6800232922146,393.0625333370477,38.97735047730059,1731.455668183723,395.07235069870967,39.79332059401178,1742.829622937155,397.0368032114528,33.138370749481595,1694.7982406867982,387.456065101585,31.59512579275433,1685.4824175272174,384.9724001750676,31.5063126364176,1676.9971207855042,382.7610654825603,48.5558836950391,1754.8892362794147,389.0827819937185,31.21795440641191,1674.5321807786236,372.28326422138986,33.60413820342865,1730.5787934532225,357.61357020989294,28.698681987427058,1697.738187649036,352.10910152415636,122.47759056109894,1790.660979632393,250.86409606903794,-75.44071755236678,1673.4904474731748,258.1836077804876,218.94724266913147,1832.9742241908198,138.81902810777353,-187.33473536877733,1616.695897060664,161.17062121499495,358.7786216649188,1879.0891440857195,123.83120000856213,-272.0507622339683,1475.1218223336089,160.5603132026726,396.77388472623943,1901.7506557326415,123.768531921232,-293.3859234291942,1428.945758924842,152.90212755891721,400.221537957798,1912.4442843204492,131.87267212524267,-294.59642799988154,1422.75363704331,161.35430404833545,385.11991484959697,1904.3887729048872,131.86350164127157,-287.1266255929429,1439.2274769287355,162.8561353959937,61.504969896842624,1754.2561676635842,-55.70082494333059,-53.93532915861069,1694.7416118535587,-54.93369394493485,75.95003427001181,1771.987725158443,-298.97409581409374,-77.37622710199096,1708.0759372778364,-255.1340341553285,76.14441627566846,1753.4594567923712,-519.7174372755615,-50.261970124033475,1697.020516751963,-493.30877803758506,77.92123397329215,1757.75403110362,-549.7226417272874,-40.51450008622678,1689.8258155424107,-517.0914512230478,64.11445641197506,1723.5037280041815,-583.7615867806602,-14.015149993059765,1664.9066906987107,-552.3744089537929
32.800406092367574,1706.33429446167,371.7852603356334,37.27674334848287,1719.4178013941319,392.03600968012154,38.39419657362086,1730.110150565742,393.956856120791,39.31324945830154,1741.1912612552683,395.7960559555385,32.99391630581509,1692.5357588633524,386.15906816927713,31.835841892806037,1682.96965437622,383.59506321563225,32.75517117833149,1673.5987634438723,381.02171743147585,47.39041592726524,1754.7899439541297,387.5675821194811,31.452222326166556,1671.746465392364,371.08754510464576,31.741681307738723,1730.0832448627555,357.40903272874243,27.874575269064636,1694.4473974508483,350.9602910026881,122.02244397185638,1788.6890594199792,249.55816140642503,-80.56623635489731,1673.4546833653317,257.94102823040186,197.62859610149522,1827.1435659474312,119.21200199109208,-190.98211463815568,1631.051560260602,146.9068459815185,337.68344396948527,1872.454173946885,70.20074271748764,-283.7245351749435,1496.4486827706833,108.91421078142236,378.24799283946714,1887.2417046934163,62.472289732423434,-301.3125770732539,1446.7322232685697,93.41488730936409,378.2715110864277,1895.4473973433385,70.06073211604136,-303.62465700353516,1443.0108316219635,100.24999381542045,365.3907006405346,1888.037579896577,72.49478433741908,-297.19153536327065,1458.4592306881823,103.26348649560688,58.48024788333458,1757.580218935621,-58.81590151657956,-52.047241240724446,1693.1497816053582,-56.903930790052755,63.739701461419855,1776.822465231223,-304.9584166469714,-60.267645890041514,1702.2394220227093,-266.508277380297,66.26706995676136,1753.7845847626793,-521.3629809418621,-39.71089178970309,1688.3845504723045,-498.3524813786736,67.94542769904123,1757.3054002431386,-549.8539510595979,-32.31635586129998,1682.2348618516203,-523.9765786777704,52.85310847144457,1724.8664640944937,-584.24516260223,0.6135490917536432,1655.9553403406728,-555.6193897596692
31.874901705791274,1703.9291908722457,366.70505606778124,38.520683157438846,1715.2923054124867,386.5666341801766,40.59377586769074,1724.9812244757234,388.27021378055866,42.36719389699123,1735.0524611043218,389.93522939203524,32.57046843784657,1689.645301331618,380.93139593501166,31.17031242604263,1680.8038893002947,378.7048533463561,31.74563511602437,1671.738015114169,376.34975822209134,48.54037762496437,1751.99423036227,382.1609234834267,27.621542678845792,1672.4292536417477,367.831714679637,31.592248764081482,1726.8892746381646,352.2798589762074,26.518835737523265,1691.5415613934042,345.8989953534227,120.39817317433076,1787.6085886220967,243.14402039631088,-85.39907234998824,1676.1402091565528,253.56131344759237,176.57146361227288,1820.5174277193823,99.64422906199471,-191.25990641057706,1648.3511001152074,124.61514942319776,307.3037594555499,1864.3156761164068,24.720057481414123,-284.5093365250443,1528.7216844362333,58.430983465402065,352.25314434023005,1865.1531868410102,6.785974823424775,-299.00037722555226,1477.0142294170616,34.525816132609364,351.39889678545194,1870.6603776810246,13.635286173795162,-302.39217820773285,1475.0009294433798,40.22946332338873,339.7937153671681,1865.1187445040775,19.36331858506552,-296.4910706710038,1489.4890334104168,45.439886059293656,57.83598985423471,1758.940964974639,-63.06966281074985,-52.42471137576545,1693.481351654981,-61.72854543978862,57.125820504108695,1778.734948864644,-309.5236423047435,-44.37576114908863,1701.7899048814481,-280.06566714681907,61.934185819010295,1750.5242931524708,-517.6318726004838,-25.467953820895012,1681.1631690781048,-504.6997401049424,61.81061291188833,1755.8162039292642,-544.1532443959867,-19.28339320202081,1675.9571025775099,-531.9109403637827,52.822771158526464,1713.7081071262742,-574.8809678550246,10.08803217499767,1654.2979797307878,-564.2682517163444
30.516883530292155,1702.9417093664667,358.2349998659176,38.817612697299126,1712.8258956652494,377.68924890799053,42.30808925950017,1721.3622580170074,379.1136871947614,45.33000207667098,1730.3263727373983,380.49068278678106,30.639180929159465,1688.7890604932613,372.3771543613568,28.276617622928555,1681.0363264685175,370.6265614262667,27.428541105234945,1673.1124356057032,368.8429971469393,50.41738529779237,1748.553366985806,373.0804463556045,20.28689222857767,1675.986294124679,361.530446591044,32.21801322479482,1723.9873399766655,342.66167977914733,24.872740928362322,1690.5913626145184,337.4458806253476,117.13783764862241,1786.4276375893255,230.57697084078,-88.63291034581273,1679.0373198777063,240.8728001677091,157.09689090658688,1813.9331391760613,78.66477385807556,-183.9712335626494,1662.8184384960857,94.29415679285661,268.6535998733474,1848.1674202395805,-16.82108735049659,-273.4232049884926,1570.999131749607,10.542734403172052,310.9578626075004,1842.5172849405558,-44.24107505306699,-287.6346362263009,1525.5565432415826,-21.18378923348898,314.5863467819738,1844.4088280525489,-39.3284156674354,-293.83557625952346,1523.2138036749175,-16.711110410339064,302.92314092544717,1841.436982476207,-31.055120048699724,-286.95918472968344,1536.8783894858027,-8.358754165962061,58.806814207634346,1758.280681957705,-69.87881615332348,-52.872526288240856,1693.7852935463973,-70.6692957665645,56.39809840864602,1776.6887902965639,-312.32541002644297,-31.96124692821633,1696.948958549628,-288.4586642990904,62.67243727142306,1744.445338767828,-510.5141248130038,-10.680791286966977,1669.8383462313932,-507.8360347815386,61.8925375040956,1751.2807402481728,-534.4395716597115,-4.270344335283108,1665.1031039796476,-535.2796163210787,58.43092173336151,1698.7867696023225,-563.6512107981488,17.365319973052237,1647.3589645287188,-570.5288558838178
29.507165741185737,1702.5788258531966,343.3853200657911,38.25371163787193,1712.0920140556566,362.49136932794994,43.43289635395981,1719.4546142557306,363.2058222990891,48.158601695034925,1727.1812379010694,363.79400187467525,27.368917379274553,1690.0430878140226,358.5161489746857,23.126777074079325,1683.730160473656,357.42731579869354,19.820363848683574,1677.6080628778645,356.43493737082304,53.11639626313034,1744.4076444197005,356.42051019160994,9.30701435988041,1682.0141092140232,349.8013884496309,33.90686494285559,1721.289786412583,325.6637348772672,22.9054759884922,1691.0152364632593,322.5226484835734,112.90846821967908,1783.902464027995,211.19359077884593,-90.45526594893803,1680.5821422395336,218.87561838669401,138.89732064756424,1810.3428752210762,52.97226022071764,-170.05426102685377,1671.0930906538056,58.912389641416674,227.87699247619693,1829.7736986024147,-59.12987880223815,-251.9583256769793,1612.313323056157,-37.64246101888634,259.528949197625,1831.7651597367148,-91.26617261826445,-267.93374166036796,1579.2304485562208,-73.53454385528062,269.59112787076356,1828.5473471085309,-88.53507970899362,-275.84637721059863,1575.1976513366642,-70.77161775099059,257.4746241533672,1825.4269548820182,-79.61744729530741,-266.9017433294282,1588.0102705448019,-60.312113523639795,59.97807361622243,1757.2053775242816,-84.50085822376491,-52.428621662618355,1694.078091261436,-87.9657013283741,60.35613500971832,1768.4060444480929,-318.5231841229717,-23.84605560285749,1683.8102680135562,-299.04256664774937,69.86702900555206,1731.6822762903475,-509.09356935371454,-0.4137321570788368,1650.8302174329579,-513.5762080785383,71.15754219824119,1737.7573202541146,-530.5775136188885,6.459009569597582,1646.4534816485184,-540.8267328936473,67.97125862039816,1680.5225980166274,-562.525309989725,24.48567845061141,1627.0443392629916,-576.6111998483626
31.14987933739399,1699.6506102575565,320.89043419082543,39.68385467381839,1709.3808898591747,339.70149217333085,46.37573788229568,1715.6094350397238,339.34818245416886,52.79009204792632,1722.1096829455378,338.83063896605586,25.450922273305142,1690.2029627478294,338.4496232625319,19.047242438262224,1685.5189263764698,338.2264889255813,12.761458860349052,1681.4810813359902,338.16096937182175,56.97998302019571,1738.8937719144483,331.6197425588408,-1.062879782272516,1687.163651792499,331.84813594578674,37.39678226685569,1716.7952825809334,301.3425083326054,21.274884025184033,1690.6334231713608,300.4627783582559,109.17354428991129,1780.365099790043,187.7452970238391,-91.39634255189056,1680.9500870667096,193.55919391908307,124.00455245918086,1809.9037560076063,25.228431372514844,-154.63927250876213,1677.4296876776375,27.17482310841576,191.82321858014723,1820.033854064722,-99.14939224798404,-223.54733018068856,1641.5463361096029,-84.67559854051595,212.2210233840993,1835.6009750792691,-132.17729403208705,-240.45369675275796,1618.0216431206184,-120.1206743334742,224.4058878578054,1828.2332179570515,-130.74614555338363,-245.33475169059358,1612.0906805548482,-119.21124810806995,212.46340939179152,1821.1639865826317,-121.59468061829787,-234.9361579310724,1624.0706535633133,-108.77103401959054,60.52968398028194,1756.8066638365615,-108.67706890462112,-52.06750520222448,1695.6785547124607,-113.44717877606278,65.2273660314672,1757.730789410881,-332.8760374813038,-20.689222144946193,1669.9643082065677,-315.941128059168,79.10953047646139,1716.319701264316,-524.1871367910902,3.0022557769868854,1630.856428796235,-527.5157392074454,83.53398746692237,1720.1797944657678,-545.2727494843118,10.2754715698268,1626.6192726870117,-555.1955456633032,78.20583212123073,1661.2986988019081,-580.6754870992016,29.245171310086747,1603.963564069512,-589.0107100037364
36.634950950383,1693.3013255906221,296.63233901787805,44.966307790905795,1703.0365939946648,315.2069335799862,52.50390840600396,1708.4300632975735,314.05712121242095,59.747682027324736,1714.2160201661152,312.83440497303,27.550209937753856,1686.8952217359122,316.6820410426877,19.644571645585543,1683.443639494474,317.25455576296093,10.908266904515491,1681.1093506648674,318.0596932710304,61.31514639930615,1732.8637565206745,306.488100423478,-5.28853043243348,1687.6988036320038,312.3158606962994,42.65565921931729,1710.3204797295346,277.09925584187977,21.433298761361215,1688.308607590713,277.78333242635983,106.74322224483439,1777.2973098724124,167.78371149483905,-91.24034592268666,1680.5495041776312,174.72709234730135,114.59506978997955,1809.2158488436698,5.099750771975486,-141.5778444289609,1686.375940263584,8.708812092812277,165.0906067580522,1820.6889195348906,-124.93068304884919,-192.88595511311178,1656.1056063100832,-118.99455112047914,178.4918583262893,1844.7967221964432,-159.4209336507496,-208.36001116049925,1634.9176001618782,-152.62883070175084,186.8131457971824,1835.7413696082444,-158.39761518232035,-207.0054513248951,1627.616437329552,-153.11686834373575,175.73009955180623,1824.0561701369893,-147.75563746940605,-196.52521973318252,1638.9974757175535,-143.41132072623526,60.16473772449206,1757.1111707612476,-134.34829426380924,-52.697134714574965,1698.6337878696731,-137.9455211832135,67.72942205160382,1751.294330638111,-350.35450938670164,-22.19633583742482,1665.142245406302,-331.72254860576163,84.96601842463838,1707.0903329574087,-550.5621131620686,2.6424663804855113,1623.0515135112623,-545.1953519907377,91.58063776965905,1708.8810770982764,-573.4575620115311,10.894180437455397,1618.4282193115753,-574.0241589670316,85.84065604118727,1649.0549265085997,-610.6705283219314,31.342109136502803,1597.0691226347094,-606.7039046631876
44.304240039790734,1686.0910194263383,280.033358551025,52.58468669547351,1695.5135600497435,298.62723489274714,60.29454505000612,1700.5174697126677,297.3892428851865,67.34172325657322,1706.2796498935327,296.24140036742097,33.20944540067495,1681.3529069669164,301.2619660942645,24.612225724727864,1678.457253800376,302.30733634459216,14.684474455448894,1676.9917477274576,303.6770930688448,64.99673359146044,1727.9477521161448,291.43534475707327,-3.3454584748674883,1684.29480682564,299.4348169567062,48.6326616475159,1703.8614819037807,262.28914085238216,24.31642169939185,1684.6781906097842,263.53214384030906,105.20154311317383,1775.413379403092,158.63562618778033,-89.4884974188978,1679.321000453926,168.12168260353607,109.45130083062111,1806.5380876797117,-0.20736208431769265,-131.23402048452058,1694.9782215729053,6.030278155012454,150.85608835457091,1824.1594412767922,-126.89952475438199,-166.21053721701065,1659.1402809209337,-128.87354060813314,160.35447840930905,1849.3761317626129,-165.34061503584493,-179.0694316607132,1636.5698666082014,-162.4644427275819,163.02047337515376,1840.12966440988,-164.45784683605348,-173.70143829648327,1629.5019455391334,-163.744903336443,152.76078101825328,1826.5518608435302,-151.68486971693457,-163.81226840949768,1640.4918798120134,-153.9975234312431,58.82823918535223,1757.8615694411699,-148.164674131905,-54.00023820864581,1701.653260744951,-149.5041165124344,67.6924905906422,1751.1430228034974,-359.1890084649388,-26.147027157429203,1672.0058215881133,-338.47581719547406,87.1466608398086,1708.3396208069005,-566.5988435216781,2.5444252830905207,1634.9964425519893,-555.9134093613669,94.82460277695745,1709.398548180471,-591.2720992879093,11.633632795362631,1630.272940113677,-586.021973901209,90.16457812238971,1650.3320033431114,-629.348030665022,33.10258504561525,1614.5831257974573,-619.6647119793221
51.06623951529465,1680.7817478183752,276.93211525889245,59.37547542165374,1689.8852102229555,296.02751559048016,66.93854298600567,1694.850847921662,295.2156163422638,73.45557899571334,1700.8934840263441,294.5723308255681,39.323575459823275,1676.4865165076692,298.26947738390703,30.39420156079245,1673.7603236919535,299.47811302859054,20.432987978494875,1672.3788738915619,300.9901623229718,67.70130640946823,1724.6283469905595,291.2902494838121,0.36258942929888466,1680.6670594265604,298.9716908806714,53.988500367618656,1699.0374087417943,261.00246002066876,29.192106084560418,1680.807882389503,262.2635907518798,103.86452659403132,1774.0728139082044,161.85676510470904,-86.26685247560178,1677.365748466811,172.7643490819941,106.17895929407695,1804.3097891908692,7.543114168736349,-122.96995224713834,1696.8844410995985,14.606877802244298,149.21933634506792,1826.254564344893,-108.09089498497636,-150.04412370870386,1654.0901971250462,-116.28285988741654,156.2880289512944,1849.3902903249639,-151.15153763226755,-160.91911856106273,1631.0767938266326,-150.45353254987268,156.4919031714571,1840.6974382466728,-150.31833602609692,-156.1163445486663,1625.885789667642,-152.09605464308947,146.44842779795744,1828.1583894456758,-136.15478384944564,-146.83485132650517,1636.6747931179686,-142.15603331630905,56.93186903541488,1758.8917290829863,-143.027192384537,-55.22917297328257,1703.8905110875044,-143.46549043230942,66.22516944351231,1755.4582124105452,-354.6526476500082,-30.22196136141471,1686.9590505324022,-336.99514207931253,86.29520856453885,1720.3167087398558,-560.5226614585711,2.491677084096436,1661.181969512646,-554.5571232178679,94.16289094951208,1723.170910342164,-585.6171883709363,10.573177020074777,1657.9383337891873,-585.4107811441277,88.9819224224402,1666.019351057511,-623.8394892622151,33.074866569311645,1647.7416790548052,-620.5363000933964
54.2075904979452,1678.6988680628422,287.7987807824048,63.08143889428204,1687.2338343392807,307.4028061031529,70.55309830305526,1692.2697570146754,306.99144351912497,76.96993950350031,1698.3953698924565,306.677721538893,42.791371860820846,1674.175658638481,308.8566292011394,33.777918773348325,1671.4427738349577,309.9840508300712,24.32012324810043,1669.7349080371039,311.3334501779699,70.08601092262825,1722.1292654756478,304.17367566647454,2.914312121721729,1678.8114307943724,310.99864196989006,57.399808477779644,1696.3487430467387,272.0936016989252,33.53444827065855,1677.8647305519987,273.36272441218154,102.58921220536425,1772.7253403981608,174.38222406746513,-82.4319196827422,1675.257518860034,185.77073416074322,104.95239657830352,1804.7525271269883,23.090658361666993,-117.26718871052572,1691.5335605782027,30.183660409137882,155.66078374220763,1831.679713297307,-78.76703262042525,-146.75449200453795,1643.5765215697647,-93.50386727291703,162.98823003211305,1852.6699634322506,-124.53531562954882,-157.154134627221,1621.4456717836226,-126.21624057916188,165.2829961645021,1845.963465432267,-122.95770364188941,-154.74914190168806,1617.1277436146636,-127.59518608784208,155.02025950551726,1835.786164736738,-108.31518531038996,-146.05460874049604,1628.3067811940218,-118.58210279266066,55.40716458107615,1759.4008600965572,-123.38105416028863,-56.00352009681022,1704.6210650346297,-124.52859986200029,63.64295001303014,1762.2892963872266,-343.20411410403125,-34.9518192448648,1702.8752319049108,-330.6613453117365,79.99618349025496,1739.7260631905388,-544.2550572187956,-2.076285357921457,1686.4096005669544,-544.8673635796503,86.80002516884875,1746.5661879017534,-569.5589650099579,3.60689127118487,1685.6952130690327,-575.5585067507752,78.42062937480753,1689.9247244181965,-606.4595070013224,24.34230291765148,1678.300998254779,-611.9240784901689
52.22146447015782,1680.543902359357,309.21858857273395,62.783962854606884,1687.6695273981452,328.24882625744067,70.41217514980752,1692.6714437388193,327.8720731387981,77.30850304328918,1698.5284537838675,327.48249896028807,42.289558196921504,1674.8772811817787,329.2851989965237,33.75966854827138,1671.7349250511168,330.06047344593713,24.82222475829829,1669.6213268429995,331.18356503748623,72.50273441885886,1720.0379854432763,324.68700343334785,4.504349784354433,1678.0222908523083,330.84269600028784,57.47254709855812,1696.420533261386,292.27004784729496,34.50529194482486,1677.416704237084,293.43560136981506,101.50169126960154,1771.9759865962953,192.8098763415127,-78.963180065169,1673.5390303041886,205.70154364363964,106.79399507305618,1806.3314669947931,44.711370233645226,-115.03975468031805,1684.9636866368642,52.05174028855102,166.10831998486225,1844.4271739332553,-43.4782102329911,-152.4823322023022,1628.1830945418058,-67.31510891372157,178.39195015604346,1862.8643098833995,-87.7888179279127,-164.27465293395105,1605.68401380245,-96.95456485803297,185.1095069351856,1859.9119601882614,-83.89827226382239,-163.31135646184634,1598.9988926476394,-97.14248466962587,174.64938735883408,1852.1459066961088,-69.61628389801439,-155.11279292897254,1611.1670555391763,-89.86258266851428,54.93334762345084,1757.7440972873098,-99.02983450987799,-56.33421474095653,1702.2521075280185,-100.2086644338596,60.64159178851371,1768.1012813018992,-330.13737633968094,-43.17192119710911,1709.5812232967128,-316.51166483595506,68.47114709540395,1756.0288820350975,-532.0857534255263,-16.05337477566353,1697.913559166499,-531.2359823557778,73.17166687216854,1766.1760325259397,-558.2614122700749,-11.499623455126233,1698.505205212156,-560.9487315047021,61.86131094575287,1707.9045078357751,-592.6261631249112,2.1724678064765266,1691.729059549911,-598.9035072742324
46.20015996891323,1685.777834425135,334.31156390141774,58.84403814282986,1691.0608320194126,351.57572528573826,66.6453733577834,1696.0402603076343,351.01506444302595,74.05882938896501,1701.6148255449448,350.39640743869927,38.806628879415705,1677.906120962317,352.3367380649705,31.39227830021363,1673.76760006835,352.5279510658251,23.147179870526088,1671.0721959110954,353.40353918854174,73.76898211971219,1719.2844131175116,346.31584998967327,6.274083407680225,1676.999204979982,351.4416323555473,53.88301673236317,1699.6105406162449,316.0817337853618,31.720120137123864,1680.0187617055626,316.6345272047361,100.60697795430255,1772.6147864840584,214.20884309246398,-76.39587482476165,1672.3366899089388,229.7224463655276,109.8639182254649,1808.2310150709316,71.66474553041394,-116.03958550506394,1681.4475717660007,78.91810137503876,182.26368423542633,1857.9983954360061,0.4221521940823143,-162.13657842121953,1605.2104050330536,-34.48594698781724,204.0665975922196,1872.861136841353,-36.58609670517421,-176.96629865340844,1579.2283561228592,-61.538134939041356,214.5519451721586,1873.1518987192478,-29.326197573816152,-177.22652181737269,1569.0842664389686,-60.11479186792708,203.74125733785803,1866.8059679433727,-16.955079184186296,-169.27943292459847,1581.7600122214105,-54.18703928437728,55.19620979496587,1753.410092783967,-76.62868390482322,-56.662167552853354,1696.5183114898794,-75.68856417331256,59.83257734012805,1767.120325006478,-311.5936755042906,-55.86476678901303,1701.0332839066214,-290.27702502581803,58.88072171090789,1757.7657019480287,-520.6273861109564,-39.15525741299547,1696.163758760691,-514.1501155232279,61.4206233111566,1768.4661446101957,-547.3656315653302,-33.36796512553724,1695.7144077736716,-542.5206526435699,51.72747245325723,1707.2800332224974,-578.6873657789374,-27.943705334064674,1688.2130982067715,-581.8466404196665
40.16339542658181,1691.4493139866763,354.759422622869,53.480250479137176,1695.8505430318958,370.6060427194406,60.951891512409425,1701.2186877169947,370.0435973802129,68.20114621049834,1707.044956040762,369.3919003322237,35.01073718031275,1681.3959383191514,370.65331712514194,28.875264794265096,1675.9993267350312,370.1906516890352,22.29764459505766,1672.0274210993323,370.46963117394927,72.11156313538385,1721.0603635189982,363.54425641148515,8.943924039801319,1675.1010269980115,366.4797645643049,48.749397802555386,1704.3343909309738,336.19791598153495,28.086668165366643,1683.784020592397,335.73324080896305,99.89333400204623,1774.2921425132106,234.66666354834672,-74.8761397990744,1671.5959594725318,251.34002234729797,111.61481089339912,1815.267558002517,98.67875437754425,-118.8816992361819,1677.3884674905514,105.45071390917654,207.2310018426819,1861.0833154756112,52.876245491835554,-174.94894341570344,1573.1095844667864,7.544181210259293,239.99382317065786,1872.0833132439404,27.951338243466928,-192.8495584563159,1541.2962737452244,-16.933196711913155,251.86571342260984,1871.6209703650538,38.00155691959135,-195.6435388787059,1530.572099596036,-14.307747606529436,239.87252672114644,1865.1350616535867,46.73204815365201,-187.95824091728684,1542.6210160232754,-9.22786137614056,55.40341150928993,1748.7125578322186,-58.656045717985165,-57.697076802823865,1690.671906435665,-55.01696446692087,64.53578551777515,1757.2107169419428,-285.86360102758135,-70.32926169312402,1685.4951703770403,-258.5348375607482,58.49033585717016,1746.091835456907,-501.2135014702293,-63.843528178181764,1691.4411685461332,-495.53068151165206,58.9295827170931,1756.1435172017416,-527.4415970780296,-56.24123185802224,1688.7482354193166,-522.4893576277226,55.90115074498275,1691.4186074233621,-555.2308825306046,-53.59299062024568,1680.013308573011,-561.7971319149871
37.568069952906775,1694.4139030791737,365.8248142890719,49.7202634643189,1699.3738571493661,381.8863593650237,56.28936945014314,1705.589523284939,381.6498224796072,62.609885461269336,1712.296744332821,381.2476928464009,33.06521094067125,1683.49657517311,380.80462670742486,27.82262717063135,1677.1582799919836,379.7867972280929,24.076549518038437,1671.1312297772836,378.9314747589955,67.73301784151577,1724.8868410300997,373.9963669404059,12.343648842487744,1672.6610389678135,373.7233250621605,45.15931310418855,1707.8784799013808,347.6542747136445,26.566560983478315,1686.1097310574062,346.39627463559395,99.32578502123957,1776.0302194764793,249.9273968265563,-74.51799115941272,1671.3592221633094,264.4162685971071,114.40935452397908,1831.8012518726878,118.45451028549276,-122.97124706561053,1666.0063845559187,125.24944719062213,237.12670933674812,1851.3177021814765,106.98464964038484,-191.92943680823078,1537.5960560488707,54.269429784655145,278.1784497880332,1859.1477281002867,95.14967849570473,-211.04367737777565,1500.571149767433,34.67696993327879,288.53847991367013,1854.3606762415238,106.50565871847498,-216.31848785450867,1492.2668889760992,38.37311871745248,274.48396624159477,1847.2221757156476,111.08492126917459,-209.18272142065373,1503.8146280649285,42.37048646086577,55.37559153533721,1746.5530184519032,-47.298063600252306,-59.549166548603914,1688.324960780838,-42.781702701008015,75.58111172682969,1743.8050204085207,-264.23789763857604,-83.65310067233608,1679.391718961084,-237.05452685271774,67.25969720723202,1732.2434549714915,-478.2950354913465,-81.58960388271872,1689.0686157549605,-481.37085915923325,65.14822605247645,1742.5690998747434,-503.5896447724313,-73.22517123847305,1684.3518886974152,-506.862171572683,68.31799087296989,1675.576648146399,-527.9509201261798,-68.46423343572414,1675.4849389669716,-545.2401452401243
37.3520471059754,1695.0895923640278,368.96448615077804,48.341233116583716,1700.746046372682,386.2069718458848,54.15178608581985,1707.6202826278827,386.3678702318115,59.593139253476785,1715.151392178731,386.3264166771976,32.4388913652622,1684.4939950627129,384.3335123166726,27.577371251966564,1677.7474322229357,382.990003619314,26.338436231830148,1669.9105684846481,381.0477891705141,63.36686039957577,1728.5117017564032,378.5431225538357,14.917257610714572,1671.1883376199094,375.508053361794,43.74984453716285,1709.4788221204085,351.23972976080574,26.55974805210737,1686.9198337854286,349.88008869281316,98.70846092226465,1777.6113958853937,257.75608702655927,-75.283929715928,1671.6548452468858,268.4943796750766,124.8112818137901,1852.2012483611145,128.64464901648375,-129.66441771579127,1646.9149486460944,136.04893130694668,261.97602885098945,1837.5406350632709,155.91672761800464,-209.37445495650408,1509.2104305020343,99.92356234990012,306.43906892900054,1843.8640689954416,155.7867491266082,-228.18108672016834,1470.0249276334516,87.9567291443494,312.9689030451435,1835.8127322910227,167.37158772487192,-233.07425106662038,1463.8700390165814,93.68614240381706,296.92084431096066,1829.4033407817972,168.476775268068,-226.2553661099293,1476.4925170849458,96.11265909349733,55.61292370495179,1746.7974732933917,-45.1054979518306,-61.312187131167285,1688.670453385012,-41.58323812934002,89.88525387246091,1733.0323273195577,-259.4548497995837,-95.82771852228544,1687.0247878749772,-235.66116718094918,81.93312902463786,1719.2684192289498,-462.824723970076,-90.6998888067484,1683.3697612863632,-475.1742113161772,77.90238643233164,1729.5907583668215,-487.3588257720036,-81.96473681419427,1677.0275935323768,-499.6175227788983,80.50523719855124,1664.7053733929433,-510.6110373058818,-77.13873107229576,1670.069755628659,-536.9900236278525
35.18502269952765,1697.0557933035877,368.2832596116627,46.695002711356885,1702.2152985900493,386.23870027533724,52.604133116560924,1708.9260614648342,386.585141589377,58.06868617092585,1716.4437707145826,386.8017519165506,30.30888645441991,1686.783122460834,384.4651587874377,25.589544897030127,1679.8597271741455,383.11090241048174,24.7650868476179,1671.592457354485,381.00830010173894,61.11085504483181,1730.398799382742,379.0711776964586,14.312921144623385,1672.610103832744,375.0120841945852,41.991870977415644,1711.2124485583588,350.71380440230405,24.776584365277778,1688.8438918473562,349.78140530977635,98.06739673403911,1779.5400453563898,258.72254328604504,-76.73435597946178,1672.4102374834806,267.84826318429805,146.10495023945123,1865.043122494872,132.89545817636636,-140.5324397397249,1627.1656703433687,140.17912830960032,275.3091591962566,1827.6156300122184,198.29878692640415,-220.14121328546221,1494.059656229937,142.45516716908745,318.20041020061694,1834.1432904807284,209.19549638455555,-239.28858910583762,1454.6792102651389,139.73417541847402,320.9930241366718,1825.3944640988254,220.028181947398,-241.0391507869565,1449.7017692337192,148.61604822289405,304.05935148475174,1821.6967753154809,218.21463309553673,-233.5088608447128,1464.096554955941,148.97563917786644,56.49302498257066,1746.848952638391,-52.19536812306699,-62.181078977046816,1687.709708310113,-49.64434346774031,103.76876600545049,1722.382153859839,-268.60572912999174,-107.39856162742308,1694.9884761078756,-250.57259137134002,102.28543193128164,1697.9406227962602,-457.0501632616307,-94.38913947145001,1667.8774656777687,-473.9907722239228,99.38096113258638,1705.3471415396061,-480.79057042675606,-84.21242730839397,1659.7282936285328,-498.79600747099175,95.53991065314091,1647.5032298361095,-507.39597649677455,-83.70315561641416,1655.816172738532,-534.5263408902325
29.030386846626588,1702.176975743303,364.27617341802255,42.022542042613274,1706.1767577199855,382.3624682810197,48.662371298750855,1712.181857053108,382.70278300754603,54.88846658478915,1718.951946280766,382.9708212089606,24.855882864877998,1691.6844972714403,381.2377502157703,20.202706450263005,1684.563636944245,380.1916882357507,17.841858703637943,1677.1316008200881,378.9427836072203,59.650414455266834,1731.6070665603384,375.4427956218405,9.215782030030486,1677.6430416599824,371.81569896960553,37.6269846452782,1714.9605522202087,346.5496633395258,19.56926077477823,1693.5443327834278,346.0177021033289,97.9508569826033,1781.9590789052913,254.03520904838666,-78.51989130743034,1673.4914738132538,264.86713536899487,174.15123025886157,1866.5182229938264,135.6850359627482,-154.85968712790205,1611.9354074501723,140.48788216543036,278.99580465494864,1818.642018641428,234.47422208823417,-222.27481456601183,1490.6844058597956,180.84120080351622,315.6202129889207,1824.210955736152,256.03078868838105,-242.29396243731708,1450.2164793316858,188.97501815872616,317.362844456453,1813.4925426300672,264.5873418630284,-241.4301150984506,1449.2135461011728,200.9975129703368,301.0080468853273,1813.2925594596593,259.5653765652421,-232.6771926900308,1463.901258555432,198.16917015288993,57.85753849659594,1745.5066924596592,-66.16354793196044,-62.65138971376454,1683.9292185596958,-63.39589004378644,116.72886308783748,1705.3130610563253,-278.8602305894768,-116.1586516074192,1691.2480901051865,-271.7909944710915,125.10752795259833,1667.9458523476958,-458.22015589274594,-93.46404281827796,1646.3329242631582,-475.74949961023157,126.61705790305965,1670.0187395798812,-481.3015171566,-80.71217938966417,1635.7504531289223,-502.4204662729132,117.24946377674212,1621.6946636374707,-515.1203273965353,-83.90871582009295,1635.8417090962846,-536.3169937492421
22.50916524188421,1707.3230930532807,351.53876053710724,35.86481815594851,1711.2535674827755,370.34007103862024,42.92844641537223,1716.9374269406808,370.68116076767683,49.653427981092456,1723.0988040314296,370.82714242536866,18.380883708431323,1696.8052885823947,369.77601781395316,13.387352484701461,1689.8253475502124,369.32951955538874,8.987459361862536,1683.7149890722965,369.2713661133372,56.48236983093865,1733.93691026221,363.8711900504889,0.8896969656761026,1684.8018993421542,361.54338833417535,32.16558212424662,1719.1812139705348,333.5631586815169,13.533158888738654,1698.6193988891102,333.1593938635697,98.61564634763221,1784.4628899188629,242.71861696678167,-80.89053379830129,1674.330976468175,255.65414169514136,200.64868140557664,1863.1099882213985,138.73571657598916,-169.9002378659322,1598.3211377400203,138.10909121768347,276.74013879320836,1803.1986976556325,261.7646576200017,-220.39120502821274,1497.004230495321,213.05789676576035,303.09936771793895,1803.7808800814744,291.2989677014092,-237.5073482580372,1456.1425154924045,233.4959996509186,304.8312095065742,1789.2666625735608,297.1611207695634,-235.9510454114979,1463.9873385407486,247.45797873746181,290.3650524147396,1791.4056364036103,288.2002278317773,-227.44661683218584,1477.0540169283518,240.01675043749364,59.09490320504647,1744.3241602741023,-85.74353269201,-63.807546050743106,1679.9864983773407,-82.03075864673143,128.48736888079873,1685.8580082491258,-287.7700167461164,-119.08133274115862,1681.419292793455,-293.5223589226291,137.58623589093384,1651.0943384271911,-471.58864300544303,-86.11172667797885,1630.5143408474537,-487.01803874929055,143.36560503969355,1649.361867568001,-495.17162365543595,-71.02595299331267,1617.1007990814994,-515.5892051761969,131.5343486258973,1611.885172683997,-536.3440826398624,-75.06720251622042,1625.3802724257737,-550.7397236197697
21.702848628688447,1707.3279201089808,324.4641276161554,33.42031011132425,1713.0731137959056,345.1128213214598,40.03460307743385,1719.2565918573507,345.5268312378254,46.387246375693195,1725.496841066712,345.49398828613266,16.001617113000034,1698.0505396661626,345.0388442134335,9.850454884244558,1692.086376297541,345.4318325780507,3.5041632387333137,1687.591989797425,346.378112704835,52.254162483698956,1736.7626231469583,339.79483324260406,-7.053980077108286,1691.000795409429,340.25368481753463,29.86302625977084,1719.9914723902402,306.5200219906008,11.286917956314335,1699.5200092194025,306.28469397447367,99.3550443396616,1786.5435414637043,222.14026015730576,-84.11405324456248,1673.7104490028332,234.0421033759516,218.5622486704408,1861.3666290727137,141.7093417276535,-183.49727726001564,1581.4561833543125,134.47608792425183,266.60462884501374,1782.7308779143063,276.7093438065134,-215.64237082934847,1515.2688916833222,238.13941823600052,280.84029305864124,1776.6967475868473,309.37161081602,-222.7484160209115,1481.799869165676,269.41090655767294,277.9847003515313,1762.9808188496609,315.0897260993333,-219.37423778414865,1498.1533806848856,283.37790683313773,266.50389892306623,1764.8222265785892,301.9381786760707,-213.74520911700657,1508.8962082964492,271.26973837297425,59.398190933191934,1744.989493430895,-112.35832836955487,-65.74272576779582,1678.4465954602408,-107.85935305741,134.00067213554019,1678.4316619844346,-307.63908923454784,-116.34868898163708,1678.6680993757548,-317.63666569566203,130.25270631262063,1666.6180252632596,-507.1564469540641,-72.98944523141866,1627.2278200019746,-517.4446795554671,137.14203019945109,1665.2633179745942,-533.0967192225868,-56.79306625609809,1611.2672302343965,-546.5213008310284,122.33741993223059,1638.980331561664,-578.4936535432706,-62.03756788557118,1633.5179278947721,-588.8215292179364
28.34899384533862,1701.1019340945386,286.16713775326474,37.50595210228114,1709.45186324222,308.56054125066436,43.20099683072132,1716.433682257662,308.97554052822267,48.77942608001989,1723.0931914867317,308.7996597202555,20.04134765205741,1694.374844032589,309.36850219685317,12.242923524017217,1689.9603772119324,310.5853263244216,3.7929071708168864,1687.297712896732,312.21643614388216,50.54906534164144,1737.337160658476,304.36383685234995,-11.263320164760419,1693.6146218528033,309.33582834010934,33.02321469121253,1715.6985959841854,268.5548116008522,14.619311110583805,1694.8959737919977,268.70418081918854,100.04056361315806,1787.168393729636,192.21127080543766,-87.95936029896039,1671.0911398095948,200.62217658143408,227.04366200587856,1859.40248679713,143.42236318851428,-195.679434304382,1563.9595196534237,132.82353125619673,246.64829221309384,1764.879706677776,279.1502728659076,-201.76498516240815,1545.923774360232,256.0778122087354,250.142691626135,1754.0846259301813,310.79296495279993,-195.6674335818732,1531.269163276869,293.31267277682275,236.50834262724734,1748.9204000027237,319.62755034254866,-187.0583995726241,1548.3260965854847,304.8582543240767,228.59029182993703,1748.6602913202796,303.34590866652076,-185.29714166917643,1556.0927941724415,289.87107959914505,58.7298700203235,1746.9048626422416,-146.21473650088947,-67.80269593704406,1678.8421511534448,-141.57235923491277,128.09277516137078,1689.0304815191241,-347.82685087929656,-111.0389436110854,1684.1765485392027,-349.66128254815055,114.5270393585789,1700.1170816647298,-564.6629278402139,-57.15784303083209,1628.9519666841802,-567.3496659719743,122.05743226402079,1700.3628324120027,-594.7254866835293,-39.81911049464787,1610.2773917814466,-596.0602505596587,109.82688110077359,1676.4274465967837,-643.0556361610325,-41.06787338416415,1642.345155351224,-650.8579933230122
37.531445474532404,1693.1247047008528,248.87939747508747,44.85867956278591,1703.0983519629126,271.1435151574371,50.00718373850805,1710.4383115155135,271.3313841537301,55.29318637006874,1717.2334591218012,271.0421692613606,26.93440495665138,1688.8055181102864,273.15815809516425,17.953011729604476,1685.2641817405886,274.7415745175819,7.559626221455789,1683.8142960383416,276.62011947655293,53.17163803109945,1734.3083888142155,266.82587982485177,-11.652353042233,1692.4235158974136,276.00427704836613,39.41148035968093,1709.0373437564908,231.38442241579247,20.59551246513675,1688.4486211373035,231.6438497156731,102.7244786748391,1784.7441579898916,158.41199225649035,-92.24080512291485,1668.1653932757156,165.65509667554372,233.03596116315583,1849.564982835329,142.3172154133642,-207.05794463050304,1553.935299251004,135.76143441621414,225.85641945932932,1747.3806605746445,271.8488509483902,-176.12797354377315,1579.8843657448176,265.4382514923224,222.89474032499598,1730.0652158851449,300.6113480018578,-161.49518105611438,1588.3200641831095,303.90897864054676,199.29170470288554,1733.874918547943,312.02399548434977,-147.45714819714897,1598.4092943535968,310.9438185431657,194.1674557485982,1733.7682175835055,294.9385243674314,-147.86714717744817,1601.5239046804925,294.91138615483965,58.691848134286815,1748.5377467531885,-181.49371186546722,-70.17300257896724,1680.6150883240277,-177.59461255242442,114.69308172538987,1707.614411461795,-399.76498815257537,-106.30249724577342,1689.257540060461,-390.78497232715597,113.0382618241452,1718.6631738378962,-630.9224076451404,-39.905603092771415,1623.032410704062,-625.1316240830812,127.39629818480338,1715.500868248407,-667.1411705673052,-18.286733776510083,1599.3101559572656,-654.8034727831559,141.52913301946532,1670.743110098743,-722.6851674988175,7.4200298543021646,1619.4571371535856,-725.0097513621541
43.138713079830936,1688.1270818083417,223.39761690746076,49.98707856939101,1698.2162071547873,243.5957726713407,55.23386864297318,1705.420121619225,243.39353337738905,60.88977567904381,1712.0103807150883,242.98221684655698,31.439397618355414,1684.2536340233312,246.3370936082974,22.2274631231492,1680.243575258079,247.65037668911913,10.83003433238501,1678.6709051882985,249.29004417493914,57.42576391961949,1729.9348233407538,238.28106697908734,-10.87454389531773,1689.0877198511391,248.7215688942252,44.78204965338409,1704.2094657812675,205.59022361156025,25.0342592347314,1684.1964032349156,205.17390084661486,108.28052203512703,1780.0957924925995,130.13926614999187,-96.1313875022366,1666.985828282984,140.892831031874,241.4109801055889,1832.5156764223207,138.6626433602037,-214.50781272838134,1552.5765870358043,142.08651861145856,213.94826109416533,1727.0821885339553,260.5822063788963,-145.0469243755083,1602.3328109796885,264.97903471996204,208.64795848206327,1698.0498534339265,286.5125821123498,-128.23748123702694,1626.3218969268194,302.5723837575928,183.89003655421655,1702.5214364919552,296.27178657407865,-113.08050414535593,1629.434349953544,304.6972870375703,179.8380235861823,1707.4695464250497,280.4477757996834,-113.93321453946638,1627.2795754780543,288.1504725310056,60.558152507985135,1750.8474920275107,-207.83961903392435,-73.29083721937278,1685.514136863974,-205.49016154775026,103.46674206825057,1723.9157226457153,-444.12887236457163,-104.48944439428547,1692.8526709204011,-432.63863090428947,131.16051971173047,1713.6722804769424,-689.7318735710911,-20.62512757251409,1610.3752637882621,-675.0713800813235,160.08000672590072,1700.7808505164635,-734.2907186163932,9.569239053127314,1578.767502416136,-708.4366837049198,224.63396614496426,1614.5610275054714,-801.7649537020588,87.24604631129219,1563.1819475990474,-792.8204717230506
44.21266516258393,1685.9286777802083,211.21578766942588,51.20650411287791,1696.0063049836197,229.2778400341807,56.60674908007131,1703.1530635930046,228.81847013824512,62.587391452474684,1709.6877505014193,228.33822945644567,32.673757092430364,1680.3241252022083,231.6015371610699,23.802881292636023,1675.1879726972325,232.3492399293386,12.486395936884076,1672.712069550474,233.54654896286831,58.989711077069614,1728.2178395385026,223.98092578491278,-10.483545829576231,1684.7180264745907,232.3243502472852,46.98163775281132,1702.4245859286625,193.31863411461018,26.9133141914778,1681.4502459709283,191.74157796377975,111.29942371476498,1778.8075187365791,115.8818104939352,-96.44303074031953,1666.1783990892645,130.16510673004225,242.47322255200544,1826.918130675235,136.33939121423845,-210.69835574107395,1550.0638566349744,147.50469279111147,198.56910700759283,1730.450423171888,255.81568087745063,-112.46952948097739,1603.990500018831,258.1020425139839,189.40729100657143,1696.4303817187458,281.1607669369733,-93.76521069711225,1630.825007590387,294.107755221907,170.60299057145792,1695.1903384795028,287.0744638933118,-81.23121761177102,1633.036374142149,293.01241423252714,167.78959565842072,1704.3288266237985,272.2457941607733,-83.32294388979953,1628.4185738906126,276.0568903854332,61.9875911175588,1756.9599046418446,-218.30451025971496,-75.28028703250999,1693.056822393409,-217.5674652796814,97.08933814261474,1737.968841110102,-467.4153947137874,-105.51816459803015,1701.0650083790192,-460.9756356112639,149.55319412182294,1706.247243921511,-726.2992796325179,0.038844000644675525,1603.777956813993,-704.1051008456544,192.58628467131132,1684.317115890487,-778.5392969546167,38.640358922769984,1565.8761720529233,-742.3212070418894,294.8247407317621,1564.730361433398,-854.0318126905826,160.85673015987155,1515.4261136817913,-832.5674424375362
44.4929024932801,1682.88328384064,209.35340940658088,51.3466806752385,1694.3249066656263,226.86116840783413,56.43920898185892,1701.7327804069757,226.46492792188778,62.133098861203685,1708.576005695202,226.0684039038857,33.78922715698353,1675.4001865298128,228.057992257391,25.322651087990295,1669.5650949898734,228.44629221345872,14.525060459524648,1666.6222655244494,229.43861602933748,57.33331353323293,1729.8985777788582,223.26577148541907,-9.76368915604472,1679.6129751593244,228.50682919968816,47.36600091341478,1700.7912026041736,192.10101216442948,28.2723934609198,1676.788175829207,189.80864354895417,106.04403418238257,1784.005146021338,118.10754166723156,-91.65643136153359,1663.0962643465593,130.98756507486414,226.99276685426693,1845.3606882806034,137.98942846532103,-197.0595085404331,1540.8720056258724,149.52747447056765,166.3948800795472,1784.0122535360754,263.04906350978604,-81.31624327104961,1587.369768835149,253.45976363837852,146.91073637481247,1767.119757283213,292.338151336027,-57.30001424202558,1606.9334666694801,287.2811954120788,130.65770716995408,1764.3193077581232,297.7920282602409,-46.9544322558673,1613.962737493293,285.87628181004175,131.98265804633544,1767.8993139390373,281.45740868582067,-51.58181189662702,1611.8684976679203,269.2727479463579,59.835902703759274,1765.5216556326575,-214.32859349664005,-73.6420545276382,1697.3032567126552,-214.36304151024905,91.64774460646197,1748.2673980205138,-465.5866577237605,-105.7058044043005,1710.6276295651005,-465.36812219417055,148.65372818501558,1710.9704789187806,-727.329526680715,17.219128898727806,1607.4646671468283,-706.2651424969747,195.5113968130601,1688.1100034181525,-781.2050068411282,57.10110871740611,1570.2726461711172,-747.0198832813229,286.71461157137367,1570.4068839025763,-853.8645021616617,182.34258317180465,1512.8505620586627,-830.6633777058629
46.546646825743,1677.469673395507,218.94231691594135,53.37470289566454,1690.4499366309424,237.20411121949752,58.240452420361535,1697.6605628710402,236.91486274161525,63.544803832897585,1704.5035001526007,236.62151174220156,36.32517481254652,1670.290232252038,238.02442188652117,28.063603160298968,1664.6487772666044,238.50965041254955,17.417288523195122,1662.2136273110748,239.78168126536175,57.09150725084561,1729.4379264071842,234.8641391348821,-9.141494474097929,1675.702037399009,239.839037230193,48.70778547634941,1695.6572691376289,202.26237167399404,30.259442923822753,1670.2738627793078,200.53112345497735,101.0260998950478,1785.0552109435032,131.4091647415055,-89.73937661030945,1661.1428226938435,143.3480763919212,218.29772104555977,1855.337513714189,137.842634071102,-196.1100251659602,1537.8510788347885,151.22909395765635,160.03603686823058,1828.8897953279086,267.35150261322616,-74.14497390323665,1563.4661147154336,259.9845512680901,133.50886024759177,1835.2442839433404,303.16975292191955,-46.00657845290295,1568.7381588965536,291.77520071370697,110.12743580897278,1840.7433002865992,312.8930142861423,-35.331258858158385,1581.5027884495978,292.93768040432866,114.8978880319817,1834.4877490018498,294.0248727681082,-40.55297546114596,1585.6182707499045,277.56957727562167,58.09347651140416,1766.3827476443641,-201.0510100709872,-71.92694460173371,1694.8525588346495,-200.80053361146759,91.13929788817484,1742.9380664864243,-438.7610465442358,-105.84378610333773,1712.7840624780815,-446.25963091599294,134.15201131416097,1715.9157708388766,-689.3345636819121,18.610864677468587,1615.673357493039,-687.4894848445058,173.465990295047,1699.4315012682287,-736.8446579288983,51.83719798390417,1585.0640322268018,-726.7838731513154,217.23393603417267,1613.9886866106533,-801.1646276971538,143.38618825562617,1549.7744863200433,-798.3735214831726
47.98226973631034,1672.7886234169305,243.71467325813043,56.12711801182473,1684.2140309926556,262.5281070537472,61.63279582243303,1689.9066423418951,261.9844719829385,67.27063628628214,1695.6056466231264,261.529158450366,37.59840603639262,1667.8935889493723,264.55013428435814,29.095883659197625,1663.2678574874058,265.52131630051565,18.15676094735984,1661.6637521747095,267.36190000228254,61.29026115766513,1720.9608935156168,258.65683771270415,-10.386092048044532,1675.4638858586459,267.9065148569572,51.000205927020396,1687.696826406193,226.3473754665417,30.919273540621617,1666.4823912059774,226.41194037687717,111.8786289951116,1768.1667114862403,148.67910555497778,-99.90419207393525,1666.2892114530737,169.50332800922865,247.86370447326402,1813.1839048659353,128.56586215692494,-223.82904301142113,1554.0104798967982,157.06973315679426,241.01036768795515,1772.3897433642192,249.77849204684296,-112.73801102446942,1538.5241212723781,277.34914626990366,229.98745871926488,1772.9337641044485,287.9996238460875,-86.77128069901757,1523.9843132282208,307.85738613027274,197.95605697436702,1788.6598831826777,302.15215203652474,-75.0035655697667,1537.866757905535,313.04628496369844,197.03528442814374,1784.8565200967118,284.07267236097994,-77.11335891011794,1548.6902812899466,299.13548636660545,64.23152101022585,1751.6702044296278,-180.62766958748335,-77.69616870547637,1691.3412114312248,-179.32573913593689,106.43996522581116,1716.2691599962116,-393.51805815860126,-116.04439926476766,1712.6541667077681,-413.86032830685207,129.61517095982262,1704.2280278844548,-627.9965491992241,-7.353798561205798,1629.1851832766715,-660.8639625445238,156.8671105918583,1695.0532166739604,-665.8024064537019,18.4851382892639,1604.2089672480904,-696.3803043016642,160.01772215410836,1644.907547653783,-725.633986863808,69.44294253591784,1601.1166759769999,-762.2013178326546
44.54527319740132,1672.8859390754403,280.56652012423376,54.60367851049734,1679.5381736912168,299.10756219690984,60.706882003220265,1683.3774030233124,298.2811865434559,66.71206389885086,1687.5384536749293,297.6198712351762,35.057458013040566,1669.0961889628825,302.245382496931,26.28016149095017,1665.5916807849894,303.5996796089687,16.100521307740696,1663.539631370018,305.4890979770441,63.15143815766136,1709.6575809099397,292.4999896550492,-10.10969232761085,1675.8145755473456,305.03491983312233,49.581748208868646,1683.1230780868286,261.91046087047334,28.210810621269378,1668.1635360555154,263.29582622490415,124.77634325611899,1750.4937751726716,172.09241299072633,-106.98866540392387,1669.895889760469,202.55542273464397,270.3221261172341,1771.3122182805246,120.85030020286507,-237.0580574463282,1568.103837134112,163.24627870239996,335.0313041625408,1720.3904836620854,233.3179888805188,-148.6935263432666,1499.1637339039619,287.0562715376477,353.1044852581973,1712.1546384405315,268.8264579413452,-127.58108026047657,1464.337219528888,315.1135657151882,326.4964318019233,1725.5563949408156,284.59070233568235,-116.97594986463484,1473.1468101432017,323.2985005375988,314.5652719330624,1726.8640185755742,270.53671466301626,-116.41455211953838,1488.722210094023,311.1617157307221,69.91907386929817,1734.9754227021797,-153.65525958234696,-85.43849339890899,1689.4907537558713,-150.5434014865146,127.54044353632973,1691.2398112587734,-348.20556239554855,-133.34801809734626,1718.1802473949551,-378.50581768154353,137.91125680463648,1685.6521636315695,-573.249599445515,-45.14544938823731,1647.3368192174623,-629.386988056871,155.86353349002772,1680.2774884966066,-603.9995359902442,-22.34060284845665,1624.2146105217917,-661.8375780133674,144.39868935409265,1649.3465074789292,-662.1771564509243,-0.43526166332974014,1644.5664517253538,-726.8334501058886
36.387730631205386,1677.5579969509824,317.36568590071795,45.60211642076096,1681.3643995000214,335.9271764039936,50.04181053420323,1685.620228213724,335.7796065812123,54.30130800162293,1690.299989163189,335.7472304560327,31.05525705488469,1670.7566797597008,337.08068283592905,23.746281044711637,1666.7905557827626,337.82631096359967,17.47337304186051,1661.6212996739446,338.3042941577114,50.889895567796366,1710.61621269849,330.29114316166766,0.8030317374192202,1668.1610432248476,334.9662291022147,40.081667648866336,1687.5911302099921,299.25696837908316,24.007252398377677,1671.9195960228808,298.87773579931627,90.80217902709069,1780.9101873766992,212.0970791460272,-74.02953418501774,1648.6640575850936,224.839568783367,169.9229525211428,1871.0221755203013,141.5130235618813,-156.7798092402231,1536.54854793805,157.9415379108733,225.43090188331308,1985.7753197536306,274.4325094488086,-78.05949364779623,1424.1740451970738,261.8616817749027,235.53681319702685,2068.0519295934428,312.59934102163635,-56.49926224693489,1377.6702419712929,282.6240488181637,232.46133203868789,2063.2325652520763,330.0857133247766,-50.17079384093879,1379.6614248172857,290.96801204590173,226.13848730618693,2026.9758349901663,316.0096975175164,-52.55078737996571,1397.0688315932136,282.21543245796465,48.87102692560458,1746.0556586817336,-123.75916410251071,-71.65381621898241,1677.4382340460713,-117.88750165520358,113.2741549813613,1709.6256919043092,-324.71221814828897,-122.91280831287325,1712.207042099569,-341.78103720481755,122.71343365892936,1696.1484149675289,-550.9666902680434,-49.09718409304523,1649.217724673307,-581.9423111427257,138.11907299281296,1690.20312061341,-578.7020984908831,-29.626223977988925,1629.32093842857,-614.1209819620125,122.49713326297164,1661.6294990054005,-630.0105568039356,-19.8864073458584,1652.463518507544,-667.280902992846
28.6019413984163,1682.6415094363233,343.0194878717601,32.75803399040057,1689.4678504197282,362.93157208846935,32.904697451743985,1697.3327672511427,364.65658862616147,32.547919138204676,1705.8217188962958,366.48706043904923,29.91225242989409,1669.6372933970952,358.7279216523411,27.025046716053517,1662.5530220112637,357.501233940012,27.312585614787416,1652.4147087541178,355.30473042580815,24.570036780976903,1729.6049482153692,363.707708031216,23.614672741228798,1650.4240856884933,348.1108212411748,25.407802005998782,1698.9055210663473,328.26316868327905,22.013176691586285,1673.022493641817,322.74841586434286,-5.726369754961264,1872.855685883843,266.9462283334227,3.308277310581099,1598.9443409349458,227.06435311733395,-68.12567431238854,2133.6269385970954,194.56588245806486,10.669734218465942,1459.899035008505,138.14752002389096,-143.69309064877262,2622.6052920808975,369.32310606074157,102.64438406214632,1328.6337199956376,198.87388764403238,-204.40445014393666,2920.063084420435,420.41510742985173,129.3531774869496,1282.9953346947577,207.03008763253118,-181.32350667062016,2896.1273047848686,442.1607826388837,130.9620664407014,1281.282522598328,213.39751120295435,-155.0516676702495,2766.4751132912884,420.37502081978585,122.27362663223795,1297.7381405177064,209.9168040644787,-6.25565582010113,1791.5276510592266,-96.1480934062061,-26.413084640892947,1646.455083031702,-87.29535786788011,39.71403756056006,1783.0104264348452,-328.8635326913336,-59.06577219795586,1672.7385950969542,-302.62204666455597,56.02689029343507,1753.476803451417,-562.6455433855382,1.547837490509441,1618.53323158776,-518.4324848687662,74.75976479493204,1744.1688033869475,-589.583161354039,11.224408931301046,1607.663003987891,-552.9350552429117,51.46646816524748,1708.538457940468,-627.718359712709,29.64981025447966,1611.5312085504445,-576.4670843426154
24.889617868551266,1685.2899607894685,356.3022601211135,23.66823493404303,1697.6051648996192,377.8949454646238,19.452200488281328,1709.8169089189175,381.5418551703412,14.18995044563675,1723.0402470416652,385.4155028290589,31.226827891640653,1667.198215538448,368.856017592279,33.44405864617517,1656.1992122515228,365.42760013615174,38.74157027854937,1642.516143199979,361.0382255822863,1.500230722641985,1751.6257126306173,385.2218835526668,42.72467331754378,1634.6017388572957,351.17329080646107,14.238496759251134,1708.6681733713863,345.24130425473237,21.989745105188508,1672.1848560091494,334.9915339986788,-93.83049526475011,1955.9385219987341,310.06667469515173,63.875968678121666,1558.4158054992627,222.44276139636045,-259.08794644799286,2340.7142666571362,237.66286250131492,127.54221772393893,1408.3248283408752,120.51202481890283,-460.2216623432835,3122.1981385743516,412.29453684570325,220.36133360256696,1276.8280918751575,135.48344083661138,-591.4584022918754,3589.550034176035,469.3985261294694,245.4375518059934,1237.263553594141,131.40520624200437,-559.1058845122052,3562.6691949665937,493.9948520618388,245.13288072517702,1234.380117041383,136.07409389030818,-501.38269201737785,3357.240206253801,466.34592729360037,235.00176587447118,1248.717203588818,137.3582119148186,-56.32396589090459,1832.8012681970597,-74.02644890516429,17.886913186741026,1615.1170994250472,-64.04514466102381,-48.97039650129769,1861.4684614045084,-342.81359478246065,19.654202507024532,1620.7561093423606,-270.4322820925534,-23.997660775201886,1818.11019337953,-580.7728697114724,59.137207321667866,1581.8252506386016,-467.2958363757095,-2.9285402130470803,1806.9895001984155,-608.0025670047655,56.762455799044396,1581.2138902721265,-503.6846608891845,-29.971120483242,1762.4550724839485,-634.2010292386145,98.10599203869683,1559.175332552852,-498.53526179033395
23.953599634700012,1686.4506508290833,362.44213248715704,22.058509504477133,1700.5002588231214,384.13425773602955,15.760966145668469,1714.9549107078699,388.5999910361246,9.106929523521703,1729.914479924842,393.0648708851084,30.428705815408687,1667.5988180974032,374.59831974959735,34.14979375764466,1655.3540263168857,370.5380299484413,39.03992631469041,1642.1633695395158,366.0933188826182,-1.6581953295025307,1757.456571681407,391.6041669622463,40.690946328750016,1634.488436809986,356.1672699765101,11.72751143844488,1711.5179303703694,352.3475941902393,20.01497754888687,1673.6337423275907,341.89064301779274,-86.99811005259258,1946.8295898902736,314.32162027197194,43.79834943182921,1567.157653992313,230.29937403848874,-216.17417878381892,2270.7967252904964,225.05897200707403,74.95734439918336,1443.7792298469797,123.20537588386931,-376.220198011397,2952.469680289861,315.132036068158,117.13612581813688,1315.854842521515,110.10102754019816,-491.23114012129594,3354.4550322083333,351.42390706625383,126.53589608211851,1277.2454337422337,100.06166698475204,-468.9079012069461,3339.358878497627,372.1834196021676,126.60999408694273,1273.036147377204,104.59166327024703,-417.8934527865145,3160.0567216428394,352.22717600448897,123.08015672700292,1286.9125852740412,107.60020263673432,-54.364696325464045,1826.6967185031888,-59.10398269543659,17.46977699246464,1612.9915977104854,-51.33437385056684,-80.42839701290855,1880.8631989407318,-343.9464669805891,45.215630168583516,1604.7246858513568,-259.16552437737784,-47.79693232386021,1829.5019892800863,-574.6229756729509,60.66192345798288,1582.4416832176705,-457.1625111348327,-32.72382728721156,1822.487071197528,-602.9235380633643,54.33033766197727,1584.9906078722863,-491.71819734751267,-49.2912518494779,1772.2637066437192,-623.9374660060421,111.13290363034719,1552.4772688090027,-483.32340147002606
22.97046218408428,1687.830627199669,364.9045187653034,24.967218380543986,1699.0978455276095,384.9080270662809,18.64026091751649,1713.5719420104003,389.16635600855807,15.255097297758702,1725.9832671464662,392.30907690558536,25.696847251790217,1671.5621302692998,378.57020889040564,26.23365713460821,1661.5426566080823,375.7927664264778,26.296092104377294,1651.8436141502907,373.1317311909702,12.834318902077527,1746.0138334828387,386.41339419772675,19.732018048014993,1648.477136840201,364.95216925712043,14.765042478843021,1709.7199351803001,353.11531130125206,14.753419695503394,1677.9391166244652,346.42761529964247,2.956353114601212,1858.2525008802002,285.85536396250995,-39.00901885263503,1614.7705810300727,250.25379125813566,0.21994198046817104,1996.1193983288656,165.84133687276483,-90.52298100994845,1538.2268571782952,140.03971541453237,18.871412938902274,2285.936734606237,133.62298960498984,-130.5063856071164,1410.3620163340436,112.8743359625813,-4.846653994116039,2443.965213501181,130.73007577314215,-141.3833109405507,1366.5038791686447,101.0164061744192,3.054090681190317,2439.8166148828645,142.187186558392,-142.01493145560588,1361.692413627232,105.91316381618958,14.69428347230135,2366.143770064628,139.84303066699303,-137.47873900583923,1377.9003251030333,108.50022157142287,-5.8125625109852095,1780.0668185234263,-52.59867758249938,-25.639083388906954,1640.764892363699,-48.96508766129782,-44.08107493197278,1839.678537434716,-329.55293748186085,8.48456069959899,1634.6532017715049,-267.5919463272306,-6.052562373549255,1783.2609048615304,-543.4641629013631,10.711672323978709,1620.2969187592955,-478.76628089818917,-4.183528024831533,1785.3439818837112,-573.073609112481,10.897120088449881,1617.655318902959,-508.42678713097035,-1.472250539592185,1732.4807372899068,-593.1633107373943,60.49699304377306,1596.3708288292864,-521.9724982957875
20.9739847420289,1689.2789687816066,363.81261266138324,27.101559204765117,1697.5069139983318,381.9003018328183,21.67682254952719,1711.2481515971458,385.595749995107,23.67592770463164,1719.2883113872304,386.60532915670376,19.755790399936192,1675.595664215688,378.72719333983804,15.950569966325933,1668.4617338177393,377.58054913039666,11.338966714205869,1661.8679052542138,376.6802866746355,29.299809094668532,1731.6562099177102,377.17724759070825,-1.5393043348510989,1662.1164940237863,370.0672444747067,17.07899055808359,1708.1571057418375,349.98332692864057,9.288211115321845,1681.1721952716568,346.6938245944076,83.07048938374585,1780.559574827931,255.22217630152835,-107.16556269359666,1654.205432638603,263.9452994274685,165.23349384338874,1783.7375782421345,109.40915260983223,-211.7790130285473,1610.7772578530712,146.01232719311056,317.68394670815286,1775.645964142672,-0.4901961383210036,-305.2553031921222,1483.5872994115502,100.33443677790949,365.3374618217017,1748.7732425504487,-32.87066816523853,-325.573623214286,1435.972400898672,83.5097955873234,367.57643237573745,1746.536988818893,-29.656577828662467,-328.7491279827442,1433.022759859492,87.69115991848996,347.6463585878631,1755.1195450875002,-19.145413022248732,-321.7521525697126,1451.6331511223884,90.80587731886521,40.156639555902494,1737.951183653235,-54.448726977403595,-66.80881162619627,1668.3890386830835,-53.72727108445242,3.2241225575837786,1793.37279102871,-315.85025969763336,-35.97620252144247,1670.740066063728,-280.1128759906831,43.331444083741964,1732.5949784634358,-513.430851681195,-31.829750157207094,1652.3656411509933,-498.0953324074464,33.63080475424833,1742.8953662075342,-544.505663772749,-22.66990591531061,1642.7002570032193,-523.655903016739,51.51259013369313,1685.9460386779,-562.5282050012369,5.768724146422158,1640.1971650399626,-561.6417439448936
18.194725192357488,1689.8877618466781,359.04814566360443,25.964584261432382,1697.4234571894194,376.0586189057552,22.351767606358518,1710.2433807350762,379.02019887077074,28.43480495816185,1715.3263137862928,378.43711864681654,14.922706954756578,1677.1454500197674,373.86373351433616,9.159202112412794,1671.0001100933873,373.1795426387731,2.997676617799212,1665.1880626836407,372.6861807345498,37.56611167481125,1724.327463678082,368.1578047484274,-10.828790143032712,1665.8571821187702,366.27546705639236,16.343945018108442,1708.0289070399886,343.7857694809507,6.250795037728527,1680.8239329921525,340.95889869558016,100.2477929388503,1764.0029228189692,237.65754044214205,-120.94782421339325,1661.390496357933,258.1668171643049,176.91764940648707,1755.171264543455,80.87086849925042,-224.2812800207422,1626.999097481018,126.50092346632259,327.155318499419,1713.7157013013075,-41.83933159886505,-317.825220132249,1509.0837723760874,52.0719060893541,377.1904580785714,1671.9753468025783,-81.63650429954345,-335.1776879877127,1465.3332451937317,25.263692180522117,381.7930493196775,1667.5671554306332,-81.43902787789527,-339.0485537822993,1463.960088622989,27.493151539779102,359.3135184541562,1684.1978805145422,-69.10874171867911,-333.4142061913974,1481.4056825845282,33.142615388248814,53.643776230491504,1725.1662756813537,-64.34110581691854,-77.20780382154769,1673.7603841829996,-63.987112502657006,18.97758560472373,1776.2684049180052,-316.40731234374596,-48.380146522349825,1677.8461140414756,-288.25787291518765,59.22948805353359,1711.3162240307129,-504.38017830749976,-34.72039555763482,1648.1088683628295,-501.91707238651634,46.06564070933968,1724.3458191267664,-537.0550020288512,-21.63671038891181,1635.2334118549015,-526.2565188437679,70.29835285878545,1659.925126173926,-551.6364722442158,-7.736097722601124,1642.2388561810185,-574.708502796957
15.752750795561532,1689.162624348465,350.2428340389631,23.386427825226242,1697.1423910570295,366.75311547469624,22.72065819162199,1708.4674139185809,368.63931667021063,30.422923997792772,1712.8680786276602,367.36947459695614,11.11555291242552,1676.9948390715886,364.4959315147715,5.524750002302807,1670.4747693948887,363.3246955802754,0.03383755381364428,1664.0053852198405,362.2521682029338,39.78723013856467,1721.384034421738,357.08723155375145,-11.991720553957586,1662.910458801786,355.03411924380885,15.281385425914584,1706.8878821956516,333.331990471734,5.11403618214572,1678.4960323634518,329.5955944260414,84.18694663921204,1777.7997319156757,222.38661325788777,-108.01575815837221,1652.8630214409618,235.90000816757842,123.83297759842114,1805.9004387836542,63.16451174016354,-190.55670407296515,1618.4645270468195,89.1220156724024,213.7012398077158,1833.0681818212577,-49.971440314454924,-259.8925773543704,1520.3828207645256,-13.197759992848361,236.69542469409777,1847.7468040332262,-86.13132925021661,-273.29554812043824,1486.6988714416614,-49.2193238827307,243.8401661080532,1842.5116360726106,-85.35720691956054,-273.05067958922433,1482.8058705924666,-49.21313174822562,232.36854563714354,1832.8976269727475,-75.5208812334347,-266.55049983589424,1495.954253047682,-40.79926159446987,47.643388626741576,1727.9030385650349,-82.86373568149041,-69.53226694200032,1663.925228158646,-81.72555899299732,16.09992728088796,1770.9537510108682,-330.3717646098303,-39.54003469746456,1658.648981348876,-297.62772123699,57.51198324971484,1701.1083135948236,-513.9248194090835,-16.873670540595842,1616.6597255475806,-506.98675574119875,47.902668963380535,1711.552849375109,-546.7122475215352,-4.75937886622684,1604.1727317607724,-531.8929326529235,72.74568329050116,1640.9485962185752,-562.1211188437181,11.037970962604629,1607.3521538844498,-579.9543363251234
16.344531270242683,1686.2308985221787,335.3088125340914,23.456478320899457,1694.2315697639026,351.69826723492326,26.02733899914422,1703.4792865850927,352.3365524913259,33.86336051851224,1708.156544111774,350.90317483990816,9.066049824042967,1675.9401296019596,350.3154413330693,3.3803954887043206,1669.608820332991,349.01546605911795,-1.7240946790481007,1662.864104765219,347.6304513520872,41.62257898969834,1716.7465375443053,340.35448400288607,-13.380247358815481,1660.327728606769,339.8641383172433,17.47752020411168,1702.556846042585,316.56339146247325,4.949359837216157,1676.0995484066048,313.0528475846745,77.71917697663436,1779.1969278841673,199.34074349664354,-104.32784433189585,1649.9376302135884,208.3785011733257,104.81745635365611,1817.267770319977,37.91455164538411,-176.94421935363368,1620.7253975001531,50.41918141285897,167.8250115329489,1847.6747015905787,-76.72154328440087,-230.29788453508866,1546.1837605727897,-70.06251017917222,181.50229958183942,1880.1368596285222,-110.68038075302925,-245.10144152708094,1522.5028745549637,-109.31875702143356,187.5290328301173,1874.7020128621937,-109.30073179572305,-238.61176245518806,1514.179592142471,-111.12673401662401,180.8993792342975,1853.3274283351423,-99.38744413932403,-228.7105173984331,1524.2351921218562,-101.37817036655454,43.737986071551944,1727.4906519822484,-108.32481489286923,-66.39866173351359,1656.5662780521652,-106.89894423682843,21.867904138322153,1754.2160947103055,-348.775107173195,-32.98980531910904,1634.8584039217858,-313.4096072283962,65.1993987091152,1679.8354885781873,-530.3592893491416,-4.314114138591907,1584.5512453959914,-526.729787144164,61.659212263591925,1685.3523833995828,-559.984292990878,6.057789724145851,1572.9966058941343,-552.7092791328243,83.52361645793079,1615.7603704898188,-584.1811457924991,33.358172586704704,1566.2584217190192,-599.358214946982
21.817344826845133,1679.828663500374,313.89449770891883,28.41458745351065,1687.7347956911801,330.9925133882704,33.26685159519338,1694.9939229350266,330.71122645981717,40.725717232005024,1699.8023288228069,329.3858924337773,10.926475764826842,1672.3616668784036,331.5698400202764,3.811452239829731,1667.308982057173,331.1298303351403,-2.435182134015811,1661.4082934202895,330.3592289304038,44.26389890315931,1709.7667900546708,319.86532628158074,-16.399127138103317,1659.5476164891297,323.26918572789623,23.467497952486443,1695.1193480748545,294.55552735196596,6.329320431912848,1672.6431074347333,292.69356619304244,83.62568859595858,1766.509547042369,175.74241460707535,-111.03365634697653,1653.366984190682,185.55007869111833,117.04675861032844,1790.4070316277434,11.699880314139312,-183.12609980642156,1635.6242066077116,22.26180823704857,184.3359071891506,1779.728991505951,-112.17522689598135,-231.54439463659955,1579.4678249509025,-108.95550914553186,204.15282570546182,1796.4001843719177,-147.09278863281193,-248.30504015296634,1560.7152167320357,-146.86678330551874,207.15433769549554,1789.8713274847362,-146.1283017580755,-238.6887255914682,1551.7549932448173,-149.99131445147748,198.00485065936306,1773.547706414544,-134.16336080129943,-227.62722077784082,1562.5620220333278,-140.07043763770017,44.833259380126215,1723.8368591343808,-133.65126177271577,-71.21963074880586,1657.523727454158,-132.61409024977232,37.71011287285807,1731.8342763840606,-363.7781123705293,-33.21380730936135,1621.2253112291294,-331.3978880034429,80.07752835249902,1657.473397145075,-546.5551062315578,-1.203521107445388,1568.1592397123645,-551.2995975897592,81.99029357237015,1658.4736554984806,-571.1668196743904,8.71180103899142,1556.635097378569,-578.8136943688975,97.7451096146184,1596.6491735384104,-608.1738780821256,45.00853803288565,1542.1310133944019,-625.953276615939
29.827522471853694,1670.3326073676265,292.02862613606834,36.105595824958336,1678.767370336523,310.5066889299992,41.948852993068,1684.7805099795821,309.8823162482001,48.74316773422403,1689.6711871913044,308.89891945344954,16.507538824129774,1664.9939828993315,312.7507073147121,7.547114838978569,1661.3317580953915,313.5311438002084,-0.7382223431097318,1656.8173790002681,313.8572731323583,46.003635107772574,1703.5402647779667,302.57790823902326,-17.9000545599148,1657.6822087823984,308.338756488818,30.565021996832456,1686.251030867087,273.8842761641629,9.411863754972897,1666.5016867360102,273.7385609778576,85.86362344623012,1758.094096860822,163.10151957388595,-113.46012180615315,1654.6783056868624,172.53886108284956,118.51008637588615,1775.733226846983,-1.208622276393171,-183.96203167024765,1649.7845537882586,8.622558589669822,181.57058105102058,1758.017359781935,-130.85587587954006,-227.61161996339675,1603.3384622435674,-130.43773779541044,201.1040981270809,1771.015264963807,-167.44054045355122,-242.0838703618239,1584.4974672044727,-167.36054886740976,201.85841763293465,1763.6041577566796,-166.92864028890028,-233.34934600251427,1579.235832630566,-171.14315014175028,190.48218729977143,1751.3126956027547,-153.93112765931156,-224.77531994576873,1592.4157072004057,-161.08402077334324,44.597753592766054,1723.7979280937084,-150.2775282136171,-75.5893803089901,1661.4248227559444,-149.7435077943007,49.664749544891095,1719.6881986815467,-372.00642068238733,-35.13887135370635,1619.7084671639277,-344.6334892182108,87.15641866618334,1651.4337380149295,-559.8670884948682,-2.041979128898737,1567.4713522801562,-564.8490778985677,92.70746825038688,1649.6474321745648,-581.3234729367159,7.82290689574713,1555.8585649698366,-594.3518335102974,101.970187021989,1595.8812923829485,-627.9698865905207,45.332249412245076,1538.5590047539897,-641.1398679733079
35.71225676345102,1660.882301945065,278.5707902667764,42.199022398555485,1670.101192373098,297.92620586275063,48.28325579769549,1675.7033191910562,297.3086100890449,54.32150032600899,1680.9289229243627,296.675635060784,22.29169327944101,1656.211058918013,300.65535740042316,12.254049835741569,1653.2223871484755,302.12691869110495,2.342418776113486,1649.709298575807,303.23514306469576,46.36404328117698,1699.5874593887224,293.68674443843554,-17.054642016323733,1653.5381102769954,298.909395503954,35.613327344715735,1678.245507630187,262.14286073646446,12.636889698896027,1659.0578743119038,262.7961693361933,81.50714810150959,1758.803647416885,162.1399632102997,-109.20292512397141,1652.1782213189977,168.98718540981022,102.27582425651859,1784.6367558672598,0.4206302066156364,-174.86047694261765,1657.401800114139,6.560087649893468,148.52803097965835,1793.2133524115739,-131.29730988782032,-210.90287805496976,1613.934154323148,-137.11049031742675,158.8520221676917,1817.4999607205184,-169.63270863928702,-221.09690105834386,1593.6199161199243,-175.37261733629254,159.02787465003246,1810.3185545756173,-169.3020937141604,-213.53122808676392,1591.0964101249974,-178.86830417736374,148.57351894508218,1796.6998537850839,-156.40140786243697,-207.40386747663896,1604.7395638135629,-168.31549324967304,42.27016319291668,1726.9760768845822,-155.27749554157182,-76.1589754137026,1663.51815983967,-155.14877332862122,52.850712308067166,1719.297470546858,-373.9509696248793,-38.51427970661552,1625.677704452165,-350.87256215937856,85.83717127490529,1658.9873191208148,-566.6143800798335,-4.844464646844028,1574.9822649281382,-566.280551728015,93.17629393642925,1656.2255665017262,-588.0182763820939,4.352985561949132,1564.0111783097052,-597.5932041946663,99.06011479756751,1605.3504686758988,-638.112343188053,38.99353052914148,1547.813145083685,-642.0794574643913
37.73810249431426,1654.9838418265201,276.17109975741243,44.705505861811076,1664.4518008882812,295.2599329582439,50.8023844629338,1670.0829263610713,294.6764938650173,56.2926179391977,1675.6891468507688,294.1399361685861,25.381491995038797,1650.184458180013,297.7171613813761,15.222202718037492,1647.237484665678,299.2283971113698,4.6710492963030275,1644.0112411385437,300.59256184383116,46.17050171048628,1696.9438906114515,292.3071965599878,-16.03117144298259,1649.1980898195961,296.4583110975486,37.6186106098373,1672.948472752601,260.65068313972233,14.498739291728207,1653.770446899439,261.22840064799635,77.81963572003177,1761.0312432030753,165.68675599433146,-105.6326043540594,1649.449262201293,170.91864477754223,86.89928652791512,1796.85936470932,7.897732479335241,-164.76971882643917,1659.739550215123,9.929933829690569,123.6502219254889,1821.6382405390232,-123.99220443852701,-194.79877757786275,1615.9669475683456,-132.84931589899014,127.29737518522826,1851.3173612260928,-164.1336219563953,-202.82424279283165,1595.411816700984,-172.36875505082233,128.11170013798707,1844.4551643583022,-164.2795124715301,-194.4766521501593,1591.3334779496954,-174.91578873880013,119.53179007472548,1829.842178926445,-151.34134723493653,-188.12269717712564,1603.2770143586888,-164.03937752467033,40.85392055547159,1729.1376752377837,-152.48856532502836,-75.76068462363766,1664.1854254276075,-152.872872684367,53.11626585885182,1723.1721658907659,-371.6698457714786,-45.110353668609406,1635.4051136622181,-352.11287033507546,86.4091424659892,1668.5484781367954,-561.3636690556882,-8.386983972615914,1586.2521204780603,-564.486949379968,94.600948998825,1666.073584679914,-583.06037191952,-0.04359410965763766,1576.1915281645493,-596.516312616501,99.80705960813303,1613.407908346322,-632.6237563998009,33.66173269938207,1564.3533898453143,-639.7485126352311
38.001641331728095,1652.990848608961,279.3652704722612,44.989059104882806,1662.191133959765,297.90946722124926,51.05531753726826,1667.8456943985302,297.3556126575237,56.236440868883385,1673.5886268543716,296.80211501577287,25.90586263598048,1648.3151386758484,300.1465301725656,16.01291989062386,1645.23897422859,301.5402496331299,5.411164522057456,1641.9312578477247,302.9750556264535,45.87920665709285,1694.3895304584237,294.28441715245737,-16.61357378124313,1646.9205053876283,298.8087507333898,37.86423131395679,1670.377487230539,263.9664857089111,15.04561393697671,1652.0010666578385,264.19443787669525,77.54871609783739,1760.2584251332228,169.1160494981764,-105.907614660543,1648.0285567544815,174.64464412911224,81.45596872756988,1800.6568057166762,14.820518466939374,-157.33292270490807,1658.2677946217666,14.87092781947185,121.33450785417196,1821.6747992324795,-113.62600976309628,-185.54409637902992,1613.0926538816007,-121.9958208992876,125.45608614407301,1848.0814497927734,-154.92083558210885,-193.89149685517765,1593.1157389569453,-160.36189998763382,127.28775002663556,1840.936346242023,-155.7555202803947,-184.52801325468798,1585.7756988726403,-162.16145585472853,119.38148686326032,1827.3497499135308,-142.68109393606338,-176.67980852131086,1596.1449558358267,-151.58736005928145,40.67044516321417,1729.5824036862887,-146.8742904165561,-76.38851068040388,1665.5378808694743,-148.19013343294446,55.188127119901935,1728.1213807936463,-366.6183152216544,-52.989707536548714,1648.05500143342,-350.69038829182915,92.56255437680616,1677.4659928623976,-543.0723580230003,-10.43709080381745,1601.1829698571973,-562.5838677815664,101.70564495330659,1675.6730352252266,-562.5835065467268,-2.504560860321508,1591.522284671862,-593.6341198453637,105.36675441515612,1621.1702889086873,-611.2654291435994,33.65237085827127,1586.9730483870737,-639.7103685197975
37.91446731579743,1652.4163096258956,282.4032157574491,44.36049952532592,1661.4124954039771,301.3104303855855,50.48365276132769,1666.9281758272823,300.9649992602639,55.54966422239632,1672.6226977535985,300.6736453818444,24.61687733286927,1648.5219852154837,303.5152102710757,14.92449227996894,1645.368142767841,304.9055088723835,4.442015991040314,1641.9183118226833,306.3708367123548,45.40030483284566,1691.6898517953232,297.47853504826907,-18.820464858247554,1646.7378902847881,302.84261275928526,37.57843511428869,1669.0522733570165,267.04873581451574,14.605441493556452,1651.9872684204909,267.17089099288944,78.05529422270918,1758.251348287177,173.47366442375977,-107.70699903095718,1647.251509853038,178.8586841355651,81.21649041326565,1800.426366858635,20.953732707912174,-151.28725082915275,1654.315185752807,20.94220628758775,126.22376657553188,1817.7412064315633,-101.65599908752381,-180.46485230553785,1607.5261151091906,-108.54612658998856,133.34777066821653,1842.5967639966673,-143.0790616083123,-189.76039735397308,1587.4771288845623,-144.34181598481757,135.87705631644906,1835.6825545344175,-144.16850082986232,-181.24101081890217,1579.1942924753673,-146.13088948157346,127.40722820120357,1822.6576354370122,-131.52994996490193,-172.59687119293733,1589.2226418095997,-136.24750486246197,40.123290966510794,1730.3195713540845,-139.9965036457828,-77.28779675331789,1668.2086517647813,-142.85483376748797,57.95271986828168,1734.3015151068466,-359.62459069962034,-58.69680486635127,1661.830555792222,-347.1685466555386,97.78771021872613,1687.6421653461257,-520.3871570984246,-11.776748828427792,1617.9414493099152,-556.9750417070908,107.80923926256855,1686.2246911247937,-536.3444395135416,-4.307978439133457,1608.518867836598,-585.9921386712884,107.69960218979213,1633.0189419149176,-585.4991001892681,34.4887545247876,1610.8878113917224,-636.7900021670116
35.53610910712322,1651.803800077561,285.44076059358144,41.64747884670592,1660.7892774394797,305.6024183725181,48.05241284709118,1666.0972480686296,305.672210929924,53.339352026805244,1671.7609422677606,305.9651868847205,20.739065936557278,1648.8126196824273,307.44320559737633,11.256355974108677,1645.557199873805,308.6854382714318,1.2188246332039856,1641.7749910420807,309.8586325937891,44.462563476055834,1689.3021495210614,302.7270407113658,-22.016738803584985,1647.3511696487665,307.23068082389074,36.06631441296743,1668.2268122153835,270.2687679856989,12.338512733657673,1652.077110111349,270.48857743565713,77.64998579781702,1757.0689816012564,180.93100265892292,-109.63234879542044,1647.3276256428767,183.48396837762058,81.0031825534673,1802.0379090001172,28.691908220999927,-147.19694998369795,1650.2673054488614,27.667904555087706,127.0718912161971,1824.1781849657445,-90.7463329475919,-178.62458727647643,1602.5709841358287,-96.6173646846171,135.77496207022563,1851.2211915426674,-131.67441168153297,-188.78150979689127,1581.4773080151285,-130.61283678492367,138.65470104869814,1845.8759250425023,-132.70794033399778,-182.68720873784187,1574.7850715771017,-132.89810350591074,129.36518111786162,1832.4559498411502,-120.95362139833875,-173.73460421522506,1584.7386457138732,-123.68225800147786,39.00630626112129,1732.179614429631,-131.38357723223143,-77.51395241340686,1671.4611850360775,-136.2497827942228,58.56909239227976,1740.0258164300938,-352.0323477767544,-61.270938254270106,1673.124364090877,-341.51611495496934,95.42550565394123,1697.6115266454672,-506.2176812595411,-15.347978911644638,1632.7494067565258,-548.2028891138988,105.13404555558303,1696.597970939075,-520.9105737760195,-8.984296287527767,1624.4320647360105,-575.9684097286978,101.4167547400235,1646.4226858006748,-570.9709558614937,29.505812090806096,1628.450632822718,-627.5631396675328
28.96395304468022,1652.1583372937432,291.26801867405896,35.46338027084291,1660.979779486028,312.56918487429266,42.29141357789622,1666.1169768343202,313.00695410045245,48.132093806267505,1671.796603552718,313.7878340783591,13.944148690336736,1649.2733463966806,313.3873683250787,4.960278009743784,1645.7662488043081,314.0713607045434,-4.129886966080193,1641.3430870468242,314.4903002042343,42.554670678640676,1687.7066228253525,310.3208519939669,-25.650934760188285,1647.8942810258488,311.9327329546259,32.00393974758371,1668.4910099050373,276.1154695657128,7.505514185806647,1652.6018202605196,276.1994986354932,76.83957134525374,1756.3736668917745,190.3997343195668,-112.39704876652134,1648.8837958736215,188.01481837562557,80.85059379647004,1804.8386503857819,38.775584838220894,-146.76312872756765,1647.848790723011,33.11406513780677,128.33630513110174,1829.944809939859,-81.63147844079614,-181.84111049458022,1599.7706244521669,-89.0591578771492,138.0755653423373,1857.631325431558,-121.8357214805964,-193.35927278239686,1577.45003494,-122.3675561211388,141.67650051023213,1853.6656959046168,-123.3020591080181,-189.77510057764255,1571.9238291854151,-125.09313123592226,131.75787348523042,1840.6036895339143,-112.33805632651476,-180.1874861832368,1581.1785183575894,-116.5455562698728,38.261251638286886,1734.4119965416105,-122.00881526350307,-77.2513314289645,1674.5269562455223,-128.90396427516555,56.60168434609655,1743.8826618123094,-345.64118438686535,-62.04794750312688,1680.9376004171027,-335.3122337941019,86.27019096094213,1706.8027368464755,-506.59860739512465,-20.446819981364985,1645.4772695104368,-542.8341495459265,94.35157509151266,1707.2273991363452,-523.6693594858797,-15.058621826591287,1639.3105678615527,-571.1642066878734,88.86224278906619,1658.553043058468,-573.7853845364025,19.95814461399901,1638.8107811208445,-618.2859623056816
20.333761557884223,1654.054248030004,299.0274244683863,27.49321390879423,1662.4943819612517,320.7134030982578,34.61397974852512,1667.5370790638058,321.2484191976126,40.950145449389744,1673.1897244690274,322.1105588603833,6.531812630529089,1650.274362147685,320.2892827954463,-1.7061440840380464,1646.4120307839028,320.23160616931784,-9.713128650595372,1641.3389321693612,319.81111267253436,39.35969525417639,1686.9450902878546,317.7650435912469,-29.007009242378526,1648.0920383652517,316.34560033636996,26.143914153417878,1669.7897154657296,283.5988199351964,1.3913394152583805,1653.9967255093215,283.2243089590681,75.9529903155663,1755.387781749698,198.23845899355788,-115.77672299538904,1651.0612814978622,191.49208339666646,82.89299818374008,1805.3958532302822,48.93770293201098,-149.6118082876527,1646.3560605046187,36.03418322397062,136.9187291377947,1824.5967007391946,-72.92222767683225,-189.11919027068456,1594.8642872823336,-85.40803446408894,149.06168346649116,1850.517662344914,-112.07819936072596,-202.61484643181993,1571.7459856403311,-118.1954337563764,154.2915319682274,1845.4649008099002,-114.51697389506201,-200.73832926628467,1565.1131558838981,-120.90695777901206,143.76094241775323,1833.759522500091,-104.14182891489095,-190.4949608943081,1573.5475777284003,-113.13839382377165,38.21978428567527,1736.2914283665116,-114.46021372232264,-76.99526553896749,1677.1984431930973,-123.02111081620464,53.897075452097056,1747.2933135073822,-341.62030556324066,-62.33151642589233,1687.4741747630674,-331.0801595062933,75.92907383035536,1718.1001260239223,-518.0553368419224,-22.335026719919256,1658.0400581298986,-543.8340728944885,82.61623034875468,1720.9029709021343,-538.7185756441685,-16.542284261370828,1654.09666975373,-573.4468366676148,75.39669600992329,1671.6055424783522,-588.814211287669,13.482398693555275,1647.1466460589866,-616.0723372719222
13.957881378968294,1655.8542850017643,304.5576986864756,21.38716281678821,1664.0410651268605,326.1339624164298,28.57432878048747,1669.0821697314173,326.56427947279457,35.015285628198825,1674.6606901167925,327.2610953488848,1.4502901719853414,1651.0599778237372,325.02817963824185,-6.215563888167964,1646.9674833835763,324.5318090881129,-13.567829601794145,1641.6374365430663,323.6796863827671,35.58478972682815,1686.6338420795116,321.9535679557934,-31.548608232303195,1647.8035336078867,319.2504670594619,21.222886748346284,1670.6213209495763,288.7730023271311,-3.5785935824064654,1655.2906844767372,288.0992407122159,74.63313138424597,1754.337796886009,202.1175187263856,-118.2639930934251,1652.319119610895,193.27267239691415,88.07393342106747,1802.9921620323428,56.09647711067618,-153.94288983434762,1643.862750059414,37.07287317188125,151.84277982180754,1813.9043130527957,-65.24905242709387,-196.4599402565226,1582.537081109259,-83.22821075094967,167.38551921742186,1838.6524151922215,-102.7748006104688,-211.6803044630501,1558.6713953352082,-115.3457549565637,174.6227964725,1830.0550426676814,-105.75101950686694,-210.7987286208582,1549.9385815562932,-117.64190442653904,163.52029486335854,1819.199286016158,-96.0138850193389,-200.4601930718654,1558.4002679148036,-110.45561145729152,38.586432968781374,1737.6674388492515,-110.4104043203093,-76.81661946753701,1679.6301960777187,-120.13341816948642,52.086823628424796,1751.4132159604808,-340.03673227051496,-62.44340403743057,1693.1648714042271,-329.57705448925384,68.41498693978167,1731.0304150724041,-533.2044039217582,-18.5653935350379,1667.652767856764,-546.3872973805164,75.27903961036527,1735.5669381544371,-555.8499972408738,-11.178508728565712,1665.0325028279606,-576.3744621156238,64.82069296084902,1685.4051183479544,-607.3652432372575,14.257679613246355,1653.971142819594,-618.6760883934815
11.462087447478176,1655.9359378432648,305.7443619498452,18.775775816859653,1664.1855717128776,327.1565201915778,26.008073851664207,1669.2802841145863,327.47811660570034,32.33073901672316,1674.793463088387,328.0678575222842,-0.8794652360541992,1650.9633337779921,326.2112051238012,-8.506071933425023,1646.9418213353642,325.7694954248667,-15.8312438133528,1641.8106633446941,324.99541200175435,32.70267687535002,1686.3021976313132,322.2895554969645,-33.67648798835806,1647.2093141606385,320.2057414374851,19.028545471430572,1669.9164150483737,289.72325416859616,-6.263862554325797,1655.3483374391983,289.27068002311717,72.94600672950915,1753.6911011833413,202.81681733563275,-119.28377825889052,1652.4286086275306,193.20392333865385,95.59703699935113,1799.6866497697183,59.15414170821433,-158.71293885959116,1639.8721584464704,37.30432174631345,167.1683574110558,1808.1042442578164,-60.83505132880919,-201.7009623066652,1565.3296988895693,-81.42443033918704,185.6659140626818,1832.047607788262,-96.07663573716304,-217.64240317821023,1540.039903031268,-113.06236583694957,194.16462284750986,1819.8233763473784,-98.53023180631875,-217.5453334836845,1530.4729922588472,-115.073614593504,182.75464413633205,1808.767495197218,-89.70854240068606,-207.4683036195833,1539.9286450273516,-107.91436382173409,39.21637290392225,1738.6193307080953,-109.46024555353982,-76.59914639136353,1681.9589401325297,-119.80531892914203,51.17030508491752,1754.6597547523083,-340.2382134187365,-62.211658096859814,1695.3398522936934,-329.4681397260375,64.4439324479026,1739.3321308231548,-544.7623386939985,-12.320439017979085,1668.8792856396894,-545.5792684205483,72.56629206081377,1743.8113711705714,-567.2855696491312,-3.7163937758643,1666.6679741248258,-575.0254480701441,59.64659584421874,1693.2376661435624,-621.1428953791221,19.53625911698824,1653.9346589316367,-619.0161550093823
11.031287075105887,1654.741543213536,304.3444665527194,18.21608905197925,1663.1735834812891,325.5667395334704,25.620719847409923,1668.297816092012,325.85900108157045,31.98656118402379,1673.7266669945147,326.4696979672049,-2.073249715296893,1650.3319558757987,325.2146149119483,-10.137094032130602,1646.597999104432,325.10204879781656,-17.88244235253786,1641.8894365670087,324.66902876049744,31.541303336990484,1685.6195303902825,320.61383395125307,-36.14436713967767,1646.7016616306303,319.89090189831074,18.856222525613585,1668.3279140864613,288.24268532527475,-7.231416957869482,1654.1986454022258,288.2660373014467,71.55539794800505,1753.3242143901866,202.3234211020106,-119.64437251366698,1652.3339250521822,191.4693643146911,103.6934481254106,1796.859917634486,59.257149234558085,-163.65064344398118,1635.8918551762717,36.84614743328892,178.69238287456713,1807.7477607936141,-59.230408424710134,-205.7475885301517,1551.9715153138322,-81.00136874582464,199.37172140879323,1828.6684160152754,-91.64109052197416,-221.61212153961557,1524.853912648031,-112.47444664022875,207.88161234602612,1814.680432533014,-93.11997517307066,-222.19817639376186,1516.0321153439727,-114.78555680239894,196.2584073328353,1803.4771699267662,-85.54477313052044,-212.24593252966434,1526.6537470187213,-107.2433609629872,40.03711145562464,1739.3001157475599,-110.23506540487718,-76.40707558272244,1684.1073210268848,-120.64608121614313,50.392727090949236,1755.5230486433868,-341.350964160119,-61.54572785930308,1693.0307153290166,-329.4803206591258,63.41067781733419,1739.3788848285565,-548.2290031213752,-8.27977185307476,1662.44546504774,-542.8437282013563,72.46748186846072,1742.6692552338977,-569.5686954554658,0.15896657626832733,1660.3902005095051,-572.0167810707147,60.81918398453064,1691.3814980023808,-624.9743318879841,24.86464813723136,1645.8519284907234,-615.6341951114867
10.764761929553053,1653.6168137973439,302.77524264484975,17.881261205280563,1662.091751361707,323.71617595670307,25.404780525629484,1667.2209274876427,324.0459673436177,32.05385461552098,1672.4622276213888,324.70565184207976,-3.0694641581105726,1649.6085252610214,323.83294433834965,-11.713362231449892,1646.1421063498067,324.02576004732765,-20.040911340765614,1641.8109559522231,323.9237855458893,31.55086831449461,1684.4679510989995,318.85157101334323,-38.73487159828834,1646.2228529728413,319.09432308892156,19.100171816567723,1667.0508477424387,286.7540065276301,-7.336932458147968,1652.601042159202,287.0311775163841,70.90206417130265,1752.8898160118513,201.57832068251446,-120.00890591054696,1652.5628681390322,188.80244275927765,110.4292153406313,1794.2300695921713,58.20315023523624,-168.06835702297033,1633.3603623545364,35.42253591536519,185.61488944545582,1807.0051105345622,-57.47034274082702,-209.24991099497777,1547.146658300085,-82.87950246359759,208.12006939008612,1823.0002630835004,-86.89627092261739,-224.92060286337338,1518.9709197822638,-114.45297768813882,215.84394478482614,1809.0024286940234,-87.95220437347429,-225.65771541836097,1511.109649780962,-117.41945513060288,203.76676322792653,1798.5201359816222,-81.66663201949503,-215.64863518549484,1522.312240911436,-109.49978787983545,40.74676624540873,1740.0066083397828,-111.57491014684632,-76.37961980582628,1685.914948707035,-121.60874683388785,49.51838077689007,1755.6710446042066,-342.702311154193,-60.71123439346786,1689.8949286208106,-329.4416865077215,64.0237882248879,1736.4192601649052,-545.8432347752911,-7.5939286127826815,1656.2899997735879,-541.945482959612,73.15267347958047,1738.6968895711054,-565.979573581468,-0.08961531060560905,1654.50188372273,-571.5949500602562,65.24137753932384,1687.5162428130081,-622.1214135299455,28.093290464219287,1637.481162045443,-612.8658423902215
10.601100053990836,1652.9932000799822,301.6549233764226,17.536231152486653,1661.3396693551476,322.45752781514676,24.887914593232313,1666.5101830078308,322.87782108006695,31.822431852203966,1671.4511073794365,323.5469987693851,-3.5549846415415782,1648.7266959808721,322.7199018940622,-12.691681534226522,1645.4066308382958,323.07916189104753,-21.535086967965697,1641.2322343814542,323.15136297540863,31.64242664530809,1683.008844623969,317.7110033706059,-40.50495352484001,1645.4085706396488,318.17442365566353,19.187352929080216,1666.340708259164,285.8319589794195,-6.986016691117024,1651.1732012313512,286.0465469701731,70.74880324353734,1752.4032289255272,200.63725589198071,-120.30558893818036,1652.8242779937848,186.50029594203346,114.49148902782156,1791.8586916974807,57.25582280851262,-170.9172596667506,1632.0814659161151,33.49827015132098,188.57814723541767,1803.5818304237591,-54.4093109332716,-211.45816737361977,1548.8011090106497,-86.25140409490291,212.36869938123186,1815.6238707030886,-81.48707377028039,-227.16110520696137,1520.8403139451607,-118.27842821480034,219.2100553363453,1802.2984570432532,-82.83617209543347,-227.41143577315844,1513.7386084628495,-121.65618088267811,206.65271415001342,1792.8173489752114,-77.29979180858747,-217.41654567819882,1524.9446787746883,-113.51303096908521,41.11395849927428,1741.099122479749,-112.81812927020673,-76.49552674224681,1687.376449316017,-122.32207994647328,48.70629497270009,1758.3400637336931,-344.1160338086399,-60.2653912192973,1690.6083933675395,-329.4902273414013,64.14795125668662,1738.6935413449946,-545.3299814511483,-8.28144408993351,1657.032941232901,-542.7753586735682,73.06984346282623,1740.298674405255,-564.8805087539483,-1.2884489830394554,1655.341334942345,-572.9778871473902,67.21876295030937,1693.2624489059672,-622.4998734037374,28.32097170437516,1638.2601858065245,-613.3900102197292
10.9865858610297,1652.3606670748566,300.75531946508767,17.603028086033582,1660.5573112366428,321.82012701738165,24.62341362667049,1665.7611762466413,322.3455875346759,31.638123610972976,1670.396366933665,322.99212952702703,-3.5411599688170576,1647.6578061805774,322.0431099974424,-13.051188470867823,1644.454342248505,322.4672377977653,-22.214073833757926,1640.211192324222,322.5336779483379,31.287978214164074,1681.5835750245803,317.2369425383556,-41.2590969301727,1644.3952241447464,317.5010965731804,19.415453265002043,1665.5913242778688,285.0657256023434,-6.545334955911851,1650.1283444566336,285.13540438096743,70.47222792237187,1752.1409048171079,199.95133839627673,-120.51222945291995,1652.8539522433896,185.610349959222,115.87304734015187,1790.572255316679,56.98824926075903,-171.8879438837323,1631.4308085247874,32.14226100933038,188.6060831564517,1798.6300569027146,-51.82325850475329,-212.55540562850373,1554.9422502426755,-89.36037123817665,212.4860456004647,1809.2054166489643,-77.87732026913653,-228.3886688193743,1527.925817259429,-122.18299722092719,218.78075105537658,1796.2102075277926,-79.49192896016756,-228.08767068843738,1522.288844540879,-125.5354690854435,206.27046949737988,1786.9742846847043,-73.85409919289725,-218.2735579632838,1533.4262571464233,-117.21781513896701,41.2625353124569,1742.6415884977569,-113.70034037051401,-76.59813775368485,1688.5596951259379,-122.7824478656028,47.883993456436045,1764.2417976761992,-345.5471105710287,-60.527568252405885,1695.5006923295814,-329.32497802639364,62.456679246931344,1747.596080451133,-551.0734256919259,-9.05505175951006,1663.7267789304078,-542.7329431060377,71.50508294147347,1748.0646160522201,-570.7301654291655,-1.8641644912245992,1661.6944430387337,-572.883379331365,64.33198568616419,1710.0781089315306,-630.9741675292076,24.869495474928684,1649.4369669246635,-615.6754638661835
11.180495408969747,1651.1383297956727,300.5137100380779,17.58369278868432,1659.2390094502998,322.0640253970128,24.572224316044057,1664.3324445094875,322.62537850648044,31.46173751632758,1668.8274541491087,323.2654161629939,-4.078312685905351,1646.5317794563703,322.20756713895486,-13.753280274911123,1643.4553931762412,322.6182025008111,-22.955858132218268,1639.1026884335854,322.562859159492,30.570665449063586,1680.3691284671147,317.58729232678286,-41.82905107827925,1643.7259683715085,317.6626407751855,19.580236963960875,1664.247588874474,284.7185241266657,-6.786831346962728,1649.3446420658909,284.7167036871171,69.58837492815229,1752.2160038827944,200.42187958489484,-120.94138751387608,1652.782484844815,186.1607020060743,115.50392015724472,1790.3984309436173,57.66004527851581,-171.80274613035837,1632.2406802565238,32.060768378306875,186.55836624755372,1791.8431302500248,-51.05407371717283,-213.82660411945767,1566.6170448533599,-91.1470189721162,208.95894999242537,1802.6254375786061,-77.4040107410227,-229.4691679194499,1541.0400504452882,-124.78372601968223,215.32624977661368,1788.4160576090558,-78.52147508116711,-228.7245729951146,1537.1898557371003,-127.92254770703155,203.40693654584226,1778.529789256882,-72.32070457391224,-219.07424595241199,1548.321157727386,-119.4649260318036,41.376501637752575,1744.157134858837,-114.02837635155149,-76.60537295504832,1689.3700219798432,-122.72743485099942,46.93960000744834,1770.4120847231397,-346.20718629489613,-61.222323073042666,1700.4049629677043,-328.12525311086364,60.02836586169716,1756.8610656675216,-558.2855702653216,-10.981032815324676,1670.762671781003,-541.5103698834731,69.41773933416553,1755.5976128678474,-578.1587998111934,-3.578784726418427,1668.2638988905037,-571.1213379613969,59.79471277997985,1727.519968539208,-640.596260618568,18.504702556788384,1663.1788666841153,-617.3975271150418
9.522081049916375,1649.3331856923642,301.74801473724506,16.194641322304204,1657.2590119138883,323.4912477538581,23.722330797435966,1662.0982408265272,323.96798787838964,30.43654787276713,1666.7281748885457,324.65381382939523,-6.262466190134982,1645.2702760843158,323.4984627163426,-15.668670065005603,1642.1683562782093,323.76582534614744,-24.538281218747617,1637.843125324694,323.55217774671513,29.531007474565207,1679.336301350911,318.9407186294382,-42.93502919135073,1643.530293765968,318.96006888888184,18.513702668304187,1662.524055740595,285.68017361581826,-8.719127809660552,1648.6810682019027,285.63223076167486,68.06107816098505,1752.4820453158559,202.37900725139005,-121.69751167506277,1652.734662673874,187.4450354974345,113.82720768899549,1790.7627794803593,59.476161712449624,-171.757591102615,1635.9981710758586,33.26969035468968,181.52669959838255,1783.5757222409597,-51.09086925840487,-214.31339922187422,1582.8044298057644,-91.72917524328471,200.98807581533612,1794.509510455509,-78.65806886508257,-228.85439749429335,1559.6654070489776,-125.80517387407356,207.98864098836341,1777.1834385494103,-78.5535320854314,-226.96975879657566,1555.715646829121,-128.68954300296056,196.56171632619532,1766.8053611191722,-71.89722933741491,-217.22119920558316,1566.3548476212911,-120.23178332785541,41.37064591276606,1745.1469494696198,-113.31696860094854,-76.66551139156915,1689.734447391578,-121.32882084689726,46.14541907938103,1773.67458522637,-344.66736331923374,-61.946441063964144,1702.0306146576158,-325.0453005756267,59.07733717187402,1760.8009213080957,-558.6492693791481,-15.189364345557276,1674.6947242343147,-540.7234144251712,68.5459292172607,1758.2725857070018,-578.2858373217276,-8.165952212139313,1672.0825737937164,-569.8747630083284,58.05981054213562,1735.5998571281384,-640.9423737830415,11.75485966067248,1671.6144568852549,-617.6007821549567
5.2609302827510005,1647.8020101638326,304.4288554467804,12.860755345514383,1655.3744993136634,325.7704078359308,21.200323294347573,1660.0077333696358,326.09290462218365,27.86698514345373,1664.9720082574174,326.8439100132203,-10.055035843210968,1643.9479148684584,325.55008322902637,-18.72647499964457,1640.4937040009106,325.5325572032801,-26.904766342647832,1636.2495384660162,325.1626123200723,27.842274763834254,1678.7842323173434,321.0169576082174,-44.49944430229188,1643.4301169883595,320.9757593475368,15.246663134270129,1661.5149144090303,288.2160235399913,-12.68522563714037,1648.3515480840897,288.04960788399944,66.19772810813949,1752.8594989455557,205.14825074815704,-122.53697118577709,1652.6095816922673,188.82424318113942,110.33765726883466,1792.0035869855724,62.28315352864766,-171.99869908565623,1642.2265818530047,35.38275681883973,170.99986216128613,1778.34197109463,-50.58071980281548,-210.09313577315066,1597.4662377352129,-91.69198056585878,186.90633665919074,1787.8703342596305,-80.16872615522149,-222.22642594833064,1577.5836056750413,-125.76422056422741,194.12274671955976,1767.5298135026794,-78.8738010448276,-218.1368765766675,1570.9616655727712,-128.27378850852577,182.59110156723014,1758.1328912693034,-71.71334334939513,-208.16005872079,1580.2992026513298,-119.8758825686141,41.07763390018628,1745.9106623044863,-111.19715978670892,-77.05514219921324,1689.958057363763,-118.10386714196329,45.88932532199117,1774.3570119496444,-340.49561020661673,-62.6914046686606,1701.6332780503285,-320.38481344267257,60.41831266939896,1760.2617716966254,-550.6725941479731,-20.284966221382344,1676.4700588394412,-540.4258352516175,69.57276229222788,1757.932247872969,-569.977084805316,-14.045545080840906,1674.0999124387379,-569.5597249068509,59.93153922684212,1734.6580720935547,-630.8611297929597,7.085195381694145,1674.3644288098412,-616.1518003511294
-0.07903004083870524,1647.4781501931516,307.2915212805457,8.696308078290283,1654.7263637896715,327.90172153314,17.531907083719005,1659.347602442212,328.10681108742676,24.29811509411453,1664.6534101468524,328.8839412378237,-14.112856628973452,1643.1050360610081,327.4654444373731,-21.954094306614575,1639.0650308285694,327.14444092470603,-29.35922947484425,1634.706126612969,326.6363712956006,25.280588791183167,1679.34188981308,323.0653640748296,-46.01327942649504,1643.108910308279,322.81347957102014,10.519559160224107,1662.1506294872286,291.2887234183356,-17.43686557291437,1648.6193690468042,290.90819687125366,64.29095409821355,1753.5525944267715,207.68052202473632,-123.27063342355217,1652.228380083133,190.00106608350404,104.94705846400349,1794.7676585447666,65.27766799701806,-171.79574606203758,1648.214873782816,37.672931001735115,154.58494391433248,1779.8724320459899,-49.837343167659434,-199.23553607098583,1605.0164334635476,-91.52851125609622,167.82862172195416,1786.3698616021065,-82.3008071381122,-207.9964272713748,1587.612569984047,-125.59404486863599,173.5386461001926,1765.4310253582098,-80.62548767740306,-201.82952033967558,1578.2322633577703,-127.56268676010653,161.5403743929327,1758.6899809274341,-72.17395738963651,-192.0927297164944,1586.3217353516104,-118.90030516158423,40.57228380847532,1747.2071674712013,-108.32827479691888,-77.82171385954871,1690.4362141507231,-114.10814168724916,46.08853271309097,1775.1496728644672,-335.28089722328684,-63.53783018260219,1701.9198028380038,-315.98482388499,62.89415076186023,1759.6259136837273,-541.4556250629151,-23.578622094190425,1677.7076072634839,-539.3579364621729,71.54197968007914,1758.7576357457094,-561.355337328579,-17.890557338078597,1675.5911229760163,-568.9074280154385,62.8857515843868,1731.5678744592612,-619.1515813175234,5.1197831176759845,1675.0285292561139,-613.4652630229489
-3.711887586176074,1647.9738617894855,308.862709599407,5.686482842421307,1655.2255561183788,328.9774865068144,14.484197798046717,1659.9607128713508,329.1561758911336,21.302639105484538,1665.5225905749348,329.936335554925,-16.78079638002042,1642.8973557105903,328.47609771093937,-24.159502506536054,1638.3855049547826,327.99218032972533,-31.11231587629524,1633.709371186695,327.3973405511084,22.42887028635804,1680.8262865026397,324.38755752314586,-47.109180054485854,1642.5372893803644,323.7948926158813,6.605174600224923,1663.7370771226326,293.33998794002656,-20.7471347452594,1649.0775842593418,292.7252860085591,62.503191169237375,1754.6591424551239,209.33556044073907,-123.8610629793477,1651.4380198192925,190.81117979309738,98.9748146404963,1798.3200103839395,67.55557793563099,-170.48229255680533,1651.7985276938011,39.18839988358227,136.34707782570172,1785.2095086237427,-49.96331463429289,-185.72194433346087,1606.6265595687416,-91.82563381629691,148.6337887392188,1788.7630493348709,-85.75151102947036,-191.3606190243878,1589.5312219825585,-126.45643186095762,151.1392487377127,1768.823667615065,-84.6867934568865,-184.46050175702757,1579.7088507894566,-127.75311025825698,138.98089698277192,1765.1474874187934,-74.04901101394339,-175.70485200242013,1587.8449374163183,-118.22114023728126,40.06365738373213,1748.9808416149585,-106.1713884195287,-78.5972655242306,1690.9894687319943,-111.28097256869178,46.12339238003687,1776.8583016494947,-331.15868225628435,-64.23069771353607,1702.2692666263417,-313.40017275754303,64.86124510698636,1760.733450074535,-537.7101749795064,-24.48890104457706,1677.346805617594,-537.4751649186935,72.9760459669726,1761.4432861966427,-559.34833994183,-18.718071905263336,1675.3477912225208,-567.6448136531383,64.58274676011914,1730.2412939136127,-613.2933850426097,4.587471318150156,1673.4194084973697,-610.2598642134435
-4.42183194559836,1647.8875949591259,308.86554530798105,4.679844306493153,1655.433783928965,328.9737042907319,13.257499465682105,1660.248367895063,329.175654134228,19.92015370446994,1666.01796264523,329.99718773860155,-17.62321239940447,1642.6717149349188,328.5603086954231,-25.029069839217136,1638.0750313028636,328.08447710350856,-32.00992559825715,1633.2028999331735,327.4851111609514,20.36838703624736,1681.8741281045518,324.81083168520837,-47.9064620788706,1641.9127702784267,323.97924236495055,5.098087677797796,1664.4422031601368,293.74745833487674,-21.614338859151548,1648.9582408731844,293.01842358099685,61.05066579931903,1755.7240971279462,210.09962944736185,-124.24222339756103,1650.1789613357685,191.1678524984229,94.15492387665125,1801.0803474378627,68.85375258372275,-168.32769531091805,1653.1624996668054,39.41142133398574,121.59278817226189,1788.5000386756915,-51.206610053556474,-175.75796058841792,1608.3340896881691,-93.3589005526372,133.76504700360215,1790.6333185131573,-89.9160384857944,-179.92200749217673,1590.0873915726368,-129.10683364693486,132.85167159309577,1770.706571313666,-90.06596317619712,-172.92509114313597,1581.403295687006,-129.61699133648997,121.19917394262428,1769.0037498047577,-77.30559599665052,-165.1997012030611,1590.711122320432,-118.90791128407693,39.57564182111941,1750.254689465081,-105.49872678202256,-78.93645446818266,1690.9762166394323,-110.43077318741575,45.446323195531214,1777.5777183386906,-328.65971760831866,-64.50958754898679,1699.90027831295,-312.0880708662922,65.58477316639134,1762.0108811877496,-538.367283191121,-24.876761115150387,1673.4616598652908,-535.6292339934938,73.31942044318468,1763.33914435767,-561.6576639627446,-18.502411889171636,1671.5465740889877,-566.3030610556585,64.6279944685651,1729.4463792504084,-612.0494375767983,3.875495276825452,1666.3934840139054,-606.6589564789779
-3.887816441789347,1646.9520877744762,308.3183365093006,4.469395892505213,1654.7593646620921,328.6244299709816,13.05867955182262,1659.5459508054205,328.82678325045543,19.484906627509066,1665.4526052806086,329.71803292067233,-17.940117209784855,1642.1843138904608,328.35267419234367,-25.608419221945876,1637.8016605637665,327.9576734481152,-32.85332279631572,1633.0475137832257,327.41825494641404,19.312953890578704,1681.6251632332849,324.67568493155807,-48.97447714309816,1641.6666958651024,323.97172388220906,5.151949620074513,1663.7126165168393,293.24556386974916,-21.420891472075763,1648.35711612403,292.6255977252773,60.08238595622142,1756.1639551581302,210.35369053477302,-124.45514502856864,1648.6003903163285,191.1904317904021,91.18544397532833,1802.4152302135292,69.43752350702282,-166.149007922617,1653.5625073821636,38.65684632363377,112.32128731959796,1788.0726116282217,-52.98760349412034,-171.25038342226685,1613.8208195945733,-96.44422709911369,123.96113722371669,1789.6446157598734,-93.58839671437835,-175.94501092016355,1595.1497768820932,-133.23741808923126,120.52640699720484,1768.5285559045897,-95.08391002239907,-167.92561638389088,1587.0311609455598,-132.92057957165642,109.71265803292826,1767.4376102607043,-81.16688064758702,-160.42984778010464,1597.0911147792242,-121.34094152487522,38.973862131173746,1750.512547408503,-105.68834013322649,-78.78495718243836,1690.1955790426105,-110.68330357802844,44.16133920100815,1776.2236863050111,-326.85335187992615,-64.58902188040148,1694.9312407813063,-310.5930767162781,65.34952377088221,1762.017604366829,-538.4736069005556,-26.141430785759045,1667.2272867245867,-534.0972681070374,73.0919485977611,1762.8113950396005,-562.1861654249084,-19.072181830511905,1665.3703397568904,-564.939901518301,63.66274503908138,1727.8409381691135,-610.7915360488199,2.6427443361585095,1655.5011258842896,-602.788318025676
-4.577163560957933,1646.61281100415,308.1227244243215,3.2952218306344,1654.4638727465313,328.4434678731863,12.113751282431021,1659.1477026012547,328.60480312205686,18.483116224799446,1664.994410504944,329.5188617935777,-19.306355880924347,1642.2875384671597,328.32469492186203,-27.1588232927114,1638.0833527243135,328.00438931185295,-34.53438706374362,1633.5272312046109,327.54109366910916,18.174155220574132,1680.9835877789542,324.40952328317996,-50.73170203888425,1642.1596027747412,324.19703789790674,4.575272612888366,1663.0709021124637,292.8077847202612,-22.24290158426252,1648.301377196731,292.4887219722662,59.259311217026216,1756.0722436329936,210.5635205990487,-124.86338280349426,1647.0349687087933,191.1176098166851,89.5925561113692,1802.7467359751083,69.616117615666,-164.42374813340098,1653.5835628588732,37.53708244822089,107.10050745333706,1786.378713401366,-54.771216930110505,-169.31731352289967,1621.2157361835016,-100.33914440168972,117.82504400650801,1786.9051962518502,-96.20454876495722,-175.3773524462036,1603.9682013693878,-137.75488061391448,112.58956233808337,1765.5347651017923,-98.92539952846954,-165.4861318390335,1595.5182138366004,-136.79783214637567,102.29156587312445,1764.5804543070217,-84.72104336259403,-157.5835706085151,1605.0025866272058,-124.84292049086712,38.23478304029663,1750.4275527742257,-105.69929412732661,-78.46210450576017,1689.2542203815015,-110.93203454226982,42.83117961337107,1774.429996790529,-325.2356728471402,-64.92346992840176,1691.0649383440157,-308.90699031830184,64.74975058481472,1761.3287456019718,-537.0347626042457,-27.910897045007687,1662.9868269214471,-533.3092979958012,72.8299629647644,1761.1733548833524,-560.3785755006576,-20.4037650351361,1661.0338209484617,-564.0776038027356,62.28384244382441,1726.8445000959139,-609.2556736182096,1.5583168502970388,1648.2152016381574,-600.3465314632483
-6.944660061015736,1647.915114013802,308.06517981734197,0.9021569393925647,1655.6905694568584,328.1942835183098,9.878862700142015,1660.2517317832153,328.30485258963296,16.40144317932944,1665.8149353061076,329.17003683385957,-21.813901278731496,1643.614128977706,328.2813892145472,-29.675757866482254,1639.3700647104715,328.04684651325124,-36.947253372105486,1634.7735017718157,327.65636114807955,16.0067785590302,1681.301018757359,324.1554475079135,-52.93232751247622,1643.154322884203,324.51302223835035,2.4198196411069746,1663.944987045744,292.568001569205,-24.509438949439218,1649.3096892378146,292.59144220208134,57.92933874198303,1756.072847989087,211.03066407478744,-125.87404833081294,1645.807377251024,191.04413745067703,88.55851450706743,1802.420244443976,69.68592725102924,-163.12623934270033,1653.1933084650102,36.33864478711637,104.10618754624042,1785.7429898813573,-56.318062347924815,-167.17309891369953,1626.5057188827557,-103.6965780130371,114.39556360105502,1785.0600542433613,-97.86094706027947,-173.82583109759426,1611.3714281287696,-141.5767678250551,107.74462083062211,1765.332130139902,-101.56245955546048,-162.76712265468828,1603.0472406772371,-140.40169050964062,97.40584767833542,1764.6282580429597,-87.3748772336125,-154.69272830272624,1611.4046991475684,-128.23325105719965,37.49261499613781,1750.9443386490163,-105.18455480985082,-78.25035051493656,1688.837510938559,-110.94541498034687,41.838182314227616,1774.209261819765,-324.37431547776714,-65.63888062272461,1690.871066087655,-308.22552552427663,64.12140224592459,1761.307661742686,-536.8030319304287,-29.450647902560288,1663.8126572164692,-534.2822855375684,72.505853379031,1760.71996818463,-560.0637853353062,-21.746317626448107,1661.6520377683025,-564.9945685671057,60.92514443047738,1728.0696644738423,-609.9305869144954,0.7146096046023332,1649.7194646879918,-601.370357577452
-9.556397504341433,1650.0748248350426,307.5618266022424,-1.5515369727411124,1657.7768683053305,327.5461362677685,7.397803340412635,1662.2197873093437,327.6125821224512,14.054649099142368,1667.4532373932261,328.412184122041,-24.331582901268174,1645.470527686065,327.8978973319515,-32.13553692518479,1641.1066597310034,327.7921399100499,-39.253577646609564,1636.2196603785114,327.4717085255256,13.180644661094929,1682.5958294421712,323.8700687842534,-55.03112903128038,1643.9177004826024,324.5958223356374,-0.3759803625668891,1665.8762748055708,292.1647005438553,-27.080229960358444,1650.6975516309953,292.42509520991007,55.903031380558645,1756.3195363324423,211.73997133349042,-127.50378455149063,1645.0543796521129,190.87127948291186,87.57447517159201,1801.4886214648575,69.93094953613362,-162.16568547730148,1652.5287169319495,35.13417457452549,102.8082127921531,1786.76236310754,-57.52105198707929,-164.9197375525647,1628.0918766400034,-105.6694526522768,113.32441865127224,1786.1983441881189,-98.83099103861574,-170.8621029944551,1613.8401872468505,-144.10624875788346,106.04613654736558,1768.4582213367248,-103.10307175484711,-159.95335047847234,1606.6035529076753,-143.13349849948216,95.50596305315574,1767.7344048956325,-89.03573478210754,-152.32184513836427,1614.5518318957097,-130.66874882365602,36.90267329025146,1752.1328592792024,-104.46128064217615,-78.14907896988505,1688.9376317138597,-110.98328580426168,41.1809506798926,1775.7624956022319,-324.703451792882,-66.49872306513016,1692.9897812689678,-308.83055155634884,63.43365742621546,1762.9477014129848,-538.8676655939064,-30.587383100294325,1668.3683677227943,-536.8527472135231,71.9281305965987,1762.8280096583494,-562.4556822750989,-22.621515035747915,1666.1529971505288,-567.5905506950643,59.69638534811866,1731.0441226689973,-612.5916249200601,-0.7117491424093003,1657.1755513102655,-605.2530913940993
-11.329846624008471,1651.638685350653,306.79955365337895,-3.2489191725736184,1659.250091227555,326.8143757425038,5.618219474753666,1663.5820485247048,326.8307468002477,12.217439025632245,1668.6269291347758,327.59583714310577,-26.114300831327967,1646.6484161860958,327.4000476867697,-33.90287182510097,1642.2911193032724,327.4289042190094,-40.97244860801415,1637.0599092646646,327.1469548002053,10.591262369290867,1683.7668681542507,323.633296681968,-56.845587348457755,1643.906212791813,324.44240059291013,-2.6834178709691803,1667.418249859558,291.65424584190475,-29.063918556570922,1651.5128208575368,292.00781907839854,53.642144967558785,1756.1172301783406,212.41093996071774,-129.49191405478967,1644.6484615530885,190.48310243724953,86.46517224000767,1800.3657306217372,70.35957569690136,-161.65976817306097,1652.0075639405711,34.0723919672333,103.27692053686928,1788.7677424655863,-58.34289591327848,-163.82388178187796,1627.5220337393066,-106.45531401601677,114.09105686865847,1789.8905453575467,-99.37769221645121,-168.4969106373564,1612.393048885486,-145.43161579248286,107.3929512551699,1772.3992605528072,-103.69978295436752,-157.9278615651671,1606.1370132280272,-144.8142356625106,96.91833812615522,1771.1235083415763,-89.91918063741028,-150.95627983623334,1614.6904927274666,-132.0792628571113,36.57951410438523,1753.2304032151096,-103.93644179930652,-78.0069739300322,1689.0451406495051,-111.21041093212399,40.703982812980676,1778.366821500081,-325.72711202244784,-67.36127383264254,1694.8638963435337,-309.72909967133285,62.34914779349541,1766.9934432634675,-542.1002453895271,-31.570726274714286,1673.304528624155,-539.3214640439701,70.93781529369775,1767.960985996819,-565.9826990870737,-23.02559470849863,1671.2953998434712,-570.0588936693052,58.02027469546909,1735.123168836567,-615.4848239831099,-3.4080363096240855,1664.399227614344,-609.2065147476511
-12.470229156430952,1651.9563501504927,306.4651559531303,-4.458241988505664,1659.4234888269189,326.56533700054297,4.375800819498999,1663.6499995117383,326.52317997665847,10.792221339773725,1668.633890156153,327.27146223818113,-27.37905830047214,1646.610347245207,327.26765651835825,-35.200396575078564,1642.3837883684243,327.3740153320774,-42.29655751982245,1636.898447822625,327.0675975025131,8.550227381808936,1683.7578080045487,323.5632866196635,-58.531586701972984,1643.0133782815092,324.25966007819227,-4.363655016994725,1667.7176665531363,291.4551259624555,-30.539060348021618,1651.3587004199562,291.8110723022794,51.631810707554614,1754.7387171811233,212.75844454318394,-131.6815784189005,1644.2516270585513,189.80790140895246,85.12697687992626,1799.842663989872,70.7204882263886,-161.79474435660484,1651.9736426623097,33.16122381947346,105.0420919276051,1790.2949582387005,-58.758080925576294,-163.97460944921855,1626.8377316716894,-106.92344507293913,115.86236749995709,1793.1478288513904,-99.66766571430757,-167.76338604122748,1610.2232078867016,-146.2737100423894,110.53035487769988,1773.8979714785085,-103.68520451160316,-156.60892008281866,1603.8886332185152,-145.87692346918902,100.33321382799973,1772.1268986560094,-90.24022073074244,-150.05296287332985,1613.404040117554,-133.03798285666574,36.54462263406788,1753.6241370179152,-103.92533230213408,-77.77352188635444,1688.8825062940207,-111.83201511644778,40.20130991646693,1781.7020499099485,-326.7878157931556,-68.36737680324995,1696.1552636177537,-310.4009823619954,60.50434818162338,1773.5543070068193,-546.057851342991,-33.286185701550146,1677.5609157648087,-540.9723405991812,69.3019070965354,1775.585956026921,-570.2336116330472,-23.892435332169537,1675.779501283549,-571.7837261576959,55.27142640475209,1741.2649383212122,-619.1809415018848,-7.419865951272521,1669.2522088333808,-611.8170359763773
-13.419732069159805,1651.1144230464388,306.5768746526201,-5.627034482272764,1658.4253642648064,326.73619797319816,3.1826403369612617,1662.5546345722362,326.6504733287792,9.450210720651407,1667.470813331944,327.3762401481566,-28.53713483899406,1645.4996640828554,327.4517232658572,-36.419584616464014,1641.3911103799633,327.56911917010615,-43.571202148720886,1635.7816245446552,327.19812873779006,7.00231675156619,1682.1003592309582,323.4947306515179,-60.172617862514656,1641.2022379311377,323.9863384668636,-5.621431494185972,1666.7416811423366,291.52732364144185,-31.73832841133516,1650.1807475621079,291.80408184803895,50.01722096143425,1752.310318327309,212.73582388459235,-133.94279795969956,1643.5072506016645,188.7545379130823,83.55579254895555,1800.2438045216938,70.93086443165907,-162.46201666071485,1652.3489454887615,32.02633759101221,106.99011961553673,1790.554222807726,-58.69862783244229,-164.30453263979555,1626.3603289658768,-107.95731882848621,117.67020846013003,1794.1853431838613,-99.72785670253434,-167.84164148413913,1608.9517568533036,-147.46999395003192,113.62529888958001,1773.2253440063814,-103.47886177393197,-155.52105428806522,1601.8312049642468,-147.11438865944535,103.61012511355283,1771.1466327055134,-90.18064154637615,-149.09267922093198,1611.9858644666397,-134.3222093827993,36.66270204863276,1753.4770729212964,-104.72857694305459,-77.54797593111746,1688.604667290701,-113.22798176422805,39.491919958846275,1785.467070243513,-328.10575115169746,-69.56865116909619,1698.073274845269,-311.7369974712502,58.19155785644185,1780.9341260212382,-550.3595338022159,-36.54926803213922,1682.2890452966485,-543.2050932697631,67.23248235730726,1783.4913121529298,-574.9064747676663,-26.372284174023818,1680.5715025907843,-574.4269179369225,52.313535791199044,1749.2399882969473,-624.5095384365003,-11.958353326885621,1673.4035540771933,-614.3488715866888
-14.044631103252343,1649.3458551014078,306.2511567639589,-6.64630166067438,1656.5027425721357,326.6593970778798,2.084893514836566,1660.5907388896849,326.58809326384466,8.283194061776419,1665.4205076502724,327.318422958916,-29.632269876497112,1643.5941330920057,327.33067731794097,-37.633080692627836,1639.55230911734,327.42519929129304,-44.920535186158006,1633.9049074456248,326.99176911274185,5.925120828862264,1679.207309332541,323.1354674761066,-61.770288890893156,1638.4101097073765,323.229682660503,-6.306822974415997,1664.8910173540482,291.20002310586455,-32.566151222924795,1648.0817665925233,291.20915949449113,48.77297760843778,1749.6883093955773,212.54344717631844,-135.94306318383295,1642.2583502172497,187.33390138209168,82.05880870959636,1800.9634575079695,71.20535328928055,-163.15601619126178,1652.4488842687167,30.33167323314915,108.2195518688337,1790.9934816603056,-58.12770608566825,-164.0519002559764,1625.368186023264,-109.96782517635256,118.82506287802195,1795.5061019891602,-99.53372017262458,-167.64144104277716,1607.934159349012,-149.375238356172,115.63636704107827,1775.3528865721562,-103.30480162379581,-154.62687775146247,1600.2145704160716,-149.077493059838,105.57584013044188,1771.9017865981734,-89.90439068354678,-148.19924573945423,1610.5315679691282,-136.44302240689933,36.759197827802815,1753.2781376269143,-106.464328623913,-77.4117018019783,1688.2457528980442,-115.4962907692845,38.775022335658825,1788.8249824712875,-330.6617534503804,-70.55174671252281,1700.455620281537,-314.84314326974857,56.64209853286369,1786.0262393733146,-553.0476877204868,-40.15635940379154,1687.1338433608098,-547.3214110904385,65.81875559665384,1788.6671340192752,-577.5154663422041,-29.64656685523897,1685.557965483393,-579.1886131917511,51.64281357620001,1754.948469993419,-629.1781353955585,-14.92815076598851,1676.991189838988,-618.6548700161977
-14.206076669587425,1647.01235132906,304.8247583079108,-7.3259602628594775,1653.9393920446846,325.9470860310272,1.276871200483181,1658.1311491066313,325.9919722276177,7.404998349938996,1663.0050876686141,326.81565844111026,-30.624004405844577,1641.1685145546996,326.4808891664337,-38.817259169317595,1637.2060522249928,326.5341695895907,-46.339509257136484,1631.496169822747,326.0389299444314,4.915077452623843,1676.4010373033675,322.5597980651249,-63.469021800562935,1634.9822969521308,321.806695565523,-6.420734292212009,1662.853576785047,290.02207659491893,-33.120584626520824,1645.5896450812322,289.5053607308322,47.687433662834806,1747.6821917485966,212.44489569986177,-137.46615465981012,1640.5479120011544,185.85136031578344,81.03401452728886,1801.1456473539747,71.65108018240203,-163.53696760224273,1651.3269276999695,28.308501601516053,108.83333468433011,1793.8643728297704,-57.1455059532513,-163.4959204050596,1623.9745744938205,-112.66370342744331,119.67766516629864,1800.555222447203,-99.06348060977909,-167.16302551076558,1606.4357445924568,-151.72306384465494,117.27854555498095,1783.805650988934,-102.97414152647745,-154.19569850620934,1598.5560764622317,-151.64266021747548,106.9465794394882,1777.1886683531782,-89.38507054912836,-147.68472249888518,1608.7927783772209,-139.25853873103023,36.83007385664151,1753.0510748497527,-108.78597992816584,-77.32140947359501,1687.292384485676,-118.06597734970347,38.760444326076055,1790.8820174911402,-334.916476203426,-70.69469250813394,1701.1984394289725,-319.41454190442397,57.02708026736818,1786.9460412044925,-553.116092595431,-41.37422107300511,1689.3864001702805,-552.582702549008,66.09476419462777,1789.8110482466884,-576.7320600630645,-31.081426695370865,1688.332835211365,-584.8008349495773,54.88713392229026,1754.2622303724258,-630.9149299755575,-14.202083008267678,1677.6681044710483,-625.0118340805219
-14.460758691547253,1644.7268026481559,302.79178798694954,-8.06538485860592,1651.3138934519043,324.9622898294451,0.42253752878096373,1655.7408342800109,325.21267054055807,6.4096846982935,1660.868081462569,326.21756267555975,-31.786652432803436,1638.6733924840266,325.19951536503663,-40.17027789151465,1634.7820798351322,325.1839789160301,-47.92092498710733,1628.9543296843376,324.6198048384865,3.219938496915641,1674.7566885237618,322.1459288211446,-65.46084359890172,1631.7986632207617,320.16035922011025,-6.63769390784754,1661.2488243313155,288.4288948716241,-33.996725582026606,1643.4811950300048,287.2858295558348,46.27082529120726,1746.511825453705,212.578555165936,-138.79041612445553,1638.365938647605,184.70318739307984,80.44603688834509,1800.7018211359498,72.04504040471353,-164.00530359808872,1648.546346692465,26.413752825473505,109.7726572003934,1798.913708663572,-56.00849625435748,-163.2946857006549,1623.03007883012,-115.34654855303864,121.61238922566224,1808.0590554657863,-98.30249307686972,-167.09355995083496,1605.015955534497,-153.985122124871,120.32592496587827,1794.794272558197,-102.08601437767965,-154.29072814091438,1596.9800536276805,-154.11252420056323,109.40542317623164,1784.9397432036378,-88.45731447801697,-147.56581933097291,1607.1292946526553,-141.97457855405156,37.01725324992208,1752.3105959566403,-110.90431666052359,-77.20717923129926,1685.125876463854,-120.04059229366052,39.995847929576954,1791.3625740014606,-339.7373890733236,-69.8413083399754,1698.8508709420014,-323.71863491217243,59.28890918256621,1784.7411680213006,-552.7108952833041,-39.30248723612849,1687.5394768025449,-557.0227535041545,67.98871848072683,1788.2496407728268,-575.4007931813243,-29.42717253816175,1687.1592106055937,-588.9801771611513,60.519263320273346,1748.6333306531217,-631.4325281396075,-10.2318598497767,1674.682494134664,-631.566219643534
-15.652613891462803,1643.0948242117263,301.15773782921843,-9.57440736033886,1649.3481050467083,324.2273880049041,-1.104665599588134,1653.948108539465,324.68278738697495,4.70735930065413,1659.383094800826,325.87773498028514,-33.559876584431635,1636.7033418147703,324.05748874208155,-42.00205375428754,1632.7400319860321,323.9449101806779,-49.87509090341693,1626.898692965903,323.3581027520094,0.750886677591424,1673.818309659847,321.9504532028904,-67.70548106149192,1629.6088020040158,318.9281380302796,-7.7625186443297665,1660.1880926068636,287.19603572307733,-35.706142996204846,1642.0936635381686,285.60219365216824,44.171924763600295,1745.8096277340621,212.89213303230954,-140.29836929485174,1635.5763431920566,183.92546081131115,79.81394611551733,1800.3031736511477,72.18247642415686,-165.20446608862966,1644.4630063493196,24.61485547440253,111.76202926832165,1803.2055459719659,-55.04106778827093,-163.5051966018483,1622.320620286092,-117.64859460575154,125.4642022433606,1813.1409807488324,-97.34294335092024,-167.60593747772765,1604.4264433157844,-155.97382394975384,125.45320221596897,1801.395860134833,-100.60155549046856,-154.63656854052456,1595.9364358677356,-155.98143905236856,113.597167415867,1790.5921580631552,-87.23245409799416,-147.6232510742081,1605.9820878895737,-143.87361871705446,37.361485681181065,1750.7144241736376,-112.04971848501837,-77.07078971752956,1681.7817811039936,-120.93107434454956,42.100660353446195,1790.7110791672292,-343.06763183942815,-68.46271657755877,1694.5682240860365,-326.2189223659004,62.710788717771976,1781.4810745151083,-553.6593861095115,-35.80636899675196,1683.3269919186457,-559.3292668351046,71.11822793286451,1785.565740566752,-576.1514804179237,-26.03073218846669,1683.16420816691,-590.6736798773663,65.53245875022472,1743.0696578887637,-632.9740033976854,-5.522445567248011,1670.2568396179418,-635.4783019146246
-17.955535231070083,1642.398962801891,300.04738187981434,-12.001813835786933,1648.4515937685433,323.5874175972613,-3.467216107249722,1653.0277915542367,324.1832519260577,2.220707525393425,1658.5875198445506,325.5170782714207,-35.99500192053061,1635.645589859507,323.06895335893705,-44.314068883223484,1631.4171061355992,322.8624577082061,-52.22525947922758,1625.8036524996855,322.3647501983593,-1.6671246843241792,1672.4426112261983,321.53898053043866,-69.89462468480335,1628.3141176321233,318.1178824324149,-9.977578930483501,1659.5630761046214,286.3976203493029,-38.098652608891115,1641.2113576911486,284.63233181927654,41.60106565506231,1745.0990126418558,213.22714294133664,-141.8675029245254,1632.2644140335344,183.17893718571082,78.82425290671887,1800.225090783467,72.15321165593495,-167.01984385178397,1639.7990046345435,22.55306155525755,114.4717459765355,1804.597000403471,-54.47591165077113,-163.54013019910295,1620.2681955489281,-119.88642873775562,130.11911135768307,1813.6774669210442,-96.43466810746646,-168.09973000805394,1604.0793159447953,-158.2441113961827,131.1334879747115,1801.9357731657637,-99.0482761214695,-154.86102835717065,1595.1842375437677,-157.79391499402394,118.34137926084536,1792.359854422547,-86.20441979769735,-147.651264102032,1604.9796908785904,-145.27657089771154,37.691183073535534,1748.5236149206764,-112.24370838182271,-76.92604933829504,1677.9497967549635,-121.14854833023321,44.0871413565638,1789.3858588723035,-343.83233064072095,-67.05911832565948,1690.3843942113099,-326.9441268941757,67.34567428975431,1777.1128304295098,-553.9903537823551,-32.81710356949123,1679.0544152342711,-559.8510357194299,76.05597466385,1780.8557587461037,-576.7308070065071,-22.700549725099002,1678.4167168701351,-590.7296999589566,69.26641816585256,1739.2646143493887,-633.7373864694764,-1.2335330425904352,1666.1523310807338,-635.6482991261812
-20.657773000771652,1642.580263153477,298.6166209662036,-14.654918258903976,1648.5025384752028,322.32142614402403,-6.181353454444456,1653.0405984586278,323.05262361658157,-0.5449502892488738,1658.4617666305066,324.49313742557297,-38.50273797521689,1635.4064347895876,321.66114548924264,-46.63142527308108,1630.8681321898748,321.42729880333144,-54.5522041450826,1625.5746293244156,321.1043953243642,-3.503815705946557,1670.8248379185404,320.5820689413006,-71.67562580071088,1627.1891056148827,317.09914617207755,-12.8884819713792,1659.590801627156,285.3678637318246,-40.58147414757357,1640.6866016523975,283.6044495484742,39.018841411924214,1744.367692568531,213.47143465818243,-143.0968194563269,1628.976521943605,182.20438867604759,77.65520224646063,1799.6544004433165,72.07752647641908,-168.74066051626195,1635.3539987120103,20.23883679878211,116.89727797722207,1803.7596583475747,-54.302711239905676,-163.00372556580385,1615.8850180308705,-122.58453560329207,133.50190733442514,1812.004214692758,-95.7645018511058,-168.08122155999473,1602.3634026436127,-161.68447440674328,135.22296747442357,1800.0329754522431,-97.92245391625836,-154.7326685954747,1593.6667693439747,-160.8460317005327,122.07052310146139,1791.7299545292904,-85.69021942222831,-147.50437119934517,1603.1562408846517,-147.48991390635052,37.80975864015948,1746.3859661491547,-112.66068506563623,-76.76911018190633,1674.3297700474911,-121.86382969940671,45.35253064636601,1787.0228220092517,-342.8123369935105,-65.77786440252528,1686.4680205127036,-327.06749773361867,73.50977400964523,1769.9720775808062,-551.0678994467303,-31.14758831159995,1675.1029931218982,-560.3132836873951,83.25256716614626,1772.000061662888,-573.6486409578558,-20.749311820785028,1673.755696290076,-591.2759028004044,73.61522471850294,1734.863516590417,-631.1403771751167,3.1412013352667048,1661.8711836027194,-634.3395830084052
-22.86825069580592,1643.300106947279,296.40228219191835,-16.674771070823972,1648.9714687114943,320.1246270697254,-8.61550503841167,1653.751398036003,321.08165072262034,-2.983688712267863,1658.8637750627456,322.62490031069973,-40.32412439765303,1635.5080782096775,319.5425102319173,-48.394120599142795,1630.801893813772,319.4030059459297,-56.290799305295494,1625.6645734527256,319.2443359121612,-5.232859695508228,1670.3626423542155,319.2989136705096,-72.90864591432279,1625.8456838702475,315.52623003423747,-15.921414440164286,1660.44432074926,283.6998939683956,-42.68248658783509,1640.6584392706873,282.01422937911525,36.566951023945634,1744.0561925997363,213.63642933483627,-144.0401350481905,1626.3632647778948,181.07245711867856,76.4664247756472,1797.7715326369917,71.8752128605525,-170.1888925161526,1631.9299856063174,18.00352991261404,118.45657574019945,1802.6123919412228,-54.247812852614295,-162.26555780464753,1610.1036511238367,-125.77599968118395,134.80325316758672,1810.810943162775,-95.22844074994062,-167.87997573552914,1598.3975403926815,-166.36840837507637,137.1547053401394,1798.4587381252009,-97.1059067027378,-154.26370921849846,1590.4344687133569,-165.5789080979122,124.46714971667762,1790.27293832499,-85.39768673587045,-147.0723833896693,1599.8679458071906,-151.3526302181544,37.71824399084407,1744.7329042141573,-114.59255444319149,-76.7077860218765,1671.2958785845203,-124.0139429418279,45.868161913567214,1783.161851602915,-341.6554898154741,-64.77520569896367,1681.8797347167083,-327.52767314975307,79.79560096169438,1760.6481184573827,-546.225437446649,-31.839857064126846,1671.6518805290525,-562.3565013764947,90.77858959022531,1760.0949403582367,-568.1000228385515,-21.78930767270749,1670.0017890802012,-594.1314571725474,79.11463822258634,1728.9847325594606,-626.9282061725047,6.6849859321641345,1657.529289703119,-634.8847197873108
-24.162202596414968,1643.9549600067069,294.06513738485984,-17.761697162633364,1649.2035038889865,317.65859654882246,-10.392247093772376,1654.4809129395308,318.90131842655734,-4.700197594245487,1659.248162707643,320.5087750890609,-41.147264080017955,1635.3966344859527,317.25517123400454,-49.39108405516691,1630.689036912074,317.3118375795451,-57.2621340329799,1625.585474973132,317.2701911680176,-7.349966792199612,1671.4231877848983,318.16574909514105,-73.72877613719346,1624.6450057333188,313.8783266939387,-18.400651499398332,1661.5174233756968,281.8260686540627,-44.17879020856506,1641.0303856668477,280.300811233975,34.06450993965943,1744.4178385435662,213.80676874475566,-145.2253409254638,1624.6010931294436,179.98698130554092,74.91654282032687,1795.2035069193707,71.49017671091131,-171.88757774827405,1629.7653136382335,15.975387062797163,119.4137527501804,1802.2811186359163,-54.06501204017426,-162.04528812803372,1604.6715796515366,-128.86358901648876,135.01636556072884,1810.7576598359512,-94.65908452400097,-168.24222748312144,1593.0289727356787,-171.01338700736926,138.01729697469426,1797.5252260721052,-96.27431559295528,-153.7098242639627,1585.6560457604737,-170.64636415806953,126.24731564739272,1788.8130071176283,-84.95454040156154,-146.4167212760989,1595.3498799889219,-155.982207052315,37.564082669051544,1743.394741174353,-117.75082271003376,-76.98822464589297,1668.9612073368726,-127.15699313128064,45.58521374423088,1778.7658442174575,-341.4394662797468,-64.41407436940789,1677.235957982455,-328.46972937759915,83.29978563722447,1752.7449233025354,-543.1332704604843,-35.68134267073944,1670.5113250866114,-565.9769787079666,94.92749306779571,1750.1315320183685,-564.4292750837832,-26.46913433850997,1669.0822420618917,-598.9703758261542,83.0496572234746,1723.6230270326419,-624.6452146968797,6.896884899987914,1655.6253444153867,-638.0788255957009
-24.566288489369587,1643.981916944029,292.5525689962163,-18.11938300247956,1648.806071579666,315.9337472504975,-11.35018834506621,1654.5024541136984,317.38118138936943,-5.513514226811276,1659.0027119546453,318.9671341172981,-41.1071378263049,1634.770811582582,315.65745483557134,-49.67167206863702,1630.1046725735966,315.91127572835103,-57.67200267691681,1625.2165746686662,316.0030374748071,-9.411989288322106,1672.6619538076266,317.4366914032382,-74.29404633565493,1623.9925133774377,312.87270202335304,-19.706273695259057,1661.8251781967365,280.4783038363053,-44.917768689112904,1641.2768556908504,279.2078561314411,31.452809003289786,1745.1037637698362,214.03385899685782,-146.87188344029312,1623.3082895746743,179.09260935554983,72.64052113765061,1793.4214423696017,71.03381024610819,-173.98923339199084,1628.0715175548278,14.165741497925607,120.22909626315476,1802.4246146433795,-53.927871144635915,-162.55751076191154,1600.2892774721283,-131.11735532808666,135.47811517046455,1811.2796617533147,-94.21458153948521,-169.33960303101767,1587.8676377394086,-174.07354980911228,138.9474997175916,1797.364085744744,-95.66341115794225,-153.3848038140076,1580.5872797959946,-174.17778961034756,127.83980018511006,1788.0812707818145,-84.67303827836375,-145.82504351930618,1590.4812161474256,-159.519791962541,37.390181115488396,1741.7944835929693,-120.286698583083,-77.76738840553097,1667.1421614218605,-129.68060054051557,44.32254674270678,1775.3994151456864,-342.0891583125084,-64.75138549238022,1674.1462907606506,-329.5571966047353,82.50691311566165,1748.4113574608623,-542.8352142468096,-41.11325804826627,1672.5975666926124,-569.4878904474136,93.7669482224799,1745.4302694559137,-564.1356168886624,-32.50019423625426,1671.4444060502394,-603.3102542117285,82.55018503290007,1719.3426251206984,-624.1767679625032,3.4137671637499634,1657.6012753635193,-641.83649645952
-24.353810654217718,1643.4032984368491,292.0703406929454,-18.034189497037076,1647.974201322913,315.3126755822405,-11.51749578828687,1653.781385442089,316.8045620671279,-5.533910642090474,1658.169274759667,318.30803178065065,-40.48845219612954,1633.8434814949342,315.06092894131785,-49.330599134857444,1629.1085870326856,315.4164842003186,-57.712303897757735,1624.7288716200567,315.7091183477912,-10.659921739689954,1672.8978445536845,317.0623638436443,-74.53901308574855,1623.649661645789,312.663009467605,-19.8791615680829,1661.1675458612294,279.93468262485464,-44.93543552086977,1641.068409165436,278.9582753986717,29.053738975874463,1745.5022204783575,214.26946209768627,-148.51371432952268,1622.0168563615975,178.5486108381761,69.95955291950634,1792.7838261502425,70.61517687740506,-175.82800967356312,1625.7941223226028,12.803723653836913,120.69032303843173,1801.2945527264114,-54.1306813494579,-163.2898959123949,1596.3057887847747,-132.25815758178447,136.37312862362694,1810.601841898084,-94.07296010956249,-170.5154351180627,1583.6943515239336,-175.2646598182766,139.84913571946322,1796.9755638410277,-95.69485547497402,-153.3739716949479,1576.4065591318467,-175.66444392216556,128.68994637117595,1787.17023664658,-85.04219610254364,-145.5187985444029,1586.02181553726,-161.05944677558296,37.03281706430607,1739.5043282299105,-120.85375631739565,-78.96065037408285,1665.3372697088346,-130.4101709683977,42.1091504120841,1772.89196205582,-342.8377110386546,-65.28875371694944,1672.2589914050156,-330.1898100388563,78.63793609950397,1745.809288144548,-543.555923449983,-45.09437586531305,1674.9690331870331,-570.967637430976,88.84234027234352,1743.858258823034,-565.1508646122179,-36.47606992502614,1673.6628519379228,-604.7171950349891,77.96430773120136,1714.6285529577337,-623.2617760533747,-0.7892723619551331,1660.6331079062563,-643.7214211031251
-24.002562978848935,1642.7922135376077,292.1443723894792,-17.799612894613574,1647.3079827352378,315.32068639527256,-11.26136560990716,1652.9875472896888,316.7582785458367,-5.230370037060085,1657.3990423058447,318.1936344985897,-39.71584357820347,1633.1513503140272,315.064429373245,-48.64854283244182,1628.1373030415687,315.41640451713005,-57.49952844376004,1624.300783331838,315.9270388158306,-11.019333127315162,1672.4284654977232,316.8795884968584,-74.35942470035916,1623.1210569229372,312.86989990153506,-19.777245948774112,1660.2529392892395,279.9472569397911,-44.64303275392407,1640.646549525979,279.2019092780726,27.387227892175858,1745.3186684689754,214.40426028372065,-149.55888557604646,1620.5178796867963,178.56004447733858,67.64728240589065,1792.216150191952,70.42389318688386,-176.85752407234907,1622.7494907314183,12.080460468590264,119.78742487311001,1797.1646453190306,-54.14525946080012,-163.6549721708851,1592.015520926399,-132.58176969738952,136.3917645585372,1806.4033091394244,-93.68461940211279,-171.10737477719667,1580.252948842353,-175.5350671334218,139.28198332929634,1792.9638906873265,-95.83636517507439,-153.48492932341748,1573.2873729338548,-176.04029289843257,127.5708799494404,1783.111031212594,-85.43409360492733,-145.39279591176938,1582.1667643992123,-161.28487985506393,36.32200625600107,1736.6085682175863,-119.97525981669084,-80.38157221069385,1663.066929444588,-129.66671668017224,39.00874461816411,1769.5221516106658,-343.186238545274,-65.60525661690554,1669.1551613227548,-329.7626305438222,73.66479525359848,1742.6281956831888,-544.9362289679176,-46.45959581652621,1673.1748737905887,-569.6650006057022,82.82819692121402,1741.6488846655714,-566.7532956508243,-37.61796316596174,1671.218920072053,-602.7470514568776,72.02731873033368,1710.0506150741935,-623.0177076483316,-3.049203065950865,1660.482855314203,-642.9147234105423
-23.882730969220958,1642.295853461233,292.3090007739527,-17.682112853903345,1646.9859532471146,315.3628428002248,-11.072422929975806,1652.5054398314542,316.75329864697454,-5.062787785900896,1656.992354409527,318.16635098247974,-39.18968660081161,1632.6822026546083,315.11753217925957,-48.04440886942138,1627.2604813647054,315.4326509883702,-57.216116225837084,1623.7487676314488,316.1003855512505,-10.914758099316408,1672.0099953791312,316.7917776104709,-73.93301516243106,1622.3521752274037,313.1846997224298,-20.0980911325119,1659.5125382502592,280.1294100886849,-44.39289565170745,1640.0996792463654,279.4537052010466,26.75161388789965,1744.6555888877483,214.38736278095405,-149.90353282564428,1618.7362977144176,179.1510301334935,66.09458983889785,1790.8646235349606,70.93347972089863,-177.44388325835502,1619.5605541195118,11.924842644476762,116.56509146441523,1790.8624154629613,-52.79971271609594,-163.68530068915572,1587.7710044907733,-132.52622071997266,133.73135287983385,1799.37220726975,-92.18850637549141,-171.22060050261229,1577.1440440167273,-175.5680736537158,135.48742135489215,1784.1088414806452,-94.96621329763263,-153.53390127498034,1570.6736511041793,-176.1352665322693,123.43084485558889,1775.226906801198,-84.52762935417847,-145.25402410762848,1578.8550027138153,-161.22672193320062,35.336729369869715,1733.605594662335,-119.0954376784791,-81.87929442811743,1660.3429560497357,-128.64096214831056,34.83766678509167,1764.3086087117135,-343.2431952472486,-65.85207694664646,1663.3114451952174,-328.34365794844814,68.48053920890112,1739.0682652168543,-548.6755468784479,-46.790750171987824,1666.2612198553145,-566.4358548125431,77.00500885421151,1738.2067231614549,-570.8732715405847,-37.97601258908389,1663.4787514711152,-598.9191769299507,66.94407027292897,1707.6596956109283,-626.6342753225109,-3.85187092190892,1656.1259330603903,-640.2840747999336
-23.722098924203923,1640.9966020783106,292.46311257726575,-17.531590037146433,1646.2156385108976,315.3391933464631,-10.968564430057437,1651.7398925845441,316.7292710203479,-4.985452314462207,1656.3608839880592,318.12831636283033,-38.67182257511952,1631.3685930251588,315.02294416932597,-47.44764282005726,1625.7275680411235,315.3517145899921,-56.80661620408066,1622.4070695451467,316.1231217646351,-10.626084275107779,1671.6145119877026,316.86345430419146,-73.55982346013793,1621.56995188223,313.6547237638149,-20.52581349152621,1658.41221201115,280.2501551955425,-43.900127853820614,1638.6829637517299,279.4627577569955,26.92815346258384,1743.635925289914,214.27358681201517,-149.86250844482657,1616.6274963733833,180.04417894401018,64.93354994192907,1789.085649242416,72.30474492418162,-178.294282679809,1616.6413882089275,12.416677316546785,111.12744460410482,1785.7238879006234,-50.41338054613328,-163.94135197638835,1584.5078969224007,-132.13576222194098,127.87456276493435,1793.935308908836,-90.23408173439555,-171.4702524992433,1574.147299361723,-174.87230625535375,128.00386138979206,1775.3594342657218,-93.52888454694586,-153.62782142963923,1568.0542330417306,-175.65287953740818,116.23447997506335,1768.0504295418546,-82.75566044396783,-145.24497071240913,1576.1332201100454,-160.98709057427484,34.36410077892567,1731.022799431454,-118.98529095531508,-83.27286552958185,1657.6550705436935,-128.18103884979274,29.710438223801944,1757.8275965299893,-343.1844246455982,-66.29930785376028,1655.6798214748796,-326.9009873699284,63.44719603788796,1735.8075116055713,-554.1907759181981,-47.7245666130803,1657.3450670725126,-563.1390503427081,71.64521501110426,1734.975834854109,-577.2290299576829,-39.158708878292586,1654.0411355657272,-595.393749075612,63.34234276741153,1705.7739042729568,-632.6240328333656,-4.808907914069719,1649.2117180687728,-637.3166723034324
-22.81172627030099,1638.1362845589638,292.6828978936347,-16.748646248452825,1644.1804496783955,315.40216363846815,-10.468097989766541,1650.0185796841174,316.8201165750466,-4.621242600915147,1654.9631785489373,318.18554301085356,-37.2590135093497,1628.294576591532,314.83265043581775,-46.07103810225097,1622.8439463141688,315.2555233889794,-55.64001658381072,1619.7838491971124,316.1496982741336,-10.356018380831108,1670.9420733335903,317.21281400838524,-73.22151436179108,1620.7466053984288,314.3969849340416,-20.38408690704972,1656.4701769321887,280.2785151137688,-42.634434598111056,1635.8188936426843,279.3137186279203,27.34327027366524,1742.1872113772154,214.09740596302413,-149.74275610313845,1614.3192039052797,180.95942827853554,63.43465426433374,1787.541575804386,73.40701581482419,-179.4604194496834,1613.5380566939114,13.81309985086876,104.52021898697343,1783.9725874703404,-50.05697063021632,-164.77311128934608,1582.1607256068885,-131.14890527643257,120.09578382512103,1792.7217356846904,-90.52730900706818,-172.11975867662022,1570.791155562528,-172.8016695828438,118.31443332263757,1772.328971383773,-94.17390230908497,-154.03890515084055,1565.123638473612,-173.9691405678352,107.15450079184349,1766.2689498379682,-83.08119603560047,-145.75032960657649,1573.826682363706,-160.0321605231655,33.545835584282266,1729.1068962469249,-119.40285574413532,-84.36805426242528,1655.43050359374,-128.34842310517757,24.53141297071059,1751.473662163567,-343.01461130383706,-66.84341852852816,1648.5387064224212,-326.34274816340303,58.86388188445805,1732.395391030081,-557.7822465110002,-48.86559082165297,1649.5827071755173,-561.2596258159939,66.85864537193432,1732.379159524736,-581.7575979083309,-40.492159128653945,1646.3097519929347,-593.4821508113531,60.83308313928009,1700.4728677321118,-635.368161145635,-5.682077892707093,1641.009964885304,-635.1019431206046
-20.977716039233684,1634.775441778539,292.8650124012682,-15.056420130151377,1641.488977669433,315.38340745656546,-9.340093349029406,1647.9214209862296,316.85097523240387,-3.8891277689814885,1653.4320778790543,318.2034341170636,-34.48294285272559,1624.3222901713655,314.4635183615934,-43.333456795294914,1619.2095467942306,315.0252629224738,-53.08402717428002,1616.437809063235,316.09551896002654,-10.374981663760883,1670.3266576440385,317.73075573632104,-72.5731313303011,1619.7077440686514,315.2400573989502,-19.73229136289925,1654.4122958095531,280.2331886256062,-40.74466382222337,1632.57414488642,279.2128717166509,27.657205806760146,1740.226949260953,213.75557622750546,-149.61173661281316,1612.0865336008374,181.94758712589297,61.31248083208154,1785.9957482802702,72.30204905282376,-180.4123470825164,1609.4305606315236,15.811343889381027,97.37444483739732,1784.7180952021704,-54.84397689391868,-165.89166191209486,1579.023313614758,-129.67579254135876,111.45182238026325,1793.3079039608358,-95.19430023488975,-172.73966544876714,1566.1852319772304,-170.0818335403874,108.35083710682851,1773.8730209069959,-98.89008873332926,-154.76134420150004,1561.2563923249136,-171.57701318961247,97.69615919867007,1768.5755599597849,-87.81986443354292,-146.8231893444615,1570.9559006528873,-158.4118870345897,32.62742941716175,1727.8861987574546,-119.74861444453725,-85.20253505682423,1653.8074991291862,-128.76290884297143,20.25476172956318,1746.8189850790611,-342.8432587599663,-67.36644510956367,1643.8986762228667,-326.40917825772215,54.25627293549941,1729.2322621642113,-557.8353489363404,-49.09971852994903,1643.9680648419835,-560.8825564607379,62.07404793459279,1730.2502886279526,-582.2848679060212,-40.77686004847329,1640.9718033899012,-592.9987261272122,58.40666367335894,1692.8740141478224,-633.4113924379974,-5.34257879951664,1632.9547687970435,-634.1268026970753
-18.783819626658357,1632.4802381642826,292.6834062968185,-12.868585218177866,1639.3041471978906,314.8593330910369,-7.838607854367117,1646.3563782047158,316.41568060183045,-2.938035588529961,1652.5245834234445,317.8337070548332,-30.99850049561731,1621.0769931819473,313.68893659575343,-39.679798562784484,1616.0038533383643,314.3763519991137,-49.37051741684821,1613.3656395138992,315.63051485393345,-10.448054260797846,1670.024600789115,318.0589178258947,-71.30877047455598,1618.4458625579014,315.80171758366464,-19.03311706214008,1653.0825556688956,280.0277096423928,-38.940027707110296,1630.5271374885394,279.1493502330177,28.13944200553919,1737.9147277970023,213.1351582578522,-149.3759494097577,1610.150992419877,183.29376940160594,59.16042416664134,1783.5135514629462,68.28052903779009,-180.94234690123247,1604.4693668193036,17.613785745187133,89.02052736077067,1786.452581874829,-63.976461714948634,-166.84369233714006,1573.4215774246602,-128.36287499864662,100.99245174107176,1793.1791680154238,-103.03017578127645,-172.8185219146474,1559.5554586057897,-168.3273519580079,98.31216135721876,1775.2197796996527,-106.32225795579997,-155.42163534673372,1555.4808875557014,-169.87729215854915,88.3181673081638,1770.4405315725583,-95.5320117346373,-147.9938580343059,1566.190286257,-157.00440847044567,31.22957429794642,1727.294957788467,-119.69564483272967,-86.08633883879963,1652.8226345272963,-129.06632361411005,17.041422113455948,1744.6579703208242,-342.73189680866716,-68.07477080233673,1642.3202612909613,-325.9991950565169,49.04371264614469,1727.9151254350793,-556.754468151262,-48.66503693742662,1640.7894509334087,-561.1908427358019,56.64319351984932,1729.1524583530088,-581.2853889838638,-40.36843898125368,1637.858200745725,-593.1290812473702,55.32163691220803,1688.3134898729975,-630.977830944663,-4.306805445669467,1627.9731790991414,-634.4790328466868
-16.459673275322057,1630.0437175484062,292.0492257160584,-10.440870599576598,1636.7518393723974,313.8091198873129,-5.9085993907343095,1644.1994320302674,315.4804983819634,-1.4102828478208005,1650.9190700503366,317.0340712971935,-27.610351564808777,1618.061368278253,312.57344243346773,-35.89069654821071,1612.82161813575,313.34798283960106,-45.22918883774233,1610.1337726230327,314.7044038434994,-9.5160765419684,1669.0137114963698,318.037816693786,-69.23880947947916,1616.797635111207,315.9462577860727,-17.98991021484654,1651.3051576147927,279.62355552689144,-37.36525491368528,1628.8477946079126,278.94443568438305,29.309591775455885,1735.5989108079134,212.31765544903797,-148.98473715941208,1608.6073457101102,185.17492824648758,57.85657146584652,1779.7879888191371,62.8164422828877,-181.42372699923547,1600.0669514075732,19.092514972283322,78.78326673828074,1789.2374939511374,-73.39078215315034,-167.70415799210951,1565.9774735851045,-127.6405280127699,87.74163946858263,1793.887955989555,-110.88802228421541,-172.5632258244904,1551.1955182140264,-168.0853017575899,87.10749457702713,1775.6905417617786,-113.50538429684755,-155.82853373515368,1547.7946641768403,-169.50535994291545,78.46014643541048,1770.878895048143,-102.81655694900581,-148.85481279182025,1559.518756588907,-156.47325819194765,29.406636192389854,1726.8520631237668,-119.48762609851339,-87.19102360464919,1652.086223530876,-129.1340896851446,14.70337703638544,1743.9787915102238,-342.52946121782884,-68.99846016742887,1642.1413442713783,-324.6661977906082,44.19958450593854,1728.262430957807,-555.9673547858703,-48.481243034373826,1640.1546770668247,-561.7255664416389,51.58339945927711,1729.2207886212525,-580.5590334944881,-40.29588558790599,1637.2036188517343,-593.693628045191,52.338437119679604,1687.5481418412387,-629.9184404993324,-3.9149028929652854,1627.4303097448,-635.7503215741657
-13.466993644167744,1624.2164204057608,291.6169990288996,-7.362314780465995,1631.4202524065884,312.97855324805744,-2.9613929627815487,1639.0459689889012,314.7128559047483,1.4262156228203509,1646.1222402799472,316.3822171962871,-24.23789483431661,1612.8895578225927,311.8159141956279,-32.07712693465413,1607.860733286349,312.65361604175087,-40.92817854571504,1605.0175438111187,313.9619472817583,-6.652564996721909,1665.8355782867125,318.0221287577025,-66.20577635470146,1614.2095817875681,316.08654734383884,-15.72311249059798,1646.7518503862862,279.394167390503,-35.339676208800384,1624.6992775732194,278.7893791501692,31.33157619768576,1733.43482259778,211.499657570211,-148.4999332158379,1607.3439787411394,187.44724163658879,57.52867794282709,1775.852701615966,58.05816153851419,-182.1057911484652,1597.1532128701147,20.994185208152004,68.31966076940252,1792.838393164489,-80.29217433783988,-168.92627967500465,1559.2813988383177,-127.17796788400697,74.30927941265634,1796.687490747943,-117.2377546470574,-172.8368029736587,1542.9508359530714,-168.41007611092152,75.67702483227254,1777.304202646275,-119.31573771215433,-156.3698183099801,1540.0962625189693,-169.75569836918248,68.77447648617303,1771.794437519572,-108.28801202813541,-149.59645335503922,1552.8932250892847,-156.54911570361173,27.706866269189074,1725.5838877773824,-119.79835910138546,-88.28527254554088,1650.5633993453994,-129.06073537336644,13.33377152258188,1742.7856153921837,-342.37546342221805,-69.77716617030633,1640.894857817939,-323.25363065314536,41.23255440467478,1728.0916395522895,-553.8183927657853,-48.497008851032376,1640.8506387061066,-562.5591205114708,48.589381979821475,1729.459954720104,-578.4637230428627,-40.52990865294288,1638.3829631472315,-594.9543971292553,50.79827197688917,1685.8179745464508,-627.2873950120077,-4.00724767835756,1628.3195472981504,-636.9486863225635
-9.793869370922799,1615.1113445417702,292.45795361363395,-3.5898886398949026,1623.5239623462724,313.33777580842406,0.9672851753547328,1631.2691422934815,314.983661525099,5.428274525073407,1638.4866093640696,316.63973409930736,-20.688231217555938,1605.406466079381,312.3922096072374,-28.239149974279236,1601.123914836873,313.2767760382088,-36.65246894345387,1598.047257623689,314.4121437364291,-2.1847798809720818,1660.7131726967878,318.422939033756,-62.47110155132952,1610.5749160299931,316.8677679498011,-12.279698931482056,1639.6711731606342,279.99279834785534,-32.59146219143172,1617.6995770911126,279.40190661670607,33.9736824626377,1731.0981816396986,210.73031205003463,-147.94775172204217,1605.9125710186572,189.64350095294589,57.49776381565066,1773.114520968019,55.01908670517105,-182.6993988966356,1594.8776508172068,23.63030206611727,61.3874729918065,1794.8591051688484,-84.87329916243525,-170.57424585183438,1555.0993527827115,-126.30280783661046,65.97803009947162,1798.2115525405156,-122.44739094941808,-174.25891806050714,1537.1577749837736,-168.29794235736566,67.92589817461942,1778.5093037415368,-124.28706297500142,-157.54537750337636,1534.4879604459616,-169.6298606171489,62.13603187084803,1772.557391733764,-112.70607615318004,-150.66310496623885,1548.1096887174122,-156.40778304530227,26.56831473896073,1722.862693313456,-121.0410156493506,-89.104333283323,1647.6084743295742,-129.02192437751663,12.85557632780046,1740.196669999576,-342.7553712937195,-70.50454212674936,1638.459888956099,-322.7377236040902,39.52842482154209,1727.0182268625463,-550.8786212622811,-48.56964608018045,1641.3618191213243,-563.4134505601111,47.08068393710727,1729.7333216321958,-575.6419881771567,-40.8505052546678,1640.0153932405365,-596.4311893255475,50.15149805524734,1681.7235119818486,-623.3414757216456,-4.1228723933730045,1627.08435702693,-637.1148208657432
-6.739022226230299,1607.9428738473237,294.82853550159825,-0.18700278754829064,1617.0750923810567,314.98713035751547,4.643023933717632,1624.9270085909136,316.3783732947307,9.241256136819707,1632.1553322842162,317.86562599372076,-17.697763015510933,1599.2445247641172,314.496212948862,-25.172636458557385,1595.577634525335,315.3861515801527,-33.333557804968116,1592.2480775586519,316.3481655176203,2.6145871909200866,1655.6572923381523,319.0215554206519,-58.97840517704614,1606.9670427900514,318.4163753045286,-9.063510113629727,1633.7397672552147,281.53403820322967,-30.078205956293314,1611.7389359902427,281.17834555457995,37.0018760396682,1728.0548671253416,209.87446397410594,-147.1858699119069,1603.7045162845018,191.212341502941,57.410608297117086,1771.7762630161042,53.459669057798074,-182.90245239072658,1591.8585375694984,26.195512647497225,60.049960230721396,1793.138034795995,-87.85841863529653,-172.11520437287018,1552.627780092048,-124.71731289927871,64.9260366300587,1795.2641362666561,-126.39659402896912,-176.52357821763667,1534.3886537944106,-167.55228690630963,66.15832166212105,1776.168985440962,-128.20497362707724,-159.25405362661144,1530.7175685620086,-168.68548298935715,60.39276887078955,1770.6529505009494,-116.26265218493202,-152.04582503233223,1544.4673639538998,-155.40872779132636,25.901722842335303,1718.7551654705542,-122.79906358067073,-89.73911923850687,1643.4958738984094,-129.0846765334965,12.611840085357803,1736.7573079648623,-343.5797208498062,-72.01260316895684,1637.0151515803743,-322.8694666313828,36.83983623869458,1726.9662771272822,-551.8047756735733,-49.93582580333286,1641.4840302213997,-563.3873218927615,44.51780736874291,1731.1089636370732,-577.2689709755698,-42.29919484148716,1641.1361067382961,-596.7530205842587,48.07554090665016,1679.3378698362706,-624.0434489369397,-5.946463719305711,1624.5674722931067,-636.259120332364
-5.33672212841421,1607.0923866412893,297.5483799369231,1.9129039693288892,1615.2014853772384,316.82375777723917,7.000220285921495,1623.116815403746,317.9203089365265,11.773757380429814,1630.5370435695495,319.19508656438717,-15.96501569033476,1597.5518630891934,316.9947118477667,-23.51792147158016,1593.6784362758992,317.8328215563543,-31.63746884614352,1590.1473473739825,318.7135739181615,6.698901223716125,1652.2854388640899,319.1953559375829,-56.419797526505846,1604.565715904225,320.0072957827418,-7.281477987906701,1631.9461619898764,283.21211404744224,-28.882087915067963,1610.5633940540424,283.4203694305092,40.31358986510401,1724.1680947757602,208.81000693657316,-146.05109550496383,1600.4047436854391,191.91644997365322,58.00753657479996,1770.6013417363256,52.588896059901046,-182.8990906540535,1587.7362804102204,27.773396488403076,61.925172287641594,1788.9901888157844,-89.24077229364943,-173.0696406030247,1549.5462480881229,-122.7017367856625,67.4402080246755,1790.6849848627478,-128.4880177111715,-178.69421966408277,1532.3381277406338,-166.39445388726924,67.41300835166176,1771.9257852523695,-130.41751700847362,-160.88659726578626,1526.5187342505856,-167.07978366354848,61.24337334356796,1766.74730308795,-118.38725768688244,-153.29266997751083,1539.737869366556,-153.6129683944587,25.393338809454296,1713.144365742491,-124.32014899094715,-90.37051956581413,1638.07722431007,-129.1500596958208,12.125634544785065,1732.686285360437,-344.0522555540563,-74.5707504858067,1636.462459753519,-322.496134538713,32.49218034482015,1727.3128388864975,-558.1090123328081,-53.480976663886004,1640.1053406729068,-561.7284845284653,39.88961765678795,1732.2716880355258,-584.9239919541582,-45.59121543929787,1639.6627174934893,-594.8358638003289,43.610720571545414,1679.0324669084973,-631.319123673086,-11.07311277129271,1622.7938045429637,-635.2280169039129
-4.627088535985324,1610.8362813658946,299.09970167019264,3.3648074925166522,1616.506588336876,317.62459760391243,8.579272117929797,1624.5756582402016,318.5588575117466,13.513367493780247,1632.6006652882097,319.7193552512114,-14.607852540484561,1599.1168231557458,318.425211220939,-22.253357581918863,1594.3523630685245,319.19852411490643,-30.36509349637292,1590.5168138576303,320.0446685703051,9.836253940725161,1650.4557735736466,318.7723048720288,-54.035051953553555,1602.979425464425,320.68631250209256,-6.501317610079918,1633.2767327065399,284.09242248127265,-28.518411876154936,1613.2513637464067,284.92955394422665,43.782882215091284,1719.918437395143,207.5306837016759,-144.6509691897745,1596.2146006924384,191.99060500126174,60.329168763737904,1768.2842075358024,51.54057784985524,-183.0230308729032,1582.7151326244855,28.413908303345668,63.061444336036146,1785.620918686408,-89.81746094890963,-173.6089464611026,1544.2237357402607,-120.77978594471145,68.86045006226902,1789.1020304617896,-129.68362667342302,-180.17095553748953,1527.7827873673457,-165.07096861825312,67.42285371681494,1769.9765485575952,-131.79535665058123,-162.12469476985223,1520.3340594894587,-165.3772011317012,61.07855471143478,1764.0271391102474,-119.69042816125511,-154.19309893489697,1532.961560517644,-151.76092613097524,24.94897426708124,1705.8185824971333,-125.58724990506065,-90.89428682669556,1630.5135744490874,-129.2004074163777,11.845858632870696,1727.167211943541,-344.13434536581525,-77.02376848942991,1632.3813125752463,-321.2806790785725,28.454429538891556,1723.1517641275555,-564.418869734952,-57.31494601922706,1633.060085914608,-558.7238498490881,35.13019618646243,1728.2720270854052,-592.2821802113542,-48.94094203087991,1631.3361615504914,-591.0604498619155,38.94991587669342,1673.7726813704285,-638.3445046747378,-16.894856562347677,1618.2958889741603,-634.4781161495031
-2.4570699805440186,1614.059753844554,299.0820016703824,5.94102716654749,1617.6476027676915,317.2088637569033,11.095840760067889,1626.2067441940032,318.1656186845067,16.075740560222215,1634.8444959920182,319.297789309901,-11.687454496100381,1600.3905118656776,318.3876358757756,-19.281289177993486,1594.7889958503824,319.1701107474062,-27.181259278714574,1590.2639885934063,319.9593407886104,12.657393564018731,1648.9624466987834,318.0969563949603,-50.06192044335194,1600.5640839283783,320.21384684822084,-5.065415201628223,1634.4842668176138,283.9760546404606,-26.879390179203465,1615.6654333929937,285.18679661488966,47.28730938944346,1715.9568907258588,206.08966801915903,-143.283641566659,1591.5732475787865,191.90676980846933,64.38457839738176,1764.7111655303606,49.891679479082896,-183.2253946761071,1576.7187930865368,28.909048421161398,63.456043804320046,1783.3065968588628,-91.52013128893027,-174.3637779038687,1537.028187847237,-119.27427263627165,69.78878894949735,1788.8287976112451,-132.05737528409566,-181.25807209733384,1519.954216162581,-163.8245022121444,66.9492983120901,1769.386214490737,-134.1242687515304,-163.3291917741022,1512.606161631696,-164.11376349942117,60.32758146072187,1762.5098223159127,-121.82658264339382,-155.08736964230766,1525.084040084029,-150.51808543813996,24.66114997245417,1697.9553176836685,-127.32100510243691,-91.19578118738194,1621.5060696615928,-129.51511108768793,12.497177176003095,1719.7642113444476,-345.164971481044,-78.10167262890496,1621.399841574365,-320.561815745494,27.17529168793028,1711.1463729747866,-565.8390973667738,-58.53499642857083,1617.4831608514278,-555.8365990253616,33.07377300404052,1715.7861944344397,-593.4948280868783,-49.83711057332204,1614.2216043841775,-587.328579817966,37.47179867695946,1659.0383203894457,-639.2943641677485,-18.637856883811565,1604.937829924207,-633.6975086070987
2.2892792759911984,1614.0329093324424,298.3780680279281,10.851205236854984,1617.3575926596177,316.44536672913256,15.863297420719142,1626.7047074183895,317.49137295360845,20.766749621936878,1635.1538570322339,318.519540164418,-6.182562530685369,1599.589253669394,317.73348817992945,-13.530497317659117,1593.6858464590189,318.6378024572967,-21.025725257609775,1588.1481881175353,319.40126820442276,16.490017521411446,1646.6309976674318,317.4505279278425,-43.571402623268085,1596.410887353175,319.36667885509655,-1.5739485821054195,1633.5675454795723,283.3941504267572,-22.0834146151485,1614.9983256848293,284.69334067457044,50.92265967474486,1712.4349639364336,204.5354965026902,-141.8837794529032,1586.6102285404447,192.10989859319488,69.12025441580003,1760.6397853138192,47.790845984453576,-183.18012034387797,1569.8479471826595,29.98841378114238,67.42355528840446,1778.4652072880444,-95.453328496346,-175.73029882645545,1529.8056254094192,-118.1286916714001,74.71639551975052,1783.626790907254,-136.41713293511566,-182.602965778312,1511.1160351464775,-162.79564693430072,70.78523320982723,1764.4676558699432,-138.05754460223977,-164.9707372549644,1504.7168068135734,-163.31957207847057,63.23703667946531,1758.1079862657277,-125.63905689815189,-156.38813813768147,1517.4650919555834,-149.7966732359586,24.542256613861746,1691.6445020011586,-129.67331200844566,-91.56053337294058,1613.6729029639262,-130.30607058264644,13.91282168796019,1711.3674866587514,-347.864661132889,-78.07226795376255,1606.7758330783302,-321.71164643199864,29.200138860423124,1694.67286166759,-563.8247451044674,-57.094687995272665,1597.2640870803036,-554.3869791160963,34.94360418301512,1697.9953829538297,-589.9747855044599,-48.57355574430691,1593.1051630341929,-585.3443666612611,40.186741148070894,1640.6798669756572,-636.81608208162,-15.78776163180532,1583.6283611504614,-632.5421354073144
8.74588109094423,1611.6879666841983,298.5057453178079,17.697796040803066,1616.4301018513522,316.71111566729405,22.676021148401663,1626.3507753182312,317.7276208993459,27.50265096535329,1633.6330951452876,318.4737516809464,1.0290875829213066,1597.3464541717924,317.9129602925505,-6.006021230111795,1591.523852833795,318.9564533202857,-13.172956319627449,1585.1309834435551,319.78551222493303,22.374476282302535,1642.8952342749265,317.18760187377836,-35.51892981734424,1591.3066279764398,319.4442327367859,4.050551148681985,1630.7586791033975,283.3542430529592,-14.462516945579546,1611.616129250524,284.6220844141867,55.02138945343029,1708.771063233246,202.84406956489107,-139.83245012124547,1580.916761832932,192.93957553063927,73.6140647408132,1756.3283253751458,45.13117721207367,-182.74936151732382,1562.7766194779513,31.95571436013846,77.48039606937553,1768.4346733803513,-100.83341886462799,-177.45984518472105,1523.8430452005352,-117.06154148786621,84.94688097912616,1772.1338802071737,-142.0098633896678,-184.2425663532973,1503.475716004011,-161.92152723077365,80.68596811997165,1753.144997925396,-143.0918802609446,-166.92668531991058,1497.7260922711312,-162.65484040099238,72.07007764106059,1748.2637772434564,-130.68895282726285,-158.04815712240693,1510.8897916505948,-149.0890312117546,24.505013433629237,1687.114328638713,-131.59681884008623,-92.36995972402832,1608.135711946714,-131.1878939199251,15.15911441106215,1703.127173331565,-350.63688320699526,-78.20556427259336,1595.0537141369332,-323.849916010504,32.72336519842284,1680.2668815216186,-562.011121660957,-55.80755255582088,1579.7512135963723,-553.7167376980874,39.3403233346679,1681.605988881532,-585.9992201713774,-47.84712958890551,1575.3170929975836,-584.3977674314873,44.29852434520211,1627.6750458790045,-636.2414694864625,-12.953800891641459,1562.5983097997484,-630.7149885543646
15.254209546656403,1608.9472143560117,300.72782148552716,24.954701537236417,1615.5487622029968,319.1380979258775,30.04973369237056,1625.279748857331,319.9062661230436,34.89467569449197,1631.2469110423538,320.2766939086092,8.211228002059972,1594.751275980091,320.102096312011,1.3785494584510218,1588.948075631573,321.13191993893895,-5.719822446483299,1582.2079182976101,322.01253048430726,29.766731162698473,1638.198039821065,318.0777153613125,-27.74035315911562,1586.6136389972432,321.31316287701986,10.640958853717873,1627.444041866015,284.9466108876585,-6.358045551693767,1607.433865371495,286.1460128272148,59.81501757004109,1704.2297720315796,200.9359310736756,-136.68542637515043,1574.0877014833732,194.61931108798225,77.72978240288084,1751.101944459745,41.276561960166944,-182.1204356117059,1555.9596380388562,34.59752998664046,90.17368026345203,1755.1557481722505,-105.94925720271742,-178.92290036012253,1518.3952944778089,-115.86263529886534,96.08026236517853,1760.0265347436223,-147.85752612264832,-185.65410729180536,1496.8428043147,-161.03853021995178,92.49824239560252,1740.1544633487717,-148.508353742409,-168.62326702253185,1491.8862427797417,-161.91829121907307,83.76407373015195,1735.6430176143074,-135.90683112865574,-159.61994580095222,1505.3845949116337,-148.22625772686015,24.50762576813654,1682.307778800369,-132.0772963463913,-93.562291740726,1602.8329838258694,-131.47743763682922,15.834327565857006,1694.9847533801167,-351.34663313271983,-78.87317488088728,1588.061546385595,-324.5237911362981,35.37723798233418,1670.1559703608486,-561.5866792057705,-56.45764023732412,1567.6142269774514,-551.8630973907651,43.45281306274733,1669.774738040056,-583.7646844551134,-48.874477144355346,1562.992750483504,-582.1485688971509,46.09416418212284,1620.3996761517774,-638.788509521989,-13.49668595421976,1546.981220472197,-627.8307125199183
21.317865804743853,1606.4984124821483,304.74321223323625,31.620616668920185,1614.495731213089,323.33991912054364,36.77722261332267,1623.3440887546349,323.72707212710515,41.65527652564778,1628.7826043586788,323.8074410760947,14.768178312205949,1592.029659585176,324.0089336521336,8.002547661693933,1585.9333564309632,324.8301621991045,0.829911772583708,1579.189403845719,325.61237742504517,36.88314641869746,1633.7650436920887,320.44216959949154,-20.974057065010417,1582.6415094337378,324.5392479010913,16.996487250224316,1624.746066447781,288.21778511081084,0.5295405076072002,1603.5993132815327,289.2719415717121,64.9955430375307,1698.8843897092356,198.95661921573435,-132.80541521790337,1566.481093315428,197.25430023934726,81.50644126762775,1744.7417477388706,36.47585150113396,-181.55905397568355,1548.9710872845587,37.2014708669994,99.99518383282664,1742.6269252008133,-109.3483592477524,-179.7352985576714,1511.786043097548,-114.5455400866026,103.63353927248428,1751.6219146528247,-152.81684940395735,-186.69593507068288,1490.0938641292003,-160.00424471446613,101.4432558091286,1730.3728516137626,-153.0515788293456,-169.7243371634315,1486.56420699838,-161.12082141862723,93.55380513084532,1724.583926135294,-139.80571475822467,-160.67208684480627,1500.056799323937,-147.3979268264715,24.5181640757123,1675.9892628102232,-131.4186332895023,-94.79706572525465,1595.8591252320068,-131.00661712019513,16.610211060248975,1685.6610092572064,-350.0431112364872,-79.06597683977053,1581.7002464701081,-322.95395795520596,36.82909317657844,1660.637838626425,-562.1332044004807,-57.5734909675033,1557.7314067446805,-548.8489244706179,46.08691220286926,1659.824148583482,-583.8026714492001,-49.75286618410513,1552.8485111701555,-578.547765951723,45.68448562546655,1610.4546175310982,-642.0837151410125,-15.241422305038,1534.178978236124,-624.6042599659777
27.877688457893655,1603.71990031853,308.44536221740015,38.16032302495953,1612.5963408567331,327.1616962387675,43.09983971302231,1620.5558346214116,327.2494861253956,47.856141154481016,1626.3634310298673,327.23644548768016,21.746861836431773,1588.6489404835058,327.6507503053402,15.052951868731338,1582.0468793310451,328.2299792842451,7.892063807506131,1575.2724473428657,328.83130761522216,42.697863886332314,1630.3859873378476,323.2390056118131,-14.355666353890818,1578.46432934813,327.5930541477485,22.974254181319985,1622.5542237406735,291.5994493926275,6.86195042217574,1599.7531265701189,292.41137506970944,69.80989891320237,1693.7260062353284,197.41492170696435,-128.85240816804225,1558.9997410324813,200.76731354443248,84.52008969846682,1738.6620534487429,32.622485522808994,-181.15390055251044,1541.1305568697076,39.14784810346575,105.52124621045581,1732.4231764966835,-110.4178494804019,-180.11103822994093,1503.838504411042,-113.15808585806958,108.26696109975363,1744.3509403199732,-155.22147208959117,-187.88806340875485,1483.4226130792392,-158.6688720988789,107.69282155951726,1722.6962998864133,-154.8687067279068,-170.3953429299876,1480.7225522878375,-160.16114377851844,100.37263831614632,1715.7693385743287,-140.96513882436753,-161.09980070543327,1493.63410087755,-146.56660614657895,24.397592888928475,1669.433360430828,-130.6564371528495,-95.95634695789653,1588.3794033809545,-130.18549868676718,18.184103551089773,1674.4881441295681,-348.60928859504463,-78.04336869862992,1572.6261358565532,-321.30670487245237,38.81018373133277,1647.723986279904,-562.1902712377191,-56.82312939719885,1547.3724651765992,-547.7226019658244,48.76698091844021,1647.7639865571882,-584.4630853148291,-48.32541064658139,1542.337506616564,-577.1331413020331,46.8709549390677,1591.2864560897399,-642.271727853115,-14.244407574772614,1520.7252054019893,-623.5892476005515
35.36564311688763,1600.0011033657954,310.0974341087453,45.26734241555376,1609.3834213980347,328.8443444057669,49.77016552404902,1617.0075908089902,328.8457833455349,54.244056314027446,1623.503972316944,328.9057439721329,29.90208615642974,1584.2252055760755,329.3161077574019,23.41014069712101,1577.1617845593373,329.7749804854688,16.41751556502728,1570.213783793522,330.29204510984147,47.84787366874931,1627.6441300709766,325.0798978562773,-7.071772559198365,1573.286574258783,329.334277304683,29.032023828181085,1619.8857544718712,293.4800375160973,13.922264096276436,1595.1548111257819,294.0097325166231,73.86037293608628,1689.5319885217887,196.6895547590707,-124.99417589638222,1552.0779054921065,204.79400932253856,86.32102534852235,1734.5999801069374,31.323808407067393,-180.78791113633534,1532.516835430626,40.700751329688686,109.27416614638513,1723.3994648142768,-109.62827437371206,-180.5949797157171,1496.1472138246704,-111.51588638781891,113.29908694277533,1733.9753496916346,-154.20016907651095,-189.58877435993577,1477.5462602217835,-156.87111263796754,114.48532213428494,1713.0682891355566,-153.18557453867683,-170.9902429392859,1473.7368159903076,-158.76970340400337,106.68087856372404,1706.6399304912245,-139.26062679996917,-161.21536923440317,1485.691818852424,-145.33617456760803,24.031088760353214,1664.2922578953314,-130.22589750153313,-97.12035196929483,1582.4533749517498,-129.35235809991627,20.098844563677602,1663.4464621927866,-348.4733101096165,-76.95848599434866,1562.9294851592965,-322.0889049873875,41.82459127017094,1632.7209016223483,-559.2181872746733,-54.802835917729396,1537.6329241449073,-550.8396896025805,52.49895385123463,1633.6616588123786,-581.6910022315783,-45.60110550941195,1532.3342345605038,-580.5469766670498,51.076819563431194,1566.7375454817434,-636.5442702264007,-10.967415762779801,1508.209928186941,-627.004902691015
42.607962929500566,1595.693836602846,310.2812616711642,52.294912152817716,1605.2335550541384,329.02058821228223,56.40329179264926,1613.0100884645194,329.08198866858555,60.618863515848744,1619.9935212996297,329.265164018604,38.16006698364746,1579.2547555784354,329.4119187023506,32.00024393761563,1571.9011829509957,329.82160291921565,25.258795536062024,1564.7403134698397,330.37746625093934,53.10316812818968,1624.840178683168,325.9654848484349,0.27149257739811006,1567.5244282026529,330.1384544113956,35.08483441835298,1616.2650458221565,294.0446676056947,21.355165050514717,1589.9070030477394,294.30971163614095,77.52452394707788,1686.0349152391184,196.5736947551146,-121.0796458003543,1545.4917928377001,208.87363899986283,87.19972620457574,1732.4195712015846,31.93186164097068,-180.31878414735328,1524.0220107233736,42.80339114149504,113.12507113882639,1714.393381309372,-108.17815644113749,-181.45785608281057,1489.4952287433298,-109.38626410601955,119.3664758633589,1721.1304661512554,-151.10900679452158,-191.45207853579564,1471.4814293573584,-154.6144235980189,122.48791368070806,1700.8588815957717,-149.57104276330705,-171.776453197566,1465.5514775944932,-156.8631567992392,113.75960232572807,1695.9888358212347,-136.28555316591346,-161.5864430107142,1476.8321706723789,-143.5358858795872,23.527176023760266,1660.4745319330862,-129.89183423342328,-98.28654645295252,1577.8519500680452,-128.53844264631164,21.10229264450362,1656.0123811584936,-349.6042898378643,-78.0672083452852,1556.5603429054977,-325.12080990667687,43.57938736767099,1620.8373454274918,-553.011063163812,-54.78373605898486,1530.0617410396753,-556.2515421363563,55.146186239735485,1621.4182109763776,-574.2721781903047,-44.90453988633898,1523.8168431025204,-586.293965228858,54.83440222716808,1547.7100017357775,-627.5463017715916,-9.756220540983424,1499.3455907386185,-633.7010079590957
48.502495579569775,1591.5176026812408,310.6162024601515,57.951554246103065,1601.2054396604474,329.49036701392777,61.79093810064175,1609.2603085487642,329.6311309721675,65.85066449075705,1616.4697047464147,329.90185148164767,44.94491120099852,1574.6927184985002,329.46065713315534,39.1631192420636,1567.1498273135458,329.7559886039701,32.70048724913527,1559.7890439291307,330.3461815331133,57.85221590892825,1622.175722801878,327.0421873953367,6.485399361571833,1562.2824948035739,331.1801765468622,40.54512107638367,1612.225067305087,294.601997973283,27.90058244549077,1584.7450048853377,294.61800223642115,81.26354856227097,1682.5628100170416,196.67297921168128,-117.25704938172635,1539.1804545508016,212.84330624337514,88.05668377540434,1730.306883642816,32.636759729535406,-179.76619873051396,1516.572824647499,45.98256531453872,116.57135451725868,1705.4518867447396,-107.08386595700698,-182.4434402423161,1482.3102118053425,-106.9100234207762,124.27498886157737,1709.5339414271982,-148.53553970457517,-192.9902298129185,1463.0176283969984,-152.160310602142,128.94848646133977,1689.090488092547,-146.69326633752726,-172.8958632675127,1456.2640297715047,-154.7262904358622,119.71841133336315,1685.545881326836,-134.10086389410623,-162.56988108492814,1467.604724098862,-141.5602568197325,23.087219882479772,1656.9066314246709,-129.55585411373397,-99.41243057652885,1572.9113470445348,-127.79650205891964,20.81911439327221,1652.7761079875352,-350.95474928321494,-82.00518631074063,1553.1766819052282,-327.8604130751897,42.25267307726569,1614.6192788910384,-547.8569576327798,-58.12222901206348,1522.821729313002,-559.5511652726344,54.28338400061645,1613.5609700465598,-567.5210484152533,-47.45670696213549,1515.0461363085751,-589.3510543457944,55.610521910324074,1540.1784695933238,-622.8049634391087,-12.171859110867477,1491.4864732552223,-639.6055048175518
53.47315679366952,1587.6689295749466,311.4385100175175,62.05264509555124,1597.9872159250012,330.7131449263618,65.5902236701246,1606.2775449352418,330.91758567321733,69.45871853930562,1613.655947552772,331.2271030206767,50.07329158153042,1571.0027936556985,330.0027463328522,44.59666014629556,1563.295857578922,330.1327324013624,38.40341273197018,1555.748171575682,330.6930916964883,61.116632801028686,1620.2189091408638,328.75253816235323,11.252212469281648,1558.184239387604,332.91481549339693,45.15666447391719,1608.4942153546017,295.6475776587654,33.19161376423213,1580.2377152372133,295.4367643322761,84.98944616564405,1678.9400581776317,196.95595960847618,-113.9314519325291,1533.4756084815986,216.76481086057206,89.64254757826897,1726.8856180089492,32.73496488366125,-179.30989138384112,1510.6027203886501,49.83548786323013,118.87699691271516,1696.9382948317993,-106.60946830631488,-183.17362545796774,1472.9788871950316,-104.48594676655888,126.80705620203936,1700.4048768581292,-147.88116410732457,-194.17961117363515,1451.6571775985556,-149.75917920764195,131.8260753602374,1679.6194345049867,-145.91988440776367,-174.20817147497158,1446.2046140446103,-152.64635836550482,122.4788009856861,1676.9265643334877,-133.59406205053978,-163.84774311695568,1458.140614535059,-139.81851582125225,22.799465319890203,1653.0223846871104,-129.40273179551423,-100.453436378992,1567.1289104276334,-127.29305855271484,20.7938033934754,1649.8397767739023,-351.20842668500273,-86.51755366778363,1548.8315723138057,-328.3840449810418,39.44146731666995,1611.155622623707,-548.1468227837242,-61.90389198084402,1512.943504541296,-558.7019305095853,51.00201153888427,1608.3432487937048,-567.6666373086525,-50.51639965244416,1503.9248328600029,-587.941040513172,55.62925943683534,1539.550595925223,-626.8639078537897,-14.564651372749811,1479.6439157489865,-641.631141165463
58.20879342583419,1584.1476968629904,312.19393794212175,65.49234982522958,1595.402870032255,331.8889143544419,68.67629016853806,1603.8669463523322,332.13853135924774,72.2824320308196,1611.4304112286009,332.4304703367233,54.24094167989767,1568.1208032402533,330.73314567243534,48.86691442472792,1560.336195839797,330.80072444736595,42.820587274067826,1552.7001889396738,331.3540782781698,63.530838305569766,1618.5637087989903,330.27405041517227,15.026961515883421,1555.1114786299356,334.9358226007125,49.098528483115906,1605.3345537647822,296.79869069294625,37.54586618565909,1576.6313839872194,296.48781199546806,88.49810347274106,1675.2921039211976,197.546782614528,-111.24589637786723,1528.4592434472952,220.4978457827054,92.13271426065873,1722.2226985748239,32.734606516405975,-179.13884189456115,1506.0132952345855,53.640049805451646,120.55044531662074,1688.6900699686512,-106.47762728509403,-183.60444605883276,1462.547422581039,-102.2611995661796,128.0636486538345,1691.7493296007553,-148.49246676899034,-195.1449079843383,1439.5992456003255,-147.36767872074498,132.1559609957146,1671.0054809036242,-146.46933611416196,-175.13865198011416,1436.245192484408,-150.5494175651299,122.62094064607508,1669.1704408262701,-134.077174684129,-164.57576689050947,1448.8524043991179,-138.15888124404387,22.785905239819385,1648.7657291028977,-129.4348129282582,-101.16560241030837,1561.254870998215,-127.03281482038722,23.29398679591028,1643.3139085134092,-349.7474164938287,-88.47038876278681,1542.223469360318,-327.24013284546675,38.154334359436206,1606.383368116677,-553.0669738323976,-62.676577748295244,1501.4080525667548,-555.4051285237477,48.69588036038128,1602.5383373749528,-574.1429340666675,-50.926611086456894,1491.7225275911487,-584.3639736512862,56.97124091340381,1538.3888251495216,-636.2988283703799,-13.892616775961539,1465.7126733577466,-640.2368601947262
62.25417278902141,1581.2783998472655,313.32341667232646,68.82172216551062,1593.066307273182,333.0316652180691,71.86008932200131,1601.551328014097,333.2546399966907,75.36060468204421,1609.179395658563,333.44306966408027,57.54371910952777,1566.0310906906423,332.07816442348377,52.00368729963384,1558.3455617243199,332.2773528323097,45.85424367614268,1550.8217055912148,332.94605210645926,66.87716439510599,1616.1111725006392,331.08677272355595,17.996032366214408,1552.7714303440953,337.19180209726494,52.53487123318332,1602.6344523852943,298.20834466761397,40.94244308420592,1573.9338545352641,298.0392742676066,91.94617524681411,1671.534009572688,198.3427036734457,-108.94158364520993,1523.8276689988318,223.80669522229545,95.15012332727945,1717.1037884069392,32.964272996283555,-179.3167515783498,1502.047926577038,57.15034486930751,122.35137362511469,1680.462438797179,-106.36563406057923,-183.86252385803954,1453.2850037983897,-100.04810134018119,129.34223109347857,1682.0448636246736,-149.02170893009622,-195.68686687629057,1429.0810371284292,-144.82946549578142,132.09654576269634,1661.3880905786966,-146.81023339740406,-175.09526296147786,1427.2239364921913,-148.24946037790568,122.26926648526772,1660.5109769058572,-134.36830562902432,-164.20685841510922,1440.4227440831062,-136.2088677624099,23.310784327081304,1644.135554756113,-129.46445389990384,-101.23176898279188,1555.7747411591931,-126.81593761972401,28.79123455429646,1633.7747728718841,-347.3079101396539,-86.60961158518849,1536.0420554863829,-326.2491460807781,39.53616187885771,1599.30585283813,-557.8863127762895,-60.43828723261739,1492.1913023298714,-552.3658661744269,49.405316963931476,1594.7392356615123,-580.6518175548596,-48.547685547451145,1481.555530394099,-581.3147086576163,58.042325719861225,1534.8016829123449,-644.255470313731,-11.575843672976944,1457.2598432400478,-638.2184981795899
64.92443334969266,1579.2186483877044,316.00223099988307,71.7787826673674,1590.9855441224008,335.3674181877042,75.02566806351568,1599.2823921224388,335.4811435593238,78.7149317428869,1606.7867792654538,335.51592014139976,59.66101358425847,1564.7425586912575,335.1025421530464,53.759138961797426,1557.290575602916,335.57345902098535,47.273511512760614,1550.0376270706922,336.4837413121457,71.52509320740776,1612.771143735597,332.18901003792854,19.853599188967813,1551.0312146906617,340.44547335754845,55.54987396973672,1600.1527635127911,300.6473512554302,43.27059192223504,1571.7874632576302,300.8044580477408,95.42572845807075,1667.6282262667696,199.20863858742266,-106.71342160379527,1519.4876041916864,226.89608037394692,97.98228127658096,1712.1972545290898,33.189969434673564,-179.73861625460808,1497.294572574376,60.74808297518496,124.11551872938347,1672.883902952157,-106.1469519096012,-183.8477485452596,1445.3686324064483,-97.60828591681764,130.57500372373792,1672.2619771666411,-148.98101241367155,-195.58004819081503,1419.8355513004703,-142.2027273857086,132.42794449516742,1651.5769917905138,-146.45861965976664,-174.15303243276747,1419.0819658699183,-145.84869471094572,122.41478555620918,1651.4990507059324,-134.08747522714782,-163.0837676279337,1432.9588840748522,-133.96271192736,24.42105141165987,1639.3608102570092,-129.54256599407688,-100.73027205998,1550.5665636505544,-126.52404130590718,35.10548563087709,1624.5500131930626,-345.27013002696134,-81.97476815019891,1531.5872311667526,-326.2524157465205,42.711867943153514,1591.0918346066946,-559.790842617055,-56.997998702896844,1485.893913653233,-551.1396603501663,52.633025053659274,1585.3174832666652,-583.1159029826658,-44.6662207902493,1473.328004885815,-580.0386637790954,57.96916074524316,1530.561011941676,-648.1537527021817,-8.793500132879927,1455.0584090770003,-638.449672509515
66.54314601153764,1577.5268360913922,320.39442651612995,74.04387962311617,1589.3435540263458,339.65657269244474,77.64702782817609,1597.3692846289805,339.67682624852125,81.62406099730019,1604.7090793408609,339.6271602555066,60.83190779045121,1563.9517367646886,340.02862449802564,54.529396490654996,1556.7275931914337,340.8136430113593,47.629727255689176,1549.756337785758,342.035893147705,75.87065340762327,1609.757225312219,335.02784012246616,20.45864959541799,1549.774397003064,345.28606479610335,58.31488975530314,1597.6583016590987,304.294178257493,44.9294929562058,1569.6339182086472,304.76187852822153,98.6083954984706,1663.9057634863584,200.23411608817213,-104.48355883185322,1515.6985732277667,230.33176632628994,100.04751977515811,1707.8096200902276,33.2419293150918,-180.21042739905334,1490.5673415180438,64.9506757935368,125.16972357258692,1667.1320948559328,-105.83768634836159,-183.3367783371617,1436.9487038335658,-94.79860089512532,131.106303992805,1664.1642123978502,-148.77762118545724,-195.01605910833194,1410.051617634241,-139.68170641550697,132.60476160237442,1644.0008028798384,-146.07835201920977,-172.97669018129292,1411.1232804397137,-143.60394039329034,122.48804971296218,1644.5411187883835,-133.72415821357595,-162.01058337870697,1425.9266208333265,-131.67380943311232,25.742399077785084,1634.912619353631,-129.95182851768195,-100.1272631491976,1545.507746643965,-126.22958996989968,39.5716896722504,1617.4182683951842,-344.2954248423927,-76.29622700897093,1526.5391147088853,-326.6743440467965,46.422721518542275,1582.7290115433611,-560.2460077302837,-52.741213177697254,1478.5771225417318,-552.1744674205914,56.681616761966005,1575.2071780311521,-583.3278388233355,-39.32743448389958,1463.513813715263,-581.0671228602484,59.36542810326623,1526.1950863513275,-650.9352131625596,-2.959348525079973,1450.4364071077987,-642.5693919232529
67.86286698635807,1575.7587810517512,325.61852608445633,75.7855373986022,1588.064495965368,345.29317005880705,79.67826845050497,1595.8634816396643,345.2993305394952,83.84703796145789,1603.1218823657223,345.28053331542657,61.65939350344287,1563.2771585537378,346.0102792884505,55.00172746722939,1556.2109122421248,347.10624877834357,47.71743649060243,1549.460428907322,348.66493835467713,78.96034400302995,1607.7153569269071,339.58795928647163,20.240370346366035,1548.7848431806024,351.29639215969405,61.00847674615491,1595.0695214168409,308.56350975332356,46.43962126399705,1567.2360711011609,309.2314346413662,101.32610651627444,1660.565309173324,201.47953857152152,-102.28684770235625,1512.4698383074046,234.2831699442638,101.40431127556157,1703.8487529439296,33.210006085472905,-180.62670525914598,1482.1274164414917,69.76579639408816,125.44824879352,1663.2024473012475,-105.4821429168523,-182.39585366886405,1427.1839153893202,-91.67649042461714,130.91978508125018,1657.8613131856368,-148.74545430157994,-194.3393717066864,1399.0745146397278,-137.3112103916857,132.29193307554624,1639.0863458794054,-146.12434040331655,-171.98854196538923,1402.9744286415196,-141.56200971379596,122.02792220734591,1640.2234694541885,-133.63678882700657,-161.31970784870427,1418.9111598886866,-129.4573880544446,26.956864189045234,1630.930846358243,-130.7290796832478,-99.69821886562835,1540.5946738384805,-125.99827740670645,41.83952248155251,1611.745212352781,-344.0374059596098,-70.54549522673254,1519.4086501744353,-326.9039561435534,50.05667246308413,1574.5042622390815,-561.262721439766,-47.43631058265092,1468.168710540177,-554.887909156703,60.501112336210284,1565.0990304204163,-584.0751968503149,-32.45228141888613,1450.6642751426575,-583.9944244878262,63.681618904919425,1521.3231539153044,-655.1887897302423,7.120120095875225,1438.8350818503889,-649.844424116371
